# File exported by Houdini 20.5.654 (www.sidefx.com)
# 7206 points
# 29400 vertices
# 7350 primitives
# Bounds: [1.39608741, 0.417952359, 0.187505573] to [1.73720503, 0.758642316, 0.833507538]
g 
v 1.56919241 0.588587165 0.534290016
v 1.56919241 0.588587165 0.188429862
v 1.58046627 0.588587165 0.536973596
v 1.58037901 0.587174416 0.536999583
v 1.58011794 0.585782111 0.537071228
v 1.57967973 0.584435165 0.537058711
v 1.57907224 0.583156168 0.536982715
v 1.57830787 0.581965029 0.536874652
v 1.57739949 0.580880284 0.536735296
v 1.57636189 0.57992065 0.536569834
v 1.57521296 0.579100072 0.536388516
v 1.57397151 0.578430712 0.536206067
v 1.57265639 0.57792598 0.53597641
v 1.5712893 0.577594042 0.535691142
v 1.56989384 0.577438116 0.535375357
v 1.56849217 0.577458441 0.535056591
v 1.5671072 0.577657342 0.53468585
v 1.5657618 0.578029692 0.53427881
v 1.56447697 0.57856667 0.533868849
v 1.56327224 0.57925874 0.533461511
v 1.56216574 0.580093503 0.533073723
v 1.56117368 0.581057191 0.532709479
v 1.56031227 0.582135618 0.532342792
v 1.55959153 0.583308637 0.532025218
v 1.55901933 0.584559202 0.531794608
v 1.55860591 0.585869193 0.531616211
v 1.55836058 0.587219179 0.531428874
v 1.55828643 0.588587165 0.531243443
v 1.55838013 0.589952767 0.531122267
v 1.55864024 0.591296315 0.531063676
v 1.55906463 0.592596829 0.531033933
v 1.55964589 0.593834937 0.531056106
v 1.56037307 0.594994187 0.531169593
v 1.56123686 0.596057773 0.531359434
v 1.56222749 0.597006083 0.531564057
v 1.56333232 0.597820938 0.531714797
v 1.56453013 0.598495066 0.531928539
v 1.56580353 0.599016428 0.532176852
v 1.56713462 0.599374831 0.53243196
v 1.56850171 0.599566221 0.532722771
v 1.5698843 0.599587083 0.533047855
v 1.57126284 0.599440634 0.533473432
v 1.57261682 0.599126279 0.533976018
v 1.57392287 0.598639727 0.534421861
v 1.57515788 0.597987294 0.534787416
v 1.5763061 0.597186208 0.535203338
v 1.57735205 0.59624958 0.53572166
v 1.57827282 0.595184207 0.53619957
v 1.5790422 0.594002485 0.536447167
v 1.57965302 0.592729032 0.536612093
v 1.58010221 0.591388106 0.536815107
v 1.58037519 0.589999437 0.536940098
v 1.59180236 0.588587165 0.536732435
v 1.59161997 0.585753798 0.5367015
v 1.5911262 0.58295548 0.537008286
v 1.59034419 0.580212653 0.537813365
v 1.58917522 0.577601552 0.538233101
v 1.5876472 0.57517904 0.538296103
v 1.58584833 0.572946131 0.538585484
v 1.58374357 0.570997775 0.538425922
v 1.58139586 0.569357514 0.538012803
v 1.57887077 0.568019271 0.5376724
v 1.57620215 0.567013383 0.537307024
v 1.57343602 0.566340744 0.53702569
v 1.57061243 0.566016138 0.53677696
v 1.56777644 0.566079557 0.536284208
v 1.56498456 0.566528797 0.535540938
v 1.56227469 0.567296863 0.534995198
v 1.55969667 0.568407834 0.534342587
v 1.55730867 0.56986171 0.533382714
v 1.55512786 0.571585953 0.532504499
v 1.55319452 0.573564112 0.531583369
v 1.5515337 0.575757444 0.530662894
v 1.55015373 0.57812053 0.529876769
v 1.54906893 0.580619693 0.529236138
v 1.54829264 0.583221197 0.528725743
v 1.54784083 0.585889816 0.528289258
v 1.54772139 0.588587165 0.527898133
v 1.54792356 0.591274083 0.527641237
v 1.54844832 0.593913317 0.527480483
v 1.54929352 0.596465707 0.5273633
v 1.55044961 0.598891139 0.52725929
v 1.55188656 0.601160526 0.527280569
v 1.55358219 0.603246033 0.527457535
v 1.55551624 0.605118811 0.527778268
v 1.55766344 0.606753767 0.528248668
v 1.55999589 0.608131051 0.528895974
v 1.56248093 0.609242916 0.529819906
v 1.56510353 0.610020995 0.530609369
v 1.56781816 0.610430777 0.531124413
v 1.57056856 0.610458374 0.531339109
v 1.57330251 0.610133469 0.531496704
v 1.57599425 0.60952127 0.53208977
v 1.57861853 0.608618438 0.53307426
v 1.58113909 0.607412398 0.534299135
v 1.58350134 0.605883837 0.535477519
v 1.58563209 0.604025066 0.53628397
v 1.58747482 0.601869941 0.536642432
v 1.58901453 0.599484682 0.536812246
v 1.59019756 0.596903801 0.536591887
v 1.59108639 0.594208419 0.53668803
v 1.59163857 0.591422737 0.536845922
v 1.60277271 0.588587165 0.533802569
v 1.6024344 0.5843876 0.53342241
v 1.60167432 0.580247164 0.533572853
v 1.60046697 0.576204598 0.534092546
v 1.59882069 0.572298884 0.534983635
v 1.59668517 0.568612337 0.535870254
v 1.59406352 0.5652318 0.536563575
v 1.59094191 0.56229645 0.536578774
v 1.5874846 0.559762955 0.536668479
v 1.58373618 0.557679892 0.536768854
v 1.57974958 0.556095064 0.536800504
v 1.57559776 0.555008948 0.536900759
v 1.57133985 0.554455161 0.536981583
v 1.56705165 0.554561198 0.536436021
v 1.5628233 0.555198908 0.535908282
v 1.55873156 0.556392312 0.535196304
v 1.55487204 0.558154821 0.534074068
v 1.55128026 0.560362041 0.533025503
v 1.54807281 0.563057959 0.531504393
v 1.54525542 0.566108942 0.529984355
v 1.54281282 0.569421351 0.528804362
v 1.54082441 0.572991848 0.527598262
v 1.53929186 0.576748729 0.526502669
v 1.53821707 0.580634117 0.525585651
v 1.53757381 0.584592879 0.525019169
v 1.53741241 0.588587165 0.524557531
v 1.53776932 0.592556894 0.524007142
v 1.5386076 0.596440077 0.523515224
v 1.53988361 0.600191355 0.523234665
v 1.54157829 0.603768229 0.523181617
v 1.54369497 0.607112169 0.523205042
v 1.54620481 0.610173881 0.523296058
v 1.54906797 0.61291337 0.523487389
v 1.55222774 0.615318954 0.523944438
v 1.5556519 0.617362082 0.524668634
v 1.55930614 0.619013965 0.525649905
v 1.56316781 0.62016964 0.526468158
v 1.5671711 0.62071377 0.526663661
v 1.57121849 0.620790124 0.527056873
v 1.57526064 0.620398164 0.527662933
v 1.57925558 0.619558811 0.528591692
v 1.58316302 0.618276298 0.529856443
v 1.58689761 0.616486132 0.531041801
v 1.59044552 0.61427778 0.532579541
v 1.59369349 0.611595333 0.533958912
v 1.59646297 0.608400226 0.534459233
v 1.59887242 0.604903758 0.535286725
v 1.60066032 0.601046205 0.535160184
v 1.60187054 0.596977413 0.534613252
v 1.60261202 0.592809021 0.534341872
v 1.61385417 0.588587165 0.531689107
v 1.61334085 0.583009839 0.531070471
v 1.61229658 0.577519894 0.531081021
v 1.6107254 0.572143018 0.5317204
v 1.60863113 0.566905439 0.533000469
v 1.60583258 0.561966479 0.534083784
v 1.60233307 0.55746603 0.534742296
v 1.59815001 0.553583205 0.534616351
v 1.59351039 0.550267756 0.534444869
v 1.58845305 0.547656059 0.533880293
v 1.58313966 0.545661688 0.533491433
v 1.57765007 0.544250727 0.533497393
v 1.57201314 0.543751895 0.532688618
v 1.56638145 0.543910623 0.532081962
v 1.56083679 0.544785917 0.531419516
v 1.55541182 0.546174943 0.531434119
v 1.55019355 0.548212945 0.53153336
v 1.54534745 0.551013589 0.531076312
v 1.54107356 0.554597497 0.529596508
v 1.53733754 0.558673501 0.528015614
v 1.53429961 0.563236117 0.525846839
v 1.53177571 0.568017244 0.524200857
v 1.5298202 0.572998643 0.522857428
v 1.5284152 0.57811743 0.521918952
v 1.52760911 0.583333969 0.521209896
v 1.52748942 0.588587224 0.520406067
v 1.52792215 0.593800902 0.520006537
v 1.52900839 0.598904669 0.519583523
v 1.53066993 0.603839338 0.519372106
v 1.53288722 0.608546138 0.519364119
v 1.53566647 0.612945199 0.519404173
v 1.53897929 0.616959274 0.519427657
v 1.54274821 0.620552659 0.519578159
v 1.54690623 0.623704612 0.519983232
v 1.5514214 0.626352787 0.520539045
v 1.55624032 0.628449559 0.521209598
v 1.56130505 0.629934072 0.521890998
v 1.56654024 0.630742192 0.522447586
v 1.5718534 0.63088429 0.522990823
v 1.57715797 0.630343735 0.523481727
v 1.58238697 0.629196048 0.524203122
v 1.58747244 0.627434313 0.525097251
v 1.59233069 0.625047207 0.526047349
v 1.59695244 0.62214303 0.527449727
v 1.60130739 0.618745029 0.52937597
v 1.60519743 0.614746332 0.53109014
v 1.60846615 0.610177994 0.532282829
v 1.61097765 0.60513097 0.532754421
v 1.61261797 0.599736869 0.532346189
v 1.61360741 0.594198108 0.532094777
v 1.62461329 0.588587105 0.528293312
v 1.62408686 0.581652284 0.528022528
v 1.62269855 0.574849188 0.527753532
v 1.620749 0.568174481 0.528383076
v 1.61821103 0.561639071 0.529849648
v 1.61487699 0.555395305 0.531451046
v 1.61044788 0.549845636 0.531827927
v 1.60533094 0.544903219 0.532129765
v 1.59959722 0.540676594 0.532278597
v 1.59334588 0.537258148 0.532230258
v 1.5866034 0.535001099 0.531072855
v 1.57964706 0.53378129 0.529417992
v 1.57266879 0.533328354 0.528134644
v 1.56572533 0.533479333 0.527678668
v 1.55887103 0.534480274 0.52727443
v 1.55217934 0.536226511 0.527192175
v 1.54582548 0.538929999 0.52666533
v 1.5400033 0.542592764 0.525443196
v 1.53477478 0.546983361 0.52399832
v 1.53023648 0.552005172 0.522326469
v 1.52634954 0.557459891 0.520871937
v 1.5231514 0.563275993 0.51961565
v 1.5206039 0.569349706 0.518767715
v 1.5188396 0.575658858 0.517947972
v 1.51786113 0.582102537 0.517204583
v 1.5176971 0.588587224 0.516470075
v 1.51819873 0.595029235 0.516179919
v 1.51951504 0.601342201 0.515847802
v 1.52155638 0.607447624 0.51568222
v 1.52431512 0.61325866 0.515616179
v 1.52775788 0.618691146 0.515628517
v 1.53182793 0.623674691 0.515751123
v 1.53647804 0.628131986 0.515950024
v 1.54164314 0.631997585 0.516225696
v 1.54723001 0.635259867 0.516730785
v 1.55319214 0.637831032 0.517321587
v 1.5594604 0.639603674 0.517798722
v 1.56592202 0.640566766 0.518238366
v 1.57247233 0.640718579 0.518696606
v 1.57901478 0.640077353 0.519250989
v 1.5854671 0.638675511 0.519995928
v 1.59177017 0.636567116 0.521082342
v 1.5978353 0.633720934 0.522373676
v 1.60363674 0.630222976 0.524123907
v 1.60909915 0.626062155 0.52625525
v 1.61403704 0.621168613 0.528323889
v 1.6180861 0.615466535 0.529420495
v 1.62124586 0.609196544 0.5299927
v 1.62323046 0.602461696 0.52940762
v 1.62437654 0.595558524 0.528901815
v 1.63553524 0.588587105 0.525242925
v 1.63472795 0.580308139 0.524535596
v 1.6329689 0.57221216 0.5240134
v 1.63041282 0.564348221 0.524011195
v 1.62727571 0.556655586 0.525092423
v 1.62314892 0.549385428 0.526110113
v 1.61802197 0.542733073 0.526827633
v 1.61215281 0.536656976 0.527846217
v 1.6052351 0.53179276 0.527522326
v 1.59759378 0.528231323 0.526135623
v 1.58965445 0.52561146 0.524930835
v 1.58147502 0.524198532 0.523283422
v 1.57328391 0.523552895 0.522328138
v 1.56510615 0.523638546 0.522116184
v 1.55697966 0.524566591 0.522358
v 1.54908133 0.526691496 0.522125959
v 1.54162121 0.52999562 0.521319509
v 1.53458333 0.534052074 0.520912886
v 1.52844167 0.539328098 0.519283235
v 1.52318716 0.545385242 0.51725775
v 1.51854682 0.551791131 0.516000748
v 1.51482415 0.558698058 0.514620245
v 1.51162481 0.565794647 0.514306843
v 1.50945807 0.573249996 0.513705075
v 1.50827861 0.580891967 0.5130288
v 1.50816464 0.588587224 0.512114286
v 1.50878 0.596219063 0.51178056
v 1.51032853 0.603700876 0.511485577
v 1.5126996 0.610954285 0.511451542
v 1.51587367 0.617899537 0.511662841
v 1.51990628 0.624395669 0.511850655
v 1.52474475 0.630326211 0.51197958
v 1.53025031 0.635660052 0.51227504
v 1.5363493 0.640339792 0.512772858
v 1.54302502 0.644195676 0.513175786
v 1.55015945 0.647164285 0.513507068
v 1.55761552 0.649275422 0.513978839
v 1.5653019 0.650425613 0.514418781
v 1.57309341 0.650590897 0.514827728
v 1.58085895 0.649745345 0.515160084
v 1.58851933 0.648069501 0.515857816
v 1.59599018 0.645535171 0.51683265
v 1.60317898 0.642141283 0.51804316
v 1.60998726 0.637899637 0.519454598
v 1.61640477 0.632922351 0.521347404
v 1.62232804 0.627192378 0.523603737
v 1.62720919 0.620482028 0.524904788
v 1.63089395 0.613016367 0.525289297
v 1.63346696 0.605090022 0.525283754
v 1.63513684 0.596917808 0.525553346
v 1.64606142 0.588587165 0.520994425
v 1.64505625 0.579003394 0.520159721
v 1.64286828 0.569670439 0.519326329
v 1.63988137 0.560599327 0.519248366
v 1.63604951 0.55183208 0.51980114
v 1.63129282 0.543468595 0.52076906
v 1.62531042 0.535888791 0.521231115
v 1.61808467 0.529486597 0.520649552
v 1.61007333 0.524169028 0.519802809
v 1.6014502 0.520035565 0.51869601
v 1.59249353 0.516873479 0.517953038
v 1.58323503 0.514973342 0.516991377
v 1.57388234 0.514041483 0.516476214
v 1.56450462 0.514080703 0.516394615
v 1.55515981 0.51502651 0.516878903
v 1.54602766 0.517294168 0.517034471
v 1.53741288 0.52105242 0.516362667
v 1.52916145 0.525508523 0.516508698
v 1.52208138 0.531639814 0.514846623
v 1.51611853 0.538747668 0.512558758
v 1.51084042 0.546191931 0.511147976
v 1.50668335 0.554222524 0.509497881
v 1.50300527 0.562381864 0.509193718
v 1.50047517 0.570943594 0.508695543
v 1.49906969 0.579728663 0.508143067
v 1.49890256 0.588587224 0.507332385
v 1.49964476 0.597373128 0.506939352
v 1.50124955 0.606031954 0.507035255
v 1.50387287 0.614449084 0.50725621
v 1.50743389 0.622539341 0.507719219
v 1.51198149 0.630153418 0.508219063
v 1.517694 0.636947393 0.508071363
v 1.52407432 0.643125534 0.508354425
v 1.53121972 0.648422599 0.508532405
v 1.53892517 0.652908385 0.508987546
v 1.54717374 0.656353652 0.509334683
v 1.55577326 0.658932924 0.510083139
v 1.56468058 0.660302043 0.510586321
v 1.57370591 0.660328031 0.510640383
v 1.58268237 0.659303427 0.510866165
v 1.59149027 0.657212794 0.51121062
v 1.60008669 0.654240847 0.512045801
v 1.6083796 0.650336206 0.513238847
v 1.6162467 0.645466149 0.514662623
v 1.62360287 0.639681876 0.516366661
v 1.63023448 0.632936716 0.51805228
v 1.63606238 0.625349045 0.519831121
v 1.6406486 0.616878569 0.520961761
v 1.64371753 0.607721865 0.521147251
v 1.64564252 0.598244965 0.521386564
v 1.65666175 0.588587165 0.516685069
v 1.65504241 0.577741802 0.515021741
v 1.6525414 0.567186713 0.514169753
v 1.64923406 0.556896389 0.51423049
v 1.64495087 0.546938658 0.514878631
v 1.63928056 0.537665188 0.515201271
v 1.63239169 0.529238939 0.515313864
v 1.62405038 0.52227515 0.514186561
v 1.61499596 0.516412377 0.513156235
v 1.60529613 0.511862695 0.511935771
v 1.5953455 0.508096218 0.511649072
v 1.58500648 0.505686641 0.511227012
v 1.57448626 0.504443228 0.511075914
v 1.56390929 0.504615068 0.510770082
v 1.55339599 0.505780041 0.511058152
v 1.54324365 0.508725107 0.510475278
v 1.53345776 0.512647152 0.510396719
v 1.52451396 0.518185496 0.509427369
v 1.51634669 0.524707615 0.508580983
v 1.50951433 0.532545865 0.506736279
v 1.50360918 0.540938258 0.505313993
v 1.49867916 0.549822211 0.504250646
v 1.49481773 0.559140265 0.503408134
v 1.49174023 0.56870085 0.503359556
v 1.4896152 0.578534305 0.503794909
v 1.48971367 0.588587224 0.502496719
v 1.49064207 0.598510444 0.50195682
v 1.49247932 0.608283818 0.502004445
v 1.49528909 0.617847621 0.502508044
v 1.49932003 0.626999795 0.50295186
v 1.50443149 0.635638893 0.5035097
v 1.51076221 0.643456936 0.503697276
v 1.51802492 0.650437951 0.503905833
v 1.52615166 0.656408787 0.504001558
v 1.53490305 0.66145581 0.504369318
v 1.544245 0.665367484 0.504721582
v 1.55399299 0.668265641 0.505402684
v 1.56408381 0.669788122 0.505839944
v 1.57430029 0.669772327 0.50581187
v 1.58444405 0.668539286 0.505897403
v 1.59439802 0.666161895 0.506204784
v 1.60412574 0.662823856 0.507053912
v 1.61348605 0.658382595 0.508152723
v 1.62243462 0.652945757 0.509685099
v 1.63086486 0.646501243 0.511594057
v 1.63845873 0.638911963 0.513397634
v 1.64522099 0.630384088 0.515426159
v 1.65070105 0.62085861 0.517032266
v 1.65413618 0.610396862 0.517093003
v 1.65618587 0.599576831 0.51706785
v 1.6671567 0.588587165 0.511874199
v 1.66533661 0.576441348 0.510252118
v 1.66226315 0.56469065 0.508993924
v 1.65841818 0.553260088 0.508802056
v 1.65340137 0.542292893 0.509002626
v 1.64687896 0.532144606 0.508895993
v 1.63870287 0.52331239 0.507864833
v 1.62953925 0.515640199 0.506817997
v 1.61975932 0.508906364 0.506355047
v 1.60913563 0.503703237 0.505495429
v 1.59812427 0.499544024 0.505208313
v 1.58668852 0.49686867 0.504819453
v 1.5750742 0.495097071 0.50528419
v 1.56331992 0.4952465 0.505054235
v 1.55177689 0.497293413 0.504155219
v 1.54058719 0.500549316 0.503584564
v 1.52992654 0.505143166 0.503050625
v 1.52020359 0.511393249 0.501830041
v 1.51108408 0.518346369 0.501422286
v 1.50291395 0.526347578 0.501053274
v 1.49666905 0.535895884 0.499091357
v 1.49107647 0.545642614 0.498320669
v 1.48651266 0.555851996 0.49798581
v 1.48293686 0.566440582 0.498184025
v 1.48095393 0.577440143 0.498009712
v 1.48057747 0.588587224 0.497510672
v 1.4814713 0.59966898 0.497208565
v 1.48362303 0.610557675 0.497095764
v 1.48693204 0.621156394 0.497293025
v 1.49137759 0.631366313 0.49779281
v 1.49699926 0.641038656 0.498464197
v 1.50386596 0.649932802 0.499046743
v 1.51195669 0.657773376 0.499319255
v 1.52097988 0.664558232 0.499604881
v 1.53080916 0.670155764 0.499866426
v 1.5412941 0.674449742 0.500070572
v 1.55224204 0.677445114 0.500345469
v 1.56349778 0.679101169 0.500703216
v 1.57488275 0.679030538 0.500594378
v 1.58617306 0.677602649 0.500591993
v 1.59726357 0.674981356 0.500929654
v 1.60806274 0.67119056 0.501623511
v 1.6184237 0.666163087 0.50252521
v 1.6284821 0.660255849 0.504269361
v 1.63803911 0.653238297 0.506465316
v 1.64675951 0.644942641 0.508668721
v 1.65434074 0.635397613 0.510649323
v 1.66033196 0.624671698 0.511964142
v 1.66409731 0.612954378 0.511902869
v 1.66650629 0.600880563 0.512063026
v 1.67722631 0.588587105 0.506130159
v 1.67528105 0.575185061 0.504653573
v 1.67148018 0.562324166 0.502876103
v 1.66693592 0.549887776 0.502233207
v 1.66107774 0.538072765 0.501870871
v 1.65330648 0.527474642 0.500685811
v 1.64435029 0.518009186 0.499521226
v 1.63459635 0.509527206 0.498858094
v 1.62389827 0.502384543 0.498173922
v 1.61262202 0.49629426 0.498046011
v 1.60065651 0.49175024 0.497804612
v 1.58826995 0.488578141 0.497793883
v 1.57562256 0.486383706 0.498588532
v 1.56278586 0.486760408 0.498082757
v 1.55026579 0.489371091 0.496712238
v 1.53822255 0.493272394 0.495660007
v 1.52674818 0.498388767 0.494944274
v 1.51603293 0.504821479 0.494306564
v 1.50576162 0.511912823 0.49470982
v 1.49683356 0.520637751 0.494376361
v 1.48928618 0.530532002 0.493716478
v 1.48323131 0.541329741 0.492812276
v 1.47840452 0.552641749 0.492209613
v 1.47463441 0.564308941 0.49218291
v 1.47256875 0.576380849 0.491870135
v 1.47211957 0.588587224 0.491443217
v 1.47261834 0.600787401 0.491803437
v 1.47509074 0.612748444 0.491551667
v 1.47876215 0.624391139 0.491694272
v 1.48357296 0.635657012 0.492290258
v 1.48976898 0.646291733 0.492916942
v 1.4972887 0.656109214 0.493539631
v 1.5060854 0.664870501 0.494029522
v 1.51585579 0.672632456 0.494750172
v 1.52669477 0.678899527 0.495113015
v 1.53833842 0.683546543 0.49515909
v 1.55052638 0.686438084 0.494849861
v 1.56294608 0.687872171 0.494670272
v 1.57544971 0.688043296 0.494900018
v 1.58789206 0.686613262 0.495088965
v 1.60007668 0.683638752 0.495289236
v 1.61185694 0.679253697 0.495637685
v 1.62317657 0.673652351 0.496369123
v 1.63416314 0.66712302 0.497947216
v 1.64477801 0.659566641 0.5003075
v 1.65423632 0.650375009 0.502225637
v 1.66258502 0.63993001 0.504175603
v 1.66941571 0.628268182 0.505806983
v 1.67399001 0.61549443 0.506348431
v 1.67646646 0.602138817 0.506254435
v 1.68592739 0.588587105 0.498498142
v 1.68429708 0.574046016 0.497657716
v 1.67993522 0.560153246 0.495678514
v 1.67462397 0.546843827 0.49457401
v 1.66728139 0.534662366 0.492859036
v 1.65903831 0.523310363 0.491826534
v 1.6495626 0.513114393 0.490882844
v 1.63942003 0.503696382 0.49079144
v 1.62788248 0.496106416 0.490036577
v 1.61573792 0.489672631 0.489786446
v 1.60302567 0.484458745 0.489984214
v 1.58975649 0.480785608 0.490287662
v 1.57610059 0.478784204 0.490610242
v 1.5623219 0.479384631 0.48990351
v 1.54886103 0.482007474 0.488826543
v 1.53595376 0.48628971 0.487722814
v 1.52362013 0.491741419 0.48710072
v 1.51199436 0.4984577 0.486765534
v 1.50124049 0.506447613 0.486597121
v 1.49119186 0.515339911 0.487063885
v 1.4824903 0.525594532 0.487261742
v 1.47539783 0.537023246 0.487102538
v 1.47024846 0.549412608 0.486377716
v 1.46629024 0.562166452 0.486169875
v 1.46408987 0.575309753 0.485815048
v 1.46372056 0.588587224 0.48526758
v 1.46451688 0.601810873 0.485309422
v 1.46689343 0.614853144 0.485438108
v 1.47080112 0.627543092 0.485679507
v 1.47589684 0.639876962 0.486433804
v 1.4824121 0.651636839 0.487375736
v 1.49068284 0.662312567 0.487884372
v 1.50020862 0.671974301 0.488498986
v 1.51069713 0.680761158 0.489609778
v 1.52286029 0.687048256 0.489197612
v 1.53557229 0.692059815 0.489174187
v 1.54895139 0.694695473 0.488262773
v 1.56241226 0.696356237 0.488216311
v 1.57599497 0.696708083 0.488630533
v 1.58954072 0.695256352 0.488933563
v 1.60285068 0.692176521 0.48931843
v 1.6155386 0.687077582 0.489235818
v 1.62767172 0.68073529 0.489574105
v 1.63951492 0.673592329 0.490966082
v 1.65099645 0.665406048 0.49319315
v 1.66161346 0.655734658 0.495565355
v 1.67097378 0.64454174 0.497808516
v 1.67781496 0.631593704 0.498605579
v 1.68311667 0.617837727 0.49953714
v 1.68588495 0.603328645 0.499537885
v 1.69372725 0.588587105 0.489966869
v 1.69169259 0.573111773 0.488871247
v 1.68779945 0.558134019 0.487818331
v 1.68144751 0.544142187 0.486041784
v 1.67317629 0.531421542 0.483902484
v 1.66442609 0.519395769 0.482925385
v 1.65422726 0.508734167 0.481826007
v 1.64345932 0.498813868 0.481681645
v 1.63144636 0.490490705 0.481342882
v 1.61885142 0.483056217 0.481805563
v 1.60533524 0.477350831 0.482145935
v 1.59117293 0.473361015 0.482500315
v 1.5765686 0.4713462 0.482674658
v 1.56186604 0.472139716 0.481853634
v 1.54747891 0.474761754 0.481027842
v 1.53366518 0.47924614 0.480088264
v 1.52045345 0.485011637 0.479574084
v 1.507967 0.492111742 0.479360312
v 1.49665952 0.500910223 0.478872269
v 1.48608541 0.510544598 0.479095131
v 1.4763546 0.521136582 0.47986719
v 1.46828246 0.533111572 0.480279863
v 1.46217561 0.546216369 0.480223835
v 1.45726347 0.559848785 0.480698824
v 1.45548749 0.574222982 0.479717016
v 1.45555162 0.588587224 0.478717595
v 1.45727777 0.602725387 0.477853924
v 1.4596734 0.616706967 0.478129864
v 1.46324682 0.630534112 0.479034483
v 1.46817422 0.644122481 0.480407625
v 1.47541475 0.656720757 0.481066853
v 1.48450422 0.668114781 0.481334984
v 1.49463511 0.678711474 0.482151926
v 1.50542951 0.689061761 0.484250963
v 1.519238 0.694745839 0.482521713
v 1.53314209 0.699539244 0.481837392
v 1.54745054 0.702562213 0.481185108
v 1.56193113 0.704002142 0.480785429
v 1.57649136 0.704601467 0.481405556
v 1.59113121 0.703594685 0.482270509
v 1.60534978 0.699867487 0.482193828
v 1.61892724 0.694278717 0.481988877
v 1.63192081 0.687430918 0.48225677
v 1.64464784 0.679796755 0.483606607
v 1.65706944 0.671108961 0.485851884
v 1.66869593 0.660880566 0.488374889
v 1.67879176 0.648839712 0.490518928
v 1.68602443 0.634844065 0.491124779
v 1.6913898 0.619961858 0.491645843
v 1.69396782 0.604349792 0.491239071
v 1.70134807 0.588587165 0.481394798
v 1.69908285 0.572178185 0.480275124
v 1.69519615 0.556234896 0.479519516
v 1.68762493 0.541696429 0.477055192
v 1.67886829 0.528292298 0.475038618
v 1.66939831 0.51578331 0.473861963
v 1.65853357 0.50469017 0.472678602
v 1.64708376 0.494432807 0.472350389
v 1.63476372 0.485263377 0.472511232
v 1.62176561 0.476862997 0.473511726
v 1.60759091 0.470408529 0.47422424
v 1.59259868 0.465886533 0.474817187
v 1.57704663 0.463747472 0.474974692
v 1.56137371 0.464315951 0.474457324
v 1.5460546 0.467294365 0.47351563
v 1.53132439 0.472041488 0.472664982
v 1.51717377 0.478042185 0.472328156
v 1.50398993 0.485844523 0.471886098
v 1.49196434 0.495234638 0.471405298
v 1.48104072 0.50580734 0.471196651
v 1.47067857 0.517012715 0.471962482
v 1.46176553 0.529528797 0.472707808
v 1.45468879 0.543252051 0.473217487
v 1.45053267 0.558120608 0.472633332
v 1.44764996 0.57323283 0.472633362
v 1.44779992 0.588587224 0.471619725
v 1.44999671 0.603645205 0.470485002
v 1.45231438 0.618596375 0.470962733
v 1.45594621 0.63342458 0.471989185
v 1.46038103 0.648406804 0.474142671
v 1.46815324 0.661996484 0.474797279
v 1.47842312 0.673825204 0.474457622
v 1.48957133 0.684832871 0.47481516
v 1.50177336 0.694822729 0.475643039
v 1.5161581 0.701291025 0.474494874
v 1.53095388 0.706273496 0.473754108
v 1.54598951 0.710220993 0.473830849
v 1.56147051 0.711324275 0.473061323
v 1.57696223 0.71208322 0.473751962
v 1.59266138 0.711615801 0.475120485
v 1.60776973 0.707315862 0.474749684
v 1.62211537 0.701054096 0.474257439
v 1.63598061 0.693828285 0.474573642
v 1.64948988 0.685649753 0.475778371
v 1.66245627 0.676167369 0.477565318
v 1.67452192 0.665113389 0.479613602
v 1.68477869 0.652131021 0.48116377
v 1.69215727 0.63727206 0.48148194
v 1.69855142 0.621800661 0.48266539
v 1.70150304 0.605301678 0.482490331
v 1.70855212 0.588587165 0.472509861
v 1.70615244 0.571285069 0.471464515
v 1.70105267 0.55473125 0.469940245
v 1.69316769 0.539501846 0.467708528
v 1.68409252 0.525420368 0.465937763
v 1.67412853 0.512346566 0.464813232
v 1.66261816 0.500854611 0.463579744
v 1.65053439 0.490261614 0.463140279
v 1.63770747 0.480624527 0.463345736
v 1.62417865 0.471734911 0.464362532
v 1.60953617 0.46442157 0.465488732
v 1.59396958 0.458699912 0.466823757
v 1.57752061 0.456213176 0.467147827
v 1.56087494 0.456384659 0.467010796
v 1.54454422 0.459377259 0.466273904
v 1.529001 0.464891046 0.465095133
v 1.51405311 0.471410245 0.464648694
v 1.50015044 0.479794592 0.464129716
v 1.48759604 0.489954203 0.463458508
v 1.47559309 0.500691772 0.463769406
v 1.46533823 0.513132751 0.463746548
v 1.45617557 0.52645582 0.464223891
v 1.44900703 0.541002512 0.464457721
v 1.44434977 0.556533158 0.464162201
v 1.44093323 0.572384357 0.464470655
v 1.4407661 0.588587284 0.463790864
v 1.44291878 0.604539335 0.462874591
v 1.44534969 0.620384693 0.46333909
v 1.44876003 0.636269808 0.464669585
v 1.45416069 0.65182656 0.466057688
v 1.46138549 0.666913569 0.467643052
v 1.47284842 0.6790604 0.466772407
v 1.4851892 0.690129876 0.466469944
v 1.49925065 0.69879806 0.465469152
v 1.51400042 0.705876589 0.464747816
v 1.52904201 0.712157786 0.46498993
v 1.54477739 0.716576278 0.465282708
v 1.56102204 0.718451977 0.465142846
v 1.57740188 0.719072044 0.46563831
v 1.59393597 0.718296885 0.466679633
v 1.61005259 0.714341283 0.466820896
v 1.62508273 0.70735985 0.466055334
v 1.63996458 0.700105727 0.466704547
v 1.65423226 0.691382408 0.467766583
v 1.66779566 0.68118149 0.469243854
v 1.68010879 0.669172406 0.470708191
v 1.69024181 0.655134439 0.471534193
v 1.69847918 0.639775097 0.472264022
v 1.70487499 0.623424232 0.473087281
v 1.70785522 0.606104136 0.472833276
v 1.7148006 0.588587165 0.46294418
v 1.7121675 0.570525229 0.461900204
v 1.70564222 0.553552747 0.459643185
v 1.69779682 0.537669122 0.457858652
v 1.68860483 0.522939503 0.456428975
v 1.67783928 0.509650588 0.455052584
v 1.66637754 0.497324198 0.454371721
v 1.65345907 0.486726075 0.453590691
v 1.64039564 0.476388723 0.454069138
v 1.62648177 0.466841072 0.455231786
v 1.6113956 0.458699018 0.456641316
v 1.59525728 0.451949567 0.458405495
v 1.57795501 0.449310809 0.458719552
v 1.56038523 0.448601574 0.459215283
v 1.54316497 0.452147037 0.458265245
v 1.52685738 0.458293736 0.456938654
v 1.51121473 0.465378582 0.456359357
v 1.49671388 0.474379331 0.455729216
v 1.483356 0.484828949 0.45530811
v 1.47109723 0.496469706 0.455242395
v 1.46044993 0.509581268 0.455135018
v 1.45106864 0.523648202 0.45540303
v 1.44330883 0.538746417 0.455817431
v 1.43771195 0.554828823 0.456064254
v 1.43462992 0.571588099 0.455985278
v 1.43454576 0.588587284 0.455298036
v 1.4356029 0.605463505 0.455301225
v 1.43809462 0.622247458 0.455788583
v 1.44068837 0.63946563 0.457783282
v 1.4481976 0.655104697 0.45768851
v 1.45730114 0.669881046 0.457850188
v 1.46900201 0.682672501 0.457247674
v 1.48240685 0.693493128 0.456347048
v 1.4967227 0.702781618 0.455718011
v 1.5116663 0.710836411 0.455619663
v 1.52711391 0.718092024 0.456360191
v 1.54355597 0.722979188 0.456810802
v 1.56061411 0.724939108 0.456675619
v 1.57781315 0.725608647 0.457143545
v 1.59505749 0.724176228 0.457660824
v 1.61192703 0.720110476 0.457840681
v 1.62793112 0.713413179 0.457606256
v 1.64374399 0.706061423 0.458427876
v 1.65886402 0.696981192 0.459505111
v 1.67317224 0.68623054 0.460873634
v 1.68590188 0.673381209 0.462004334
v 1.69604111 0.658322573 0.462348253
v 1.70457721 0.642189562 0.46294567
v 1.71106744 0.625014186 0.46355021
v 1.71344638 0.606810451 0.462799311
v 1.72054386 0.588587165 0.453124762
v 1.71755338 0.569844782 0.452026784
v 1.71005177 0.552420616 0.449533969
v 1.70176077 0.536099613 0.447807759
v 1.69222164 0.520951152 0.446482837
v 1.6813457 0.507102907 0.445412189
v 1.66940355 0.494482487 0.44470942
v 1.65618587 0.483430028 0.444107354
v 1.64285612 0.472511649 0.444713563
v 1.62858152 0.462378532 0.445930153
v 1.6129303 0.453975916 0.447175831
v 1.59622216 0.446892411 0.448819399
v 1.57840776 0.44211185 0.450344086
v 1.55992508 0.441287667 0.450844705
v 1.54192615 0.445652634 0.449584544
v 1.52496004 0.452454418 0.448145747
v 1.50873518 0.460109383 0.447450489
v 1.49367929 0.469597727 0.446805716
v 1.47969747 0.480406582 0.446486026
v 1.4671936 0.49280408 0.446195811
v 1.45615625 0.50646168 0.446073651
v 1.44600224 0.520862877 0.446594059
v 1.43832159 0.536771894 0.446700901
v 1.43206239 0.553378344 0.447199583
v 1.42881441 0.570853472 0.447148561
v 1.42824578 0.588587284 0.44681707
v 1.42881131 0.606321514 0.447150528
v 1.4304316 0.624215066 0.448220223
v 1.43440652 0.641952813 0.44925341
v 1.44229341 0.658350587 0.449159712
v 1.45361733 0.672557533 0.447976053
v 1.46583176 0.685649455 0.447328478
v 1.47952271 0.696979523 0.446652532
v 1.49438262 0.706468999 0.446010351
v 1.5096364 0.715150416 0.446167707
v 1.52556133 0.722869694 0.44696635
v 1.54255462 0.728227735 0.447551697
v 1.56023407 0.730977714 0.447862983
v 1.57820606 0.731853783 0.448395133
v 1.59629774 0.730677962 0.449063808
v 1.6139462 0.726324499 0.449168414
v 1.63049746 0.718866706 0.448657602
v 1.64694023 0.711097836 0.449333906
v 1.66308498 0.702083528 0.450668275
v 1.67832804 0.691072106 0.452130854
v 1.69190383 0.677741885 0.453323334
v 1.70179677 0.661486745 0.453106374
v 1.71008301 0.644369423 0.45323357
v 1.71594667 0.626266956 0.453223288
v 1.71903706 0.607516587 0.452933162
v 1.72398686 0.588587165 0.442130685
v 1.72180557 0.569307625 0.441625386
v 1.71448231 0.551283002 0.439630628
v 1.70520902 0.534734368 0.437693506
v 1.69534135 0.519236147 0.436475605
v 1.68404412 0.50514245 0.435437173
v 1.67182803 0.492205679 0.434827507
v 1.65876341 0.480314225 0.4346838
v 1.64522123 0.468784839 0.435398638
v 1.6306951 0.457887292 0.436732411
v 1.61441207 0.449415356 0.437716633
v 1.59715533 0.441999406 0.439228088
v 1.57882667 0.435455054 0.441421241
v 1.55958176 0.435829818 0.44122532
v 1.54065132 0.438970357 0.440836906
v 1.52319169 0.447012156 0.439034939
v 1.50649858 0.45535633 0.438191712
v 1.49082279 0.465096593 0.437677562
v 1.47626328 0.476255268 0.437432021
v 1.46357417 0.489405185 0.43696174
v 1.45173287 0.503248036 0.43711856
v 1.44095445 0.518087924 0.437719166
v 1.43317699 0.534734964 0.437692821
v 1.42684412 0.552038491 0.438046008
v 1.42340732 0.570170343 0.438034803
v 1.42173958 0.588587284 0.438300312
v 1.42200994 0.607180715 0.43876946
v 1.4236958 0.625944495 0.43974188
v 1.42939591 0.643936753 0.439814597
v 1.43839192 0.66049552 0.439245015
v 1.45003057 0.675163507 0.438216478
v 1.46292686 0.68837738 0.437425166
v 1.4769206 0.700124919 0.436894298
v 1.4920435 0.710154593 0.436489224
v 1.50774813 0.71916306 0.436660886
v 1.52429271 0.726774693 0.437176704
v 1.54158854 0.73329252 0.438228309
v 1.55984879 0.737099946 0.439006537
v 1.57857728 0.737751722 0.439347297
v 1.59742808 0.736602366 0.439986229
v 1.61554217 0.7312361 0.439624041
v 1.6328249 0.72381258 0.439341813
v 1.64994144 0.715826988 0.439994305
v 1.66666079 0.706405699 0.441147
v 1.68306041 0.695515931 0.442865878
v 1.6975317 0.681830704 0.444134682
v 1.70722818 0.66447264 0.443552375
v 1.71566463 0.646579385 0.443560153
v 1.72144032 0.6276775 0.44337827
v 1.72344255 0.608073175 0.442486197
v 1.72780132 0.588587165 0.431585699
v 1.72595 0.568784118 0.431317657
v 1.71812844 0.550346911 0.429442257
v 1.70852137 0.533422947 0.427709371
v 1.698282 0.517619491 0.426584572
v 1.68656993 0.503307462 0.425599784
v 1.67447019 0.489724696 0.42530489
v 1.66135788 0.477178156 0.425380319
v 1.64741731 0.465324491 0.425999373
v 1.63261509 0.453806818 0.427313179
v 1.61589813 0.444841474 0.42828095
v 1.59813094 0.43688494 0.429739356
v 1.57915592 0.430218339 0.431618154
v 1.5592289 0.430225194 0.431615084
v 1.5396843 0.433901489 0.431083858
v 1.52153397 0.441910267 0.429645211
v 1.50443888 0.450979054 0.428696603
v 1.48813343 0.460858941 0.428340614
v 1.47307658 0.472403198 0.428123564
v 1.45969772 0.4857651 0.427865356
v 1.4475112 0.500180721 0.427954614
v 1.43660116 0.515694618 0.428353339
v 1.42777085 0.532594562 0.428705543
v 1.42144299 0.550651729 0.428900033
v 1.41768169 0.5694471 0.428976655
v 1.4150753 0.588587284 0.429597259
v 1.41576004 0.607970297 0.429834038
v 1.41778994 0.627460837 0.43056953
v 1.42512989 0.645625651 0.429963231
v 1.43566918 0.661992371 0.428824306
v 1.44756341 0.676955998 0.427926153
v 1.4604156 0.690735519 0.427429676
v 1.47471952 0.702785492 0.42698276
v 1.48983145 0.713640392 0.426938117
v 1.50607038 0.72272855 0.427000523
v 1.5230906 0.730474412 0.427415818
v 1.54073691 0.737756371 0.428597778
v 1.55954075 0.741999447 0.429419667
v 1.57891631 0.743140221 0.429925621
v 1.59821844 0.740746379 0.42994532
v 1.61700797 0.735747874 0.429870516
v 1.63491559 0.72825563 0.429704666
v 1.65237212 0.719657242 0.430092812
v 1.67005301 0.71050626 0.431418747
v 1.68743277 0.699621797 0.433176398
v 1.70212412 0.685167313 0.434110552
v 1.71245766 0.667347491 0.433745265
v 1.72060156 0.64853394 0.433460683
v 1.72579384 0.628795266 0.432945579
v 1.72761273 0.60860008 0.432059646
v 1.7304883 0.588587105 0.420732558
v 1.72836995 0.568478346 0.42041862
v 1.72109222 0.549585938 0.419088006
v 1.71152425 0.532233953 0.417709887
v 1.70073271 0.516272187 0.416615367
v 1.68888235 0.501627207 0.415819496
v 1.67674279 0.487590611 0.41566956
v 1.66372538 0.474316537 0.415951759
v 1.64932227 0.462322682 0.416408002
v 1.6344347 0.449940175 0.417764455
v 1.61746216 0.440027773 0.418859005
v 1.59902024 0.432223439 0.419955254
v 1.57948947 0.424918056 0.421725184
v 1.55891871 0.425293028 0.421586871
v 1.53891444 0.429864764 0.420838892
v 1.52003431 0.437294424 0.419916719
v 1.50257897 0.44702673 0.418949485
v 1.48600054 0.457497954 0.418510914
v 1.4702251 0.46895647 0.418511808
v 1.4560535 0.48234272 0.418490857
v 1.44294572 0.496863663 0.418801963
v 1.43259048 0.513489783 0.418740928
v 1.42346692 0.530890524 0.419052958
v 1.41700149 0.549511254 0.419198573
v 1.41190243 0.568717003 0.419718534
v 1.40832925 0.588587344 0.420573622
v 1.41009641 0.608685791 0.42038855
v 1.41398072 0.62843883 0.420346469
v 1.42195916 0.646880984 0.41964981
v 1.43322349 0.663336933 0.418475091
v 1.44465423 0.679069638 0.418024778
v 1.45821643 0.692800581 0.4173989
v 1.47305322 0.704799473 0.416879117
v 1.48812389 0.716331065 0.417052805
v 1.50462651 0.725796998 0.417179942
v 1.52223253 0.733115435 0.417299181
v 1.54005527 0.741329551 0.418598443
v 1.55925417 0.746551812 0.419621646
v 1.57914472 0.746770442 0.419702321
v 1.59893322 0.744492888 0.419783652
v 1.61820936 0.739444673 0.419748336
v 1.63662076 0.731879294 0.419653744
v 1.65467 0.723278046 0.420080721
v 1.67283058 0.71386385 0.42120856
v 1.69115782 0.703119874 0.422946751
v 1.70604587 0.688016593 0.423626691
v 1.71635056 0.669487715 0.423173994
v 1.72472882 0.650168061 0.422936141
v 1.73020148 0.629927039 0.42254886
v 1.73125935 0.609060645 0.421490282
v 1.73263764 0.588587165 0.409883946
v 1.73048711 0.5682109 0.409626126
v 1.72411442 0.548810005 0.408845603
v 1.71437263 0.531106234 0.407717407
v 1.70329857 0.514861703 0.406794459
v 1.69102049 0.500073969 0.406067908
v 1.67865038 0.485799313 0.405939341
v 1.66523838 0.472487479 0.406094849
v 1.65099764 0.459682733 0.406686306
v 1.63567972 0.447294325 0.407720149
v 1.61858892 0.436560303 0.408817112
v 1.59979844 0.428144813 0.409851432
v 1.57972002 0.421252728 0.411136478
v 1.55867696 0.421453506 0.411076754
v 1.53830576 0.426673979 0.410295844
v 1.51886559 0.433697343 0.409710556
v 1.50103617 0.443748295 0.408883303
v 1.48417258 0.454617351 0.408466816
v 1.46726227 0.465374887 0.408834577
v 1.45320296 0.479665935 0.408598632
v 1.4398694 0.494628668 0.40881753
v 1.43024492 0.512200177 0.408434123
v 1.42105651 0.529936135 0.408660769
v 1.41372061 0.548668921 0.409014046
v 1.40733433 0.568139911 0.409794569
v 1.4020412 0.588587344 0.41098392
v 1.40502501 0.609326482 0.410485685
v 1.41065454 0.629292846 0.409953892
v 1.41964602 0.64779681 0.409111142
v 1.43060255 0.664777696 0.408312976
v 1.44229436 0.680784106 0.40792793
v 1.45611334 0.694775641 0.407413691
v 1.47154307 0.706625104 0.406841427
v 1.48691726 0.718232155 0.40694651
v 1.50335169 0.728506029 0.407269388
v 1.52135181 0.735825896 0.407322884
v 1.53963184 0.743550479 0.408195913
v 1.5590539 0.749738395 0.409297705
v 1.57935667 0.750140369 0.409417272
v 1.59957671 0.747866154 0.409499913
v 1.61927319 0.742718995 0.409474015
v 1.63807011 0.734959424 0.409386307
v 1.65651679 0.726187944 0.40974316
v 1.67519331 0.716719866 0.410729885
v 1.69382 0.705619931 0.412115693
v 1.70879173 0.690011621 0.412587523
v 1.71954823 0.671245635 0.412298262
v 1.72817588 0.651532888 0.41212377
v 1.73246408 0.630507946 0.411404401
v 1.73285317 0.609262049 0.41033417
v 1.73364234 0.588587165 0.398909092
v 1.73208451 0.568009079 0.398849249
v 1.72603726 0.5483163 0.398334473
v 1.71655273 0.530243158 0.397548497
v 1.70533919 0.513739765 0.396835119
v 1.69296217 0.498663127 0.396292746
v 1.68021441 0.484330535 0.396135807
v 1.66681623 0.470580071 0.396330655
v 1.65218377 0.457813621 0.396725774
v 1.63646603 0.445623547 0.397437066
v 1.61917496 0.434756249 0.398292124
v 1.60008645 0.426634312 0.399005532
v 1.57986426 0.418962717 0.400166512
v 1.55853844 0.419248313 0.400101185
v 1.53770542 0.423527241 0.399727523
v 1.5180006 0.431035131 0.399185121
v 1.49960709 0.440710872 0.398676217
v 1.48226905 0.451617956 0.398400635
v 1.46490955 0.462531149 0.398714989
v 1.45075727 0.477369308 0.398456842
v 1.43857551 0.493688613 0.398224503
v 1.42855692 0.511272252 0.398004323
v 1.41927195 0.529229581 0.398176998
v 1.41114426 0.548007429 0.398617744
v 1.40451813 0.567784071 0.399258703
v 1.3980639 0.588587344 0.400433093
v 1.40082908 0.609856546 0.400107533
v 1.40813804 0.62993896 0.399326235
v 1.41752386 0.648637176 0.398606151
v 1.42857003 0.665895164 0.398000926
v 1.4404161 0.682148874 0.397705287
v 1.45411468 0.696652651 0.397405744
v 1.47003603 0.708447039 0.396879435
v 1.48560023 0.720307589 0.396981627
v 1.50218201 0.73099196 0.397295982
v 1.52042079 0.738691092 0.397397637
v 1.53908706 0.746406376 0.398045033
v 1.55886364 0.752759635 0.398919702
v 1.57950854 0.752552688 0.398872346
v 1.60004735 0.750332713 0.398957372
v 1.62015772 0.745441556 0.399017721
v 1.63918161 0.737321496 0.39889273
v 1.65792274 0.728403509 0.399170309
v 1.67717171 0.719111383 0.4000386
v 1.69589472 0.707568109 0.401045382
v 1.71088147 0.69152987 0.401348233
v 1.72217774 0.672691166 0.401221097
v 1.73118329 0.652723551 0.401140273
v 1.73436236 0.630995274 0.400296211
v 1.73465323 0.609489381 0.399439991
v 1.73509002 0.588587165 0.388195366
v 1.73295379 0.567899346 0.388060421
v 1.72709203 0.548045516 0.38773042
v 1.71785498 0.529727578 0.387224197
v 1.7066288 0.513030887 0.386730283
v 1.69454622 0.497512192 0.38642481
v 1.68180799 0.482833952 0.386350483
v 1.66810942 0.46901682 0.386463016
v 1.65306306 0.456428021 0.386680126
v 1.63687158 0.444761485 0.387072682
v 1.6194725 0.433840871 0.387679964
v 1.60026526 0.425697178 0.388183951
v 1.57991266 0.41819194 0.388976932
v 1.55847955 0.418311477 0.38895762
v 1.53767228 0.423353434 0.388569742
v 1.51759267 0.429779828 0.388370305
v 1.49846244 0.438278526 0.388231069
v 1.48112249 0.449811488 0.387947202
v 1.46349359 0.460819274 0.388183117
v 1.45002985 0.476686299 0.387802362
v 1.43764067 0.493009329 0.387663275
v 1.42722154 0.510538161 0.387566835
v 1.4174459 0.528506637 0.387760371
v 1.4093008 0.547534108 0.388062686
v 1.40258026 0.567539275 0.38852489
v 1.39608741 0.588587344 0.389360547
v 1.39933395 0.610045433 0.389053881
v 1.40680957 0.630280137 0.388478518
v 1.41516781 0.649569988 0.388156414
v 1.42657495 0.666992009 0.387686193
v 1.43864465 0.683435798 0.387462646
v 1.45325065 0.69746387 0.38708806
v 1.46863818 0.710136533 0.386878252
v 1.48421669 0.722487509 0.387013555
v 1.50119567 0.733087718 0.387193263
v 1.51957154 0.741304517 0.387335002
v 1.53860259 0.748946249 0.387767404
v 1.55867624 0.755741179 0.388451904
v 1.57964802 0.754772484 0.388294965
v 1.60031986 0.751762033 0.38823083
v 1.62063646 0.746915102 0.388288826
v 1.63998914 0.739037216 0.388256341
v 1.65888286 0.729916096 0.388436019
v 1.67802191 0.720138907 0.388977081
v 1.69626427 0.707915306 0.389556497
v 1.71189952 0.692269564 0.389892459
v 1.72398734 0.673685968 0.389932543
v 1.73200345 0.653048337 0.38968417
v 1.73559332 0.631311357 0.389149189
v 1.73634744 0.609703362 0.388613284
v 1.73609209 0.588587105 0.377474815
v 1.73351932 0.56782788 0.377352566
v 1.72732854 0.547984719 0.37712419
v 1.71877551 0.529362977 0.376894295
v 1.7080729 0.512236953 0.376663059
v 1.6958735 0.496547878 0.376480013
v 1.68300962 0.481705606 0.376436442
v 1.66874743 0.468245834 0.376441121
v 1.65333438 0.456000507 0.376522988
v 1.63689327 0.444715589 0.376713306
v 1.61952138 0.433690131 0.377086043
v 1.60037875 0.425101936 0.377429932
v 1.57992768 0.417952359 0.377867788
v 1.55850005 0.418640435 0.377801299
v 1.53773427 0.423678249 0.377569735
v 1.517658 0.429980785 0.377462268
v 1.4979043 0.437092572 0.377526015
v 1.48043847 0.448733687 0.377353251
v 1.4637754 0.461160094 0.377328217
v 1.44996047 0.476621151 0.37715295
v 1.43759418 0.492975503 0.377066344
v 1.42668462 0.510242999 0.37706238
v 1.41671968 0.528219163 0.377194107
v 1.40827417 0.547270536 0.377401382
v 1.40115404 0.567359149 0.377713531
v 1.39685273 0.588587344 0.377999663
v 1.40102315 0.609831989 0.377726287
v 1.40694308 0.630245805 0.377533853
v 1.41432524 0.649903536 0.37744239
v 1.42446232 0.668153465 0.377306998
v 1.43662453 0.684903502 0.377181977
v 1.45209026 0.698553681 0.376871198
v 1.46780825 0.711139739 0.376717955
v 1.4833498 0.723854005 0.376829207
v 1.5003922 0.73479557 0.376962423
v 1.51873684 0.743873775 0.377125561
v 1.53809905 0.751585901 0.377382159
v 1.55855203 0.757716238 0.377722234
v 1.5797224 0.755952418 0.377551764
v 1.60043001 0.752338767 0.377456069
v 1.6211555 0.748512447 0.377596051
v 1.64067054 0.740485489 0.377569079
v 1.65948772 0.730869293 0.3776308
v 1.67824769 0.720412135 0.377878845
v 1.69575596 0.707437813 0.378123075
v 1.71166444 0.692098677 0.378362864
v 1.72428536 0.673849881 0.378447622
v 1.73185849 0.652990878 0.378251523
v 1.73621464 0.631470919 0.37800914
v 1.73699236 0.609784842 0.377690136
v 1.73704386 0.588587165 0.366757035
v 1.73370194 0.567804873 0.366691828
v 1.72778201 0.547868311 0.366624862
v 1.71938038 0.529123485 0.36655426
v 1.70920897 0.511612415 0.366498083
v 1.69704032 0.49570024 0.366441935
v 1.6838243 0.480940551 0.36641708
v 1.6691854 0.467716277 0.366404831
v 1.65343118 0.455847949 0.366415828
v 1.63676929 0.444978833 0.366463959
v 1.61933327 0.434269011 0.366577655
v 1.60038829 0.425052404 0.366713107
v 1.57985997 0.419028074 0.366822481
v 1.55858064 0.419919014 0.366793841
v 1.53787565 0.424419641 0.36673376
v 1.51789212 0.430701584 0.366697937
v 1.49788451 0.43705076 0.366744936
v 1.48076582 0.449249268 0.366666377
v 1.46450114 0.462037265 0.366641104
v 1.45043373 0.477065414 0.366598576
v 1.43851447 0.493644148 0.366554201
v 1.42732978 0.510597646 0.366565764
v 1.41724348 0.528426468 0.366615087
v 1.40827823 0.547271609 0.366701931
v 1.40130901 0.56737864 0.366800755
v 1.39963222 0.588587284 0.366811693
v 1.40245271 0.609651506 0.36676383
v 1.40709472 0.630206883 0.366741002
v 1.41412354 0.649983466 0.366722554
v 1.42333174 0.668774903 0.366711974
v 1.43463993 0.686345518 0.366707772
v 1.45128369 0.699311018 0.366561323
v 1.46699214 0.712126374 0.366515905
v 1.48265028 0.724956095 0.366553634
v 1.49968195 0.736304879 0.366609573
v 1.51856518 0.744402349 0.36662817
v 1.53784561 0.752913594 0.366738945
v 1.55849361 0.758642316 0.366838396
v 1.57975388 0.75645268 0.366768062
v 1.600492 0.752664626 0.366730839
v 1.62136388 0.749153256 0.366788298
v 1.64114618 0.741496146 0.366793573
v 1.65968037 0.73117274 0.366789818
v 1.67778349 0.719850779 0.366837323
v 1.6947217 0.706466675 0.366896391
v 1.71067071 0.691376805 0.366982251
v 1.72393155 0.673655391 0.367036939
v 1.73098111 0.652643383 0.366954327
v 1.73509645 0.631183743 0.366866916
v 1.73720503 0.609811723 0.366804808
v 1.73697519 0.588587165 0.355993748
v 1.73323941 0.567863286 0.356071711
v 1.72811961 0.547781587 0.35611254
v 1.71951294 0.529071033 0.356189758
v 1.70945978 0.51147455 0.356241286
v 1.69774032 0.495191604 0.356278867
v 1.68412542 0.480657786 0.356318235
v 1.66927791 0.467604518 0.356339097
v 1.65326238 0.456114113 0.356342882
v 1.6365006 0.445549697 0.356304854
v 1.61890173 0.435597122 0.356215715
v 1.60005975 0.426774383 0.356091678
v 1.57968616 0.421791971 0.356014907
v 1.55871558 0.422063649 0.356023639
v 1.53834176 0.426863939 0.356094629
v 1.51852369 0.432644963 0.356116146
v 1.49869156 0.438765794 0.356064439
v 1.48123741 0.449992359 0.356110424
v 1.46533585 0.463046432 0.356149465
v 1.45105314 0.477647096 0.356177241
v 1.43962264 0.494449377 0.356238335
v 1.42825198 0.511104584 0.35621655
v 1.4181881 0.528800488 0.356166065
v 1.40973997 0.54764688 0.356095046
v 1.40380287 0.56769371 0.356028408
v 1.40218019 0.588587284 0.356018573
v 1.40290546 0.609594285 0.35599938
v 1.40757513 0.630083621 0.356023461
v 1.41399002 0.650036275 0.356021434
v 1.42214537 0.669427037 0.355993181
v 1.43384171 0.686925292 0.356009185
v 1.45105696 0.699523747 0.3561773
v 1.4669137 0.712221086 0.356228739
v 1.4822433 0.72559756 0.356170595
v 1.49950695 0.736676753 0.356125832
v 1.51887107 0.743461072 0.356152177
v 1.53829527 0.750557184 0.356086582
v 1.55864549 0.756229341 0.355987698
v 1.57974458 0.756307721 0.355985165
v 1.60050988 0.752758622 0.356014699
v 1.62132335 0.749028802 0.355964482
v 1.64074874 0.740651429 0.355984956
v 1.6593883 0.730712652 0.355976254
v 1.6772933 0.719258308 0.355935901
v 1.6936779 0.705486298 0.355898112
v 1.70897961 0.690148175 0.355833352
v 1.72232556 0.672772527 0.355770409
v 1.72879052 0.651776075 0.3558698
v 1.73345757 0.630762935 0.355935901
v 1.73678088 0.609758139 0.355957478
v 1.73584342 0.588587105 0.345297724
v 1.73250818 0.567955613 0.3454943
v 1.72784281 0.547852695 0.345573187
v 1.71904325 0.529256999 0.345826536
v 1.70900154 0.511726439 0.345983267
v 1.697299 0.495512277 0.346098572
v 1.68391442 0.480856031 0.34619239
v 1.66851115 0.46853137 0.346343219
v 1.65263128 0.457108557 0.34635219
v 1.63592267 0.446778089 0.346255183
v 1.61835551 0.437278539 0.34602654
v 1.59958982 0.429238647 0.34572491
v 1.57952857 0.424295247 0.345493883
v 1.55889988 0.424994618 0.345561475
v 1.53880954 0.429314792 0.345732391
v 1.5190506 0.434267193 0.345721096
v 1.49967289 0.440850765 0.345623255
v 1.48236537 0.451769888 0.345742226
v 1.46655631 0.464521527 0.345841229
v 1.45236802 0.478882045 0.345914245
v 1.4408586 0.495347291 0.346071512
v 1.42966175 0.511879683 0.346013933
v 1.41968441 0.529392898 0.345862061
v 1.41187835 0.548195899 0.345706105
v 1.40576744 0.567941964 0.345483571
v 1.40358019 0.588587284 0.345397919
v 1.40397644 0.609458923 0.345309466
v 1.40821028 0.629920483 0.345340878
v 1.41446543 0.649848104 0.345320672
v 1.42180872 0.669612169 0.345149487
v 1.43514585 0.685977876 0.34539029
v 1.45092058 0.699652135 0.345722586
v 1.46705079 0.712055326 0.345915973
v 1.48224592 0.725593328 0.345720619
v 1.50014544 0.735319793 0.345730275
v 1.51926136 0.742259741 0.34578678
v 1.53867602 0.748560667 0.345663548
v 1.55881643 0.753513277 0.345432609
v 1.57964087 0.75465703 0.345322043
v 1.60045457 0.752468228 0.345279783
v 1.62117004 0.748556972 0.345148027
v 1.64021325 0.739513397 0.345283151
v 1.65875912 0.729721427 0.345248938
v 1.67601323 0.717711031 0.3452079
v 1.69204021 0.703948557 0.345117211
v 1.70660496 0.688422859 0.344989032
v 1.71894932 0.670916378 0.344888389
v 1.72648525 0.650863469 0.345054537
v 1.73149395 0.630258858 0.345209569
v 1.73511314 0.609547436 0.345241159
v 1.73390794 0.588587165 0.334744304
v 1.73143768 0.568090856 0.334935158
v 1.72596312 0.548335314 0.335206568
v 1.71778369 0.529755771 0.335536748
v 1.70756269 0.512517512 0.335845947
v 1.69648385 0.496104449 0.335936517
v 1.68274212 0.481956869 0.336190909
v 1.66755557 0.469686568 0.336426049
v 1.65171242 0.458556205 0.336475909
v 1.63515115 0.448417425 0.336329103
v 1.61782289 0.438917816 0.335931629
v 1.59907031 0.431961447 0.335595638
v 1.57934594 0.427199692 0.335230798
v 1.55910993 0.428331494 0.335414141
v 1.53922343 0.431484848 0.335517168
v 1.51964116 0.436084479 0.335450023
v 1.50087643 0.44340834 0.335434109
v 1.48404312 0.454413444 0.335682631
v 1.46832776 0.466662914 0.335791618
v 1.45427704 0.480674744 0.335888177
v 1.44247651 0.496522903 0.336051732
v 1.43111706 0.512679756 0.335900426
v 1.42129111 0.530029118 0.335656792
v 1.41342878 0.548593998 0.335374773
v 1.40741801 0.568150401 0.335011929
v 1.40525484 0.588587284 0.33487013
v 1.40549684 0.609266877 0.334698945
v 1.40939116 0.629617333 0.334700853
v 1.41527867 0.64952606 0.334611326
v 1.42344046 0.668715239 0.334484071
v 1.43568563 0.685585678 0.334694594
v 1.451087 0.699495792 0.33518061
v 1.46713305 0.711956024 0.335488528
v 1.48293281 0.724510849 0.335347533
v 1.50081706 0.733892202 0.335411519
v 1.51978254 0.740655601 0.335523814
v 1.53914642 0.746095419 0.335450381
v 1.55895233 0.751353264 0.335007489
v 1.57953334 0.752949059 0.334748983
v 1.60034466 0.751891494 0.334496379
v 1.62078094 0.747359633 0.334384173
v 1.63964677 0.738309443 0.334622294
v 1.65769506 0.728044391 0.334670931
v 1.67446089 0.715834498 0.334674716
v 1.68983936 0.701881886 0.334617019
v 1.7038579 0.686426938 0.334463149
v 1.71524763 0.668881357 0.33442837
v 1.72343731 0.649656713 0.334553838
v 1.72934675 0.629707515 0.334641963
v 1.73277378 0.609251916 0.334717602
v 1.73088956 0.588587165 0.324467808
v 1.72882938 0.568420291 0.324648231
v 1.72350073 0.54896754 0.325011849
v 1.71557093 0.53063184 0.325441033
v 1.70545959 0.513673604 0.325882077
v 1.69412494 0.497818291 0.326127738
v 1.68100357 0.483589321 0.32636562
v 1.66623783 0.471279472 0.326625079
v 1.65062881 0.460264027 0.32668522
v 1.63416171 0.450520515 0.326546818
v 1.61689234 0.441781729 0.32614252
v 1.59845901 0.435166389 0.325725555
v 1.57910848 0.430976838 0.325329632
v 1.55932021 0.431675404 0.325489372
v 1.53964996 0.433720738 0.325389624
v 1.52045608 0.438592225 0.325377077
v 1.50229478 0.446422845 0.325513214
v 1.48572612 0.457065403 0.325820565
v 1.47019744 0.468923032 0.325927019
v 1.4563539 0.482625037 0.326044112
v 1.44420433 0.497778207 0.326112121
v 1.43295097 0.513687968 0.325888783
v 1.42335796 0.530847311 0.325574517
v 1.41555309 0.54913938 0.325169593
v 1.40953851 0.568418264 0.324644685
v 1.40733075 0.588587284 0.324430496
v 1.40752292 0.609010875 0.32418099
v 1.41087651 0.629235923 0.324067652
v 1.41724014 0.648749471 0.324072778
v 1.42568755 0.667479813 0.323996872
v 1.43721533 0.684474289 0.324140251
v 1.45187259 0.698758066 0.32464084
v 1.46769166 0.711280823 0.325029671
v 1.4840591 0.722735882 0.325110495
v 1.50190258 0.731585681 0.32530278
v 1.52059031 0.738169432 0.32547611
v 1.53961182 0.743654907 0.325342864
v 1.55911088 0.748831928 0.324727148
v 1.57936168 0.750218332 0.324410051
v 1.5999763 0.749960184 0.323877692
v 1.61978912 0.74430728 0.324003041
v 1.6387794 0.736466527 0.324071467
v 1.65631795 0.725874364 0.324261904
v 1.67264962 0.71364516 0.324329227
v 1.6875062 0.699690759 0.324329734
v 1.70080233 0.684206903 0.324243993
v 1.71172571 0.6669451 0.324249923
v 1.72021675 0.648381591 0.324300438
v 1.72646475 0.628967524 0.324313462
v 1.73041439 0.608953893 0.324283779
v 1.72736168 0.588587165 0.314430475
v 1.72518826 0.56888032 0.314707637
v 1.72023487 0.549805999 0.31509164
v 1.71289444 0.531691492 0.315503031
v 1.70296836 0.515043199 0.316065907
v 1.69208694 0.499299109 0.316289425
v 1.67965579 0.484855086 0.316399872
v 1.66473579 0.47309494 0.316887707
v 1.64933157 0.462308019 0.316985101
v 1.63300848 0.452970833 0.316890389
v 1.61591125 0.444801122 0.316503167
v 1.59777188 0.438768476 0.316107064
v 1.57884288 0.435197383 0.315758973
v 1.55954933 0.435316265 0.315794319
v 1.54020882 0.436650366 0.31546706
v 1.52139473 0.441481352 0.315467149
v 1.50393748 0.449913919 0.31588766
v 1.48743939 0.459765315 0.316091269
v 1.47222424 0.471372783 0.316224277
v 1.45826912 0.48442331 0.316212535
v 1.44607806 0.499139518 0.31620872
v 1.43515396 0.514898956 0.315977037
v 1.42558455 0.531728923 0.315533191
v 1.41779351 0.549714684 0.314982474
v 1.41225648 0.568761706 0.314426452
v 1.4095366 0.588587344 0.313989311
v 1.40941691 0.608771622 0.313576877
v 1.41325307 0.628625631 0.313591033
v 1.41930842 0.647930503 0.3135297
v 1.42851591 0.665924847 0.313728839
v 1.44002533 0.682432652 0.313988149
v 1.45387268 0.696879685 0.314422607
v 1.4685421 0.710252523 0.314509928
v 1.48537707 0.720659256 0.314948916
v 1.5030365 0.729176283 0.315259337
v 1.52142262 0.735607564 0.315493852
v 1.54012895 0.740943909 0.315340191
v 1.55930519 0.74574399 0.314638704
v 1.57918835 0.747464359 0.314127088
v 1.59921026 0.745944917 0.313829154
v 1.61878514 0.741216958 0.313743234
v 1.63738847 0.733510554 0.313837409
v 1.65481567 0.723507464 0.313947558
v 1.67057467 0.711136937 0.314169198
v 1.68498921 0.697327316 0.314228386
v 1.69766474 0.681927502 0.314243108
v 1.70827246 0.665046692 0.314269423
v 1.71675396 0.647010684 0.314270854
v 1.72318292 0.628124893 0.314188153
v 1.72712731 0.608538687 0.314127326
v 1.72311282 0.588587165 0.304730147
v 1.72144508 0.569353223 0.304898709
v 1.71717691 0.550591171 0.305148214
v 1.71032691 0.532708049 0.305512637
v 1.70056176 0.516366184 0.306204975
v 1.6898551 0.500920475 0.306486607
v 1.677809 0.486589372 0.306540757
v 1.66313338 0.475032061 0.307138562
v 1.64780307 0.464716464 0.307383925
v 1.6317122 0.455725491 0.307337075
v 1.614815 0.448175073 0.307042092
v 1.59701562 0.442732304 0.306730419
v 1.57858372 0.439314812 0.306332022
v 1.55978203 0.439017057 0.30622223
v 1.5409317 0.440439939 0.305871576
v 1.52265358 0.445355624 0.305951089
v 1.50560617 0.453459918 0.306415588
v 1.4894073 0.462865919 0.306577295
v 1.47415233 0.473703593 0.306504041
v 1.46019793 0.486234635 0.306349993
v 1.44799829 0.500534654 0.306244999
v 1.43782878 0.516369641 0.306207627
v 1.42802191 0.532693923 0.30549854
v 1.42013383 0.550315499 0.304740131
v 1.41490531 0.569096327 0.304144025
v 1.41262841 0.588587284 0.303757399
v 1.41267133 0.608360529 0.303315401
v 1.41611505 0.627890885 0.30321306
v 1.42255616 0.646644652 0.303335011
v 1.4313035 0.664392352 0.303467214
v 1.44285512 0.680376709 0.303905368
v 1.45629668 0.694603562 0.304380357
v 1.47073579 0.707600832 0.304531455
v 1.48689532 0.718266666 0.304852098
v 1.50432348 0.726441145 0.305306643
v 1.52245283 0.732437611 0.305711687
v 1.54071522 0.737870276 0.305446088
v 1.55953288 0.74212265 0.304760069
v 1.57898521 0.7442348 0.303981215
v 1.59837723 0.741578043 0.304056942
v 1.61718249 0.736284435 0.304223031
v 1.63561296 0.72973758 0.303965837
v 1.65270138 0.720175862 0.304019958
v 1.66813731 0.70819062 0.304249763
v 1.68222022 0.694727123 0.304313838
v 1.6943469 0.679516971 0.304443359
v 1.70464015 0.663049877 0.304492325
v 1.71308446 0.645557821 0.304421246
v 1.71927333 0.62712115 0.304351777
v 1.72277975 0.60798943 0.304403692
v 1.71853805 0.588587105 0.295263439
v 1.71709919 0.569902182 0.295379937
v 1.71369457 0.5514853 0.2953327
v 1.70727134 0.533917785 0.2956343
v 1.69773173 0.517922044 0.296442032
v 1.6873734 0.502723694 0.29670912
v 1.67562199 0.48864311 0.296744257
v 1.66118932 0.477381915 0.297485292
v 1.64618373 0.467268258 0.297768295
v 1.63028908 0.458750099 0.297853827
v 1.61359215 0.45193848 0.297770977
v 1.5962503 0.446743816 0.297452182
v 1.57831192 0.443633556 0.297080725
v 1.56003785 0.443081737 0.296835959
v 1.54178905 0.444934845 0.296636939
v 1.52409482 0.449791342 0.296771586
v 1.50741625 0.457306623 0.297147602
v 1.49138784 0.465987086 0.29709658
v 1.47632575 0.476330787 0.296881437
v 1.46251941 0.488414645 0.296596497
v 1.4506793 0.502482414 0.296527445
v 1.4406538 0.51792258 0.296442509
v 1.43135858 0.534015 0.295751065
v 1.423563 0.551196098 0.294817507
v 1.41847086 0.569546759 0.294124007
v 1.41651821 0.588587284 0.293789953
v 1.41676784 0.607842982 0.293364197
v 1.41982508 0.626938343 0.29310903
v 1.42580032 0.645360231 0.29310447
v 1.43434024 0.662722826 0.293253064
v 1.44618964 0.677954078 0.29407081
v 1.45904231 0.692025065 0.294484973
v 1.47344542 0.704325616 0.294880986
v 1.4892447 0.71456486 0.295325786
v 1.50604534 0.722781956 0.295721889
v 1.52363777 0.728789926 0.296116769
v 1.5414412 0.734065175 0.295814216
v 1.55978417 0.738128603 0.295045763
v 1.57872128 0.740041137 0.29419747
v 1.59757662 0.73738122 0.294319749
v 1.61572957 0.731813014 0.294709533
v 1.63369226 0.725656211 0.294315666
v 1.65039563 0.716542661 0.294288784
v 1.66554499 0.705057025 0.294460684
v 1.6790309 0.691732109 0.294674248
v 1.69072533 0.676885664 0.294875026
v 1.70064473 0.660853386 0.294970542
v 1.70872545 0.643831849 0.294942081
v 1.71466517 0.625937998 0.294889033
v 1.7178216 0.607363105 0.295057744
v 1.71347117 0.588587165 0.286103934
v 1.71237135 0.57049948 0.286084235
v 1.70927358 0.552620471 0.28592363
v 1.70341825 0.535443366 0.286059916
v 1.69475222 0.519560039 0.286623627
v 1.68460512 0.504734993 0.286949724
v 1.67290068 0.49119851 0.287153453
v 1.65918231 0.479807764 0.287721872
v 1.64444423 0.470008969 0.288106322
v 1.62866783 0.462195039 0.288499922
v 1.61230445 0.455901414 0.288589865
v 1.59541965 0.451099098 0.288353443
v 1.57802296 0.448228627 0.288004547
v 1.56033707 0.447835445 0.287799031
v 1.54274273 0.449933201 0.287734181
v 1.52557635 0.454351366 0.287739545
v 1.50923848 0.46117869 0.287913889
v 1.49356866 0.469423294 0.287744433
v 1.47894239 0.479493946 0.287509382
v 1.46544528 0.49116239 0.287125945
v 1.45393705 0.504849315 0.287051231
v 1.44399667 0.51976037 0.286840498
v 1.43505931 0.535480261 0.286111951
v 1.42771196 0.552261353 0.285169959
v 1.42325687 0.570151329 0.28463456
v 1.42112017 0.588587344 0.284124851
v 1.4213624 0.607262552 0.283638358
v 1.42378426 0.625921786 0.283054352
v 1.42942333 0.643925846 0.282949358
v 1.43841696 0.660481691 0.283518612
v 1.4500525 0.675147474 0.284546375
v 1.46256685 0.688715458 0.28506574
v 1.476439 0.700707078 0.285460174
v 1.49183726 0.710479677 0.286058515
v 1.5080235 0.7185781 0.286424994
v 1.52494645 0.724762619 0.286675632
v 1.54221058 0.730031133 0.286252409
v 1.56008101 0.733408689 0.285671562
v 1.57836699 0.734409571 0.285148352
v 1.59656215 0.732063353 0.285173059
v 1.61421061 0.7271384 0.285372347
v 1.63133097 0.720637798 0.285237312
v 1.64784503 0.712523639 0.284795403
v 1.6627841 0.701719761 0.284774303
v 1.67544413 0.688363791 0.285333484
v 1.68673038 0.673983216 0.285579145
v 1.69631004 0.658470392 0.285696149
v 1.70399547 0.64195919 0.285735935
v 1.70960164 0.624637902 0.285746783
v 1.71272373 0.606719077 0.285898924
v 1.70812178 0.588587165 0.277154386
v 1.70712709 0.571161985 0.277092785
v 1.70464039 0.55381006 0.276601583
v 1.69883657 0.537257373 0.276847303
v 1.69133639 0.521437883 0.276878208
v 1.68119979 0.507208943 0.277445734
v 1.66978979 0.494119853 0.277717978
v 1.65676355 0.48273167 0.278091788
v 1.64242482 0.473191381 0.278522998
v 1.62697744 0.465787679 0.279102445
v 1.61098361 0.459967017 0.279391438
v 1.59451795 0.455825329 0.279442012
v 1.57769513 0.453441381 0.279286116
v 1.56067514 0.453210801 0.279146045
v 1.54378772 0.455411613 0.279186696
v 1.52720046 0.459349573 0.278997838
v 1.51118207 0.465309232 0.278781831
v 1.49607825 0.473377824 0.2786569
v 1.48209643 0.483306289 0.27854389
v 1.46893406 0.494438499 0.278000116
v 1.45752215 0.507454097 0.277698427
v 1.44790268 0.521907747 0.277469277
v 1.43935466 0.537180901 0.276721209
v 1.43276024 0.553557456 0.275985688
v 1.42832565 0.570791662 0.275301337
v 1.4264009 0.588587284 0.274813235
v 1.42651248 0.606612027 0.274193347
v 1.42795849 0.624850094 0.272980422
v 1.43478298 0.641803801 0.2737405
v 1.44355178 0.657658756 0.274459362
v 1.45441937 0.671974838 0.275373399
v 1.46622682 0.685278594 0.275748521
v 1.47966003 0.696813464 0.27622664
v 1.49464154 0.706060529 0.277031451
v 1.51027369 0.713796258 0.277488112
v 1.52639318 0.720310211 0.277413636
v 1.54313111 0.725206435 0.277061433
v 1.56043911 0.727719188 0.276864827
v 1.57796621 0.728042722 0.276668251
v 1.5954752 0.726365805 0.276345909
v 1.61255145 0.722031653 0.276316404
v 1.62892795 0.715530992 0.276325792
v 1.64471745 0.707595408 0.275929213
v 1.65921783 0.697408974 0.275757879
v 1.6714716 0.684633434 0.276319534
v 1.68232203 0.67078042 0.276604861
v 1.69158626 0.655873477 0.276705354
v 1.69887185 0.639930606 0.276824445
v 1.70426965 0.623268783 0.276833683
v 1.70731568 0.606035888 0.276977628
v 1.70248199 0.588587165 0.268397361
v 1.70170116 0.571847379 0.268207282
v 1.6992712 0.555188596 0.267693728
v 1.69392276 0.539202869 0.267796218
v 1.68645549 0.524121225 0.268030643
v 1.67689133 0.5103392 0.268513173
v 1.66628194 0.497414142 0.268468469
v 1.653579 0.486581385 0.269026935
v 1.63963056 0.477594405 0.269675523
v 1.62493014 0.470138252 0.270058632
v 1.60941005 0.464809924 0.270589322
v 1.59347343 0.461300343 0.270983398
v 1.57732773 0.459277779 0.270995289
v 1.56105447 0.459238619 0.270967901
v 1.54487729 0.461123198 0.270857632
v 1.52893353 0.464683652 0.270496696
v 1.51354742 0.470335722 0.270210862
v 1.49888277 0.477797151 0.269843042
v 1.48570967 0.487673908 0.270016044
v 1.4730587 0.498311639 0.269383043
v 1.46160769 0.510422289 0.268611699
v 1.45195794 0.52413708 0.268053442
v 1.44424224 0.539116085 0.267631561
v 1.43820715 0.554955959 0.267040938
v 1.43366957 0.571466744 0.266088098
v 1.43178582 0.588587284 0.265525401
v 1.43189168 0.605932355 0.26483798
v 1.43456578 0.623153567 0.264418542
v 1.44101739 0.639335334 0.265212119
v 1.4493041 0.654496372 0.265940905
v 1.45910048 0.668573737 0.266449839
v 1.47009301 0.681647778 0.266545027
v 1.48301959 0.692752421 0.267071992
v 1.49763989 0.701336026 0.268224806
v 1.51263595 0.708775759 0.268717498
v 1.52804375 0.715230286 0.268487275
v 1.54417181 0.719750166 0.268230826
v 1.56080151 0.721959352 0.268155634
v 1.57759476 0.722139001 0.268030107
v 1.59431291 0.720272899 0.267859578
v 1.61082196 0.716709375 0.267402381
v 1.62651324 0.710399985 0.267465293
v 1.64147878 0.702491879 0.267269701
v 1.65543342 0.692834139 0.266997784
v 1.66718984 0.680612683 0.267599612
v 1.67755485 0.667316914 0.267941087
v 1.6865027 0.653078854 0.267992973
v 1.69345355 0.637785375 0.268148452
v 1.69856644 0.621804476 0.268201351
v 1.7015512 0.605307758 0.268312842
v 1.69651532 0.588587165 0.259837538
v 1.69597363 0.57257092 0.259465873
v 1.69373322 0.556610525 0.25883469
v 1.68864632 0.541292012 0.258918136
v 1.6813066 0.526951909 0.259346038
v 1.67217684 0.51376462 0.259859324
v 1.66190219 0.501526892 0.259952098
v 1.64985847 0.491078705 0.26045391
v 1.63672376 0.482174754 0.260867
v 1.62258816 0.47511518 0.261365235
v 1.60762525 0.47030291 0.262191385
v 1.5924027 0.466914117 0.262593597
v 1.57695436 0.465213895 0.262792856
v 1.56143975 0.465363324 0.262912214
v 1.54599524 0.466984242 0.26265049
v 1.53082085 0.470491886 0.262349784
v 1.51613688 0.475838482 0.262002677
v 1.50207257 0.48282364 0.261479855
v 1.48956656 0.492336303 0.261755496
v 1.4776473 0.502620697 0.261226326
v 1.46582913 0.513489425 0.259485871
v 1.45622921 0.526485264 0.258573443
v 1.44944596 0.541176319 0.25866729
v 1.44373465 0.556375206 0.258079797
v 1.43919849 0.572165251 0.256883562
v 1.43796253 0.588587284 0.256721854
v 1.43872571 0.605069041 0.256503314
v 1.44135475 0.621410429 0.256120265
v 1.44738388 0.636814713 0.256898731
v 1.45529366 0.651203632 0.25772202
v 1.46415281 0.664903104 0.257833302
v 1.47458148 0.677432835 0.257872283
v 1.48681569 0.688163817 0.258313537
v 1.50071669 0.696487725 0.259461552
v 1.5150938 0.703552604 0.260048985
v 1.5298903 0.709547102 0.259947717
v 1.54534936 0.713576794 0.259900987
v 1.56117845 0.71596843 0.259590298
v 1.57720089 0.715875268 0.259664685
v 1.5931406 0.714127183 0.259454072
v 1.60880327 0.710496187 0.259151876
v 1.62394094 0.704933286 0.258831948
v 1.63822412 0.697363138 0.258634478
v 1.65132236 0.687865019 0.258622587
v 1.66265297 0.676352262 0.259130776
v 1.67254567 0.663677573 0.259495586
v 1.6812017 0.650164604 0.259441346
v 1.68777466 0.635536909 0.259665817
v 1.6925714 0.620265186 0.259791315
v 1.69549632 0.604542851 0.259849638
v 1.69019508 0.588587165 0.251482606
v 1.68972611 0.573360264 0.251038671
v 1.68772721 0.558152616 0.250232279
v 1.68301702 0.543520808 0.250194311
v 1.67601109 0.529863119 0.250671208
v 1.66725397 0.517341197 0.251293778
v 1.65720081 0.505941689 0.251730323
v 1.645962 0.495788515 0.25199616
v 1.63362098 0.487064093 0.252174318
v 1.62004256 0.480524987 0.252912462
v 1.60579157 0.475946426 0.253812492
v 1.59126663 0.472869158 0.25438723
v 1.57656813 0.471351922 0.254693806
v 1.56182218 0.47144413 0.2547777
v 1.54715443 0.473060906 0.254564434
v 1.5327704 0.47649169 0.254333079
v 1.51880932 0.481517822 0.253908873
v 1.50550914 0.488238752 0.253437698
v 1.49346709 0.497051209 0.253484398
v 1.48223424 0.506928205 0.253039092
v 1.47113633 0.517345369 0.251300067
v 1.46182537 0.529561758 0.250102907
v 1.45516443 0.543440402 0.249995813
v 1.44965434 0.557895064 0.249291703
v 1.44546437 0.572956741 0.248114601
v 1.4444952 0.588587224 0.248127475
v 1.44586921 0.604166567 0.248485312
v 1.44898462 0.619451404 0.248663619
v 1.45444822 0.634017706 0.249296159
v 1.46148777 0.647798479 0.249752894
v 1.46976352 0.660826504 0.249759004
v 1.47932148 0.672981679 0.249410152
v 1.4908905 0.683238089 0.249813125
v 1.5039959 0.691320658 0.250872433
v 1.51768446 0.6980474 0.25150919
v 1.53182912 0.703579485 0.251566887
v 1.54650164 0.707537055 0.251399219
v 1.56160688 0.709157944 0.251658648
v 1.57676935 0.709016263 0.251787424
v 1.59186053 0.707417369 0.251509756
v 1.60662198 0.703783333 0.251372129
v 1.62102222 0.698730469 0.250823468
v 1.63447261 0.691452146 0.250730783
v 1.6467154 0.682296157 0.250923157
v 1.65757775 0.671586215 0.251261145
v 1.6672833 0.659854174 0.251260906
v 1.67549086 0.647024989 0.251210302
v 1.68189669 0.633209765 0.251288503
v 1.68630576 0.618656516 0.251565099
v 1.68911147 0.603736222 0.25160116
v 1.68346667 0.588587165 0.243376479
v 1.6830678 0.574201405 0.242854014
v 1.68100095 0.559879601 0.242177933
v 1.67675591 0.545999825 0.241917431
v 1.67073727 0.532762349 0.241720334
v 1.66225362 0.5209741 0.24259609
v 1.65256095 0.510298848 0.24328281
v 1.64188147 0.500721276 0.243623182
v 1.62997794 0.49280414 0.244235098
v 1.61725044 0.486458659 0.244825929
v 1.60378671 0.482116163 0.24577646
v 1.59008002 0.479089856 0.246270463
v 1.57617021 0.477675557 0.246622458
v 1.56221747 0.477725863 0.246674523
v 1.54837394 0.479453266 0.246652469
v 1.53479481 0.482722282 0.246434465
v 1.52161813 0.487486899 0.245999306
v 1.50916767 0.494003534 0.245701879
v 1.49764585 0.502102315 0.245473951
v 1.48704815 0.511448741 0.245017186
v 1.47686195 0.521505177 0.243528917
v 1.46789575 0.532898903 0.242012963
v 1.4614234 0.545918524 0.24168928
v 1.45677471 0.559723318 0.24152872
v 1.45335221 0.573953271 0.240809128
v 1.45180345 0.588587224 0.240160674
v 1.45334268 0.603222489 0.240799174
v 1.45667434 0.617477 0.241421521
v 1.46167946 0.631154716 0.241973415
v 1.46810102 0.644162714 0.242254734
v 1.47585058 0.656404078 0.242238119
v 1.48450375 0.668115139 0.241413012
v 1.4953177 0.677886546 0.241702259
v 1.50753641 0.685741663 0.242557943
v 1.52050042 0.692063153 0.243288249
v 1.53389764 0.697213352 0.243436515
v 1.54779792 0.700741589 0.243477359
v 1.56205249 0.702075064 0.243957028
v 1.5763247 0.701951623 0.244084612
v 1.59052587 0.700420856 0.243814483
v 1.60438943 0.696912289 0.243763313
v 1.61784077 0.691969872 0.243394583
v 1.63056779 0.685299039 0.243099049
v 1.64200664 0.676604211 0.243420437
v 1.65245128 0.666772187 0.243438601
v 1.66171265 0.65580678 0.243286952
v 1.669554 0.643761218 0.243114784
v 1.67562723 0.63072753 0.243170679
v 1.6797657 0.616977334 0.243494853
v 1.68242598 0.602891684 0.243522048
v 1.67641115 0.588587165 0.23542887
v 1.67590666 0.575106025 0.235025167
v 1.67389894 0.561703146 0.234390616
v 1.66998196 0.548681736 0.234039098
v 1.66416168 0.53637737 0.234071299
v 1.65667081 0.525030315 0.234359249
v 1.64775038 0.514816284 0.234786183
v 1.63738799 0.506152809 0.235702127
v 1.62606001 0.49897787 0.236706823
v 1.61407471 0.493207335 0.237551033
v 1.6015873 0.488886058 0.238232657
v 1.58877921 0.485909581 0.238588408
v 1.57575035 0.484349638 0.238688752
v 1.56263876 0.484421492 0.238773361
v 1.54963779 0.486079484 0.23879154
v 1.53692698 0.489284992 0.238725364
v 1.52469516 0.494025975 0.238613769
v 1.51300907 0.500056565 0.238207489
v 1.50203586 0.507409155 0.237617284
v 1.49208879 0.516182125 0.237129837
v 1.48291039 0.525899768 0.236096784
v 1.47472429 0.536652923 0.234743252
v 1.46847892 0.548712015 0.234135464
v 1.46436977 0.561673343 0.234249711
v 1.46155214 0.57498914 0.233928785
v 1.46015 0.588587224 0.233286798
v 1.46137834 0.602207303 0.233723104
v 1.46439958 0.615493476 0.234285817
v 1.46904731 0.628237426 0.234853476
v 1.47499681 0.640371799 0.235108316
v 1.48202586 0.651917517 0.234812066
v 1.49038649 0.662590861 0.234386727
v 1.50029159 0.671873927 0.234402567
v 1.51135802 0.679719865 0.234587491
v 1.52354717 0.685588419 0.2354462
v 1.53612709 0.690352321 0.235683367
v 1.54915166 0.693645179 0.235741988
v 1.56250238 0.694922149 0.236220136
v 1.57587242 0.694762051 0.236408472
v 1.58915472 0.693233132 0.236234546
v 1.60212898 0.689955354 0.236173719
v 1.61466002 0.685210407 0.235936686
v 1.62660432 0.679053545 0.235514268
v 1.63736296 0.670991004 0.235748321
v 1.64721274 0.661852956 0.235652581
v 1.65596223 0.651628971 0.235388383
v 1.66332769 0.640338302 0.235189423
v 1.66901183 0.628108263 0.235264882
v 1.67290664 0.615216315 0.235593781
v 1.67538714 0.602002442 0.235640258
v 1.66876197 0.588587165 0.227960169
v 1.66819692 0.576080024 0.227662936
v 1.66631341 0.563650668 0.227019921
v 1.66258526 0.551610291 0.226785094
v 1.65730619 0.540146172 0.226644516
v 1.6503644 0.529612303 0.22693561
v 1.6422441 0.519986928 0.227098376
v 1.63264298 0.511888623 0.227996811
v 1.62200356 0.505370259 0.229312986
v 1.61084366 0.500073314 0.230299011
v 1.59929466 0.495941788 0.230849564
v 1.58740592 0.493107617 0.231133372
v 1.57529926 0.491520286 0.231056258
v 1.56309676 0.491698712 0.231295779
v 1.55099201 0.493177474 0.231228679
v 1.5391202 0.496035039 0.230980963
v 1.52776694 0.500554025 0.23101078
v 1.51696491 0.506290019 0.230772361
v 1.50674987 0.513107181 0.230115786
v 1.49735832 0.521130502 0.229336888
v 1.48902893 0.530345142 0.228606194
v 1.48205376 0.540682375 0.22813578
v 1.4761622 0.551753998 0.227307633
v 1.47229838 0.563709021 0.227333874
v 1.46999049 0.57605511 0.227396369
v 1.46903443 0.588587224 0.227171943
v 1.46981597 0.601141393 0.227160707
v 1.47244215 0.613428533 0.227532849
v 1.47671008 0.625203609 0.228097081
v 1.48216891 0.636428773 0.228311896
v 1.48863363 0.647116661 0.227951154
v 1.49638844 0.656954825 0.227553859
v 1.50544524 0.665644467 0.227373049
v 1.51557684 0.673072159 0.227300718
v 1.52676845 0.678742766 0.227867708
v 1.53847742 0.683118761 0.228192165
v 1.55059075 0.686100543 0.228359222
v 1.5629735 0.687435746 0.228664204
v 1.57539487 0.687173486 0.229016259
v 1.58770418 0.685628176 0.229003429
v 1.5997858 0.682743609 0.228720635
v 1.61145592 0.678401768 0.228372574
v 1.6226058 0.672752976 0.227806732
v 1.63256621 0.665192783 0.228158265
v 1.64166975 0.656647801 0.228154495
v 1.64979577 0.647148728 0.227877676
v 1.65674615 0.636720061 0.22750099
v 1.66204476 0.62534976 0.227564096
v 1.665591 0.613337994 0.228019044
v 1.6678431 0.601049483 0.228140578
v 1.66056585 0.588587165 0.22100018
v 1.66006565 0.577107191 0.220658675
v 1.65829706 0.565708935 0.220045164
v 1.65495872 0.554629862 0.219662726
v 1.64998555 0.544170678 0.219734147
v 1.64365029 0.534490347 0.219983786
v 1.63636255 0.525510013 0.219815642
v 1.62754703 0.518048346 0.220732167
v 1.61776495 0.512049079 0.222111866
v 1.60752726 0.507121325 0.223056719
v 1.59689975 0.503312707 0.223628044
v 1.58595681 0.500704706 0.223928615
v 1.57480478 0.499380022 0.224057093
v 1.56357598 0.499319017 0.223963112
v 1.55242467 0.500687897 0.22390227
v 1.54153275 0.503459632 0.223865315
v 1.53104234 0.507514417 0.223724127
v 1.52106905 0.512756824 0.223399624
v 1.51163054 0.519007087 0.222643584
v 1.50314164 0.526561618 0.222175673
v 1.4957366 0.535218537 0.221886814
v 1.48945308 0.544750214 0.221582085
v 1.48422384 0.554945827 0.220980868
v 1.48053718 0.565824449 0.220758334
v 1.47862625 0.577146053 0.221134529
v 1.47796559 0.588587224 0.221225724
v 1.47870231 0.60001874 0.221252456
v 1.48098993 0.611233771 0.221476346
v 1.48483348 0.621987283 0.221988156
v 1.48971295 0.632281423 0.222037524
v 1.49564147 0.642025173 0.221705943
v 1.50260115 0.651120484 0.22103627
v 1.51075053 0.659231246 0.220522523
v 1.51987004 0.666306973 0.219962001
v 1.53013039 0.671598554 0.22043258
v 1.54095674 0.675488234 0.221000433
v 1.5520947 0.67821759 0.221194968
v 1.56347942 0.679392517 0.221596912
v 1.57489109 0.679163158 0.22194995
v 1.58622265 0.677862883 0.221749619
v 1.59731746 0.675146997 0.221551582
v 1.60807562 0.671217799 0.221078843
v 1.61827755 0.665932715 0.220642388
v 1.62753153 0.659106731 0.220770359
v 1.63583875 0.651172101 0.220920369
v 1.64324522 0.642389536 0.220752969
v 1.64962482 0.63280499 0.220366821
v 1.65434885 0.62230283 0.220670402
v 1.65767765 0.61130619 0.221027821
v 1.65978718 0.600031793 0.221090138
v 1.65208077 0.588587165 0.214197382
v 1.65164423 0.578171074 0.21380879
v 1.65000486 0.567838013 0.213228792
v 1.64700103 0.557780564 0.212782413
v 1.64249444 0.548289061 0.212847441
v 1.63673997 0.539511025 0.2131235
v 1.62996268 0.531520009 0.213351697
v 1.62208915 0.524645865 0.214025274
v 1.61328316 0.519111216 0.215267867
v 1.60401607 0.514583051 0.216150999
v 1.5943749 0.511083305 0.216676205
v 1.58441424 0.508790612 0.217132375
v 1.57429147 0.507538021 0.217178702
v 1.56409025 0.507491231 0.217095435
v 1.55395722 0.508722603 0.2170095
v 1.54406929 0.511266708 0.21701856
v 1.53446984 0.514798224 0.216573253
v 1.52536702 0.519529462 0.216147572
v 1.51692891 0.525411725 0.215790123
v 1.50930429 0.532348454 0.215500236
v 1.5025692 0.54018265 0.215152189
v 1.49709606 0.548951924 0.215290383
v 1.49245906 0.558206379 0.214836091
v 1.48926711 0.568065882 0.214855656
v 1.48764801 0.578285754 0.215433151
v 1.48707008 0.588587224 0.21555759
v 1.48778844 0.598870933 0.215684608
v 1.48984194 0.608960986 0.215909421
v 1.49313283 0.618701339 0.216122821
v 1.49752688 0.627985656 0.216163173
v 1.50280929 0.636817276 0.215679094
v 1.50897908 0.64513123 0.214708522
v 1.51622581 0.652612865 0.213830918
v 1.52455354 0.658926845 0.213451773
v 1.53373909 0.663929701 0.213524759
v 1.54356313 0.667465866 0.214109421
v 1.5536828 0.669891655 0.214406773
v 1.564008 0.670992911 0.214765221
v 1.57436538 0.670809388 0.215091527
v 1.58465791 0.66966033 0.214824691
v 1.59476471 0.667290688 0.214436457
v 1.60441446 0.663437605 0.21449016
v 1.61352062 0.658437014 0.214481413
v 1.62198114 0.652397633 0.214326695
v 1.62958932 0.645303488 0.214261323
v 1.6361289 0.637219131 0.21446465
v 1.64176273 0.628482878 0.214329943
v 1.6461935 0.619073927 0.21432437
v 1.64934087 0.609165668 0.214446709
v 1.65132761 0.598963082 0.214375734
v 1.64312053 0.588587165 0.207860708
v 1.64280486 0.579287767 0.207301453
v 1.64127827 0.570078611 0.20683077
v 1.63856554 0.561120391 0.206439242
v 1.6345017 0.552683115 0.206615612
v 1.62955308 0.544732511 0.206444979
v 1.62336159 0.537718832 0.207069084
v 1.6162653 0.531685591 0.208025485
v 1.60852623 0.526606977 0.208941475
v 1.60031867 0.522440135 0.209570944
v 1.59169722 0.519324422 0.210146889
v 1.582798 0.517264187 0.210600033
v 1.57375026 0.51614058 0.210639983
v 1.56462836 0.516045272 0.210441709
v 1.55556011 0.517124712 0.210305199
v 1.54671097 0.51939708 0.210305586
v 1.53815746 0.522634745 0.210017473
v 1.52987003 0.526625037 0.208985955
v 1.5223155 0.531922936 0.208664879
v 1.5156765 0.538332403 0.208930314
v 1.50977111 0.545415044 0.208856225
v 1.50489593 0.553239942 0.209015533
v 1.50111699 0.561634302 0.20933789
v 1.49847937 0.570431232 0.209774449
v 1.49676871 0.579437971 0.20978944
v 1.49634075 0.588587224 0.210096136
v 1.49695706 0.597712696 0.210183725
v 1.49871159 0.606683552 0.210272297
v 1.50162101 0.61534071 0.210462958
v 1.50547814 0.62361449 0.210395128
v 1.51017642 0.631464779 0.209896728
v 1.51562238 0.638892829 0.208775878
v 1.52211666 0.645492017 0.208016634
v 1.52948761 0.651152194 0.207503363
v 1.53774071 0.655425429 0.20798479
v 1.54637551 0.658810377 0.208049834
v 1.55538511 0.660967946 0.208363682
v 1.56457639 0.661958396 0.208716109
v 1.57380033 0.661827803 0.208987847
v 1.5829823 0.660876274 0.208557352
v 1.59195065 0.658629477 0.208445013
v 1.60052013 0.655162036 0.208589181
v 1.60864568 0.650755227 0.20847939
v 1.61617851 0.645383358 0.208309039
v 1.62296748 0.639085174 0.208191723
v 1.62887931 0.631952167 0.208174422
v 1.63374615 0.624075711 0.208406076
v 1.63774443 0.615728736 0.208273068
v 1.64058065 0.606916368 0.208326891
v 1.64238906 0.597833931 0.208171561
v 1.63364744 0.588587165 0.202169016
v 1.63333392 0.580484152 0.201684311
v 1.63212585 0.572428584 0.200885296
v 1.62988782 0.564556181 0.200132325
v 1.62649655 0.557083905 0.199852243
v 1.62212205 0.550131559 0.199774355
v 1.61663055 0.544039726 0.200635672
v 1.61046958 0.5386917 0.20142515
v 1.60367608 0.534249485 0.202413246
v 1.59644842 0.530664921 0.203256652
v 1.58887196 0.528019309 0.204071417
v 1.58110046 0.526161969 0.204402387
v 1.57317924 0.525217116 0.204539523
v 1.56520128 0.525152683 0.204380184
v 1.55724096 0.525936544 0.203835636
v 1.54947019 0.527888834 0.20373255
v 1.54192877 0.530649006 0.203213215
v 1.53473949 0.534298182 0.202555746
v 1.52817559 0.539006472 0.202434316
v 1.52227664 0.544530451 0.202406496
v 1.51719141 0.550806344 0.202609718
v 1.51301026 0.557700872 0.203015581
v 1.50985742 0.565094888 0.203746811
v 1.50764608 0.572784781 0.204422399
v 1.50629354 0.58064121 0.204777986
v 1.50583267 0.588587224 0.204874665
v 1.50627542 0.596535444 0.204732701
v 1.50771904 0.604370892 0.204608589
v 1.51020265 0.611942887 0.204663754
v 1.51355553 0.619173706 0.204552889
v 1.51774311 0.625967383 0.204293713
v 1.5226903 0.632255554 0.203807458
v 1.52845407 0.63783139 0.203513131
v 1.53493142 0.642573893 0.203440174
v 1.54195189 0.646476626 0.203346193
v 1.54941511 0.64945513 0.203291863
v 1.55720949 0.651404023 0.20341742
v 1.56518388 0.652300596 0.203689471
v 1.57319689 0.652234197 0.203854084
v 1.58114314 0.651235282 0.203841925
v 1.58890152 0.649245739 0.203835785
v 1.59633446 0.646266818 0.203918725
v 1.60343027 0.642537236 0.20354712
v 1.61001039 0.637927413 0.203204855
v 1.6159122 0.632459819 0.203070194
v 1.62116981 0.626350939 0.20268099
v 1.62536621 0.619468868 0.203038767
v 1.62881541 0.612193525 0.202981234
v 1.63137507 0.604552865 0.202799767
v 1.63297796 0.596645057 0.202570036
v 1.62366104 0.588587165 0.197323576
v 1.62341928 0.581736684 0.196753666
v 1.622437 0.574916244 0.195808366
v 1.62065697 0.5682109 0.194663987
v 1.61778545 0.561872959 0.194361404
v 1.61407065 0.555981278 0.194299728
v 1.60959435 0.550647199 0.194447488
v 1.60430551 0.546142459 0.195463151
v 1.59857821 0.542282462 0.196198776
v 1.59239841 0.539271653 0.197220773
v 1.58593035 0.537073076 0.198237702
v 1.57933331 0.53542614 0.198374361
v 1.57258916 0.53459388 0.19843331
v 1.5657897 0.534502804 0.198158666
v 1.55901814 0.535251379 0.19783853
v 1.55239844 0.536900818 0.197692052
v 1.54599762 0.53929615 0.197302267
v 1.53992653 0.542471647 0.196873561
v 1.53436875 0.546492577 0.196832076
v 1.52939224 0.55121249 0.196934581
v 1.52496362 0.556453168 0.196717769
v 1.52168751 0.562471271 0.198101997
v 1.51907706 0.568745196 0.199035704
v 1.51713514 0.575221121 0.199500948
v 1.51593518 0.581859231 0.199697062
v 1.51564813 0.588587224 0.200107083
v 1.51609135 0.595295429 0.200171411
v 1.5173552 0.601896763 0.200184986
v 1.51944757 0.608282626 0.200234592
v 1.52219224 0.614425838 0.199836001
v 1.52576995 0.620135486 0.19971931
v 1.53003359 0.625359833 0.199583471
v 1.53489923 0.630040526 0.199338451
v 1.54036427 0.634013176 0.199332967
v 1.54626942 0.637301266 0.19922246
v 1.55253506 0.63985306 0.199023262
v 1.55908823 0.641554952 0.198966965
v 1.56580973 0.642354012 0.199116781
v 1.57256889 0.642253757 0.199419424
v 1.57925606 0.641342819 0.199617386
v 1.58577108 0.639610946 0.199790224
v 1.59202409 0.637106776 0.199869677
v 1.5979476 0.633898079 0.199743256
v 1.60349178 0.630047977 0.199308887
v 1.60845518 0.625457346 0.199154258
v 1.61284637 0.620303571 0.198857367
v 1.61647296 0.614579797 0.198871702
v 1.61942124 0.608474135 0.198666528
v 1.62159967 0.602042973 0.198412269
v 1.62306809 0.595393121 0.197819501
v 1.61322308 0.588587165 0.193466008
v 1.61306477 0.583044767 0.192740127
v 1.61222816 0.577537417 0.191937134
v 1.61060858 0.572189271 0.191507325
v 1.6082623 0.567108333 0.191353455
v 1.60533071 0.562330961 0.191029713
v 1.60172892 0.558033228 0.191166326
v 1.59757519 0.554278314 0.191572741
v 1.59298992 0.551088095 0.192008719
v 1.58805323 0.548505962 0.19245024
v 1.58285165 0.546548009 0.19281067
v 1.57747054 0.545191169 0.19290258
v 1.57196903 0.544451416 0.192732468
v 1.56641412 0.544427097 0.192639619
v 1.56089163 0.545073688 0.19244644
v 1.55544925 0.546290874 0.191780046
v 1.55019355 0.548212886 0.191215068
v 1.54522824 0.550825655 0.190823138
v 1.5407114 0.554159641 0.190985635
v 1.53677154 0.558141887 0.191771492
v 1.53348112 0.562641442 0.193043381
v 1.53070784 0.567430139 0.193900943
v 1.52848601 0.572470427 0.194419235
v 1.52703094 0.577761948 0.195379719
v 1.52617955 0.583153427 0.196044728
v 1.52595854 0.588587224 0.19650507
v 1.52629423 0.594006479 0.196485221
v 1.52729034 0.599345863 0.196400732
v 1.52893043 0.604528069 0.196241513
v 1.53123856 0.609452486 0.196210429
v 1.53416705 0.614034712 0.196276218
v 1.53760314 0.618251324 0.196123019
v 1.54156852 0.62197876 0.196111977
v 1.54595685 0.625200748 0.196007669
v 1.55071282 0.627858341 0.195863992
v 1.55576038 0.629926383 0.195617437
v 1.5610373 0.631338358 0.195405677
v 1.56646442 0.631949902 0.195686385
v 1.5719142 0.631850123 0.196067721
v 1.57730484 0.631113946 0.196276769
v 1.58256221 0.629734874 0.196384788
v 1.58760238 0.627710342 0.196488082
v 1.59236264 0.625097454 0.196473867
v 1.59678364 0.621939003 0.196308285
v 1.60078096 0.618250847 0.196125299
v 1.60432053 0.614109218 0.195792079
v 1.6073153 0.60954535 0.195474431
v 1.60974717 0.604643941 0.195040271
v 1.61157846 0.599470019 0.194494978
v 1.61275029 0.594089687 0.193949133
v 1.60250163 0.588587165 0.190338105
v 1.60231829 0.584402382 0.189926952
v 1.60157824 0.5802719 0.18968612
v 1.60035324 0.576249659 0.189284876
v 1.59856367 0.572440147 0.189271182
v 1.59630966 0.568885267 0.189262599
v 1.59361053 0.56565696 0.18937467
v 1.5905273 0.562797785 0.189510629
v 1.58711934 0.560338497 0.189579919
v 1.58343625 0.558317184 0.189595684
v 1.57953668 0.556750238 0.189485654
v 1.57547283 0.555663764 0.18927151
v 1.57130194 0.555055439 0.188855782
v 1.56707788 0.554976583 0.188449666
v 1.56287956 0.555494666 0.188387409
v 1.55879188 0.556577742 0.188555703
v 1.55487847 0.55816865 0.188752919
v 1.55121446 0.560258389 0.18909207
v 1.54779077 0.562717199 0.188973829
v 1.54470634 0.565593362 0.188898116
v 1.54209828 0.568902075 0.189409986
v 1.54005623 0.57256937 0.190648079
v 1.53848267 0.576428354 0.191776559
v 1.53734803 0.580410957 0.192556858
v 1.53665972 0.584477425 0.192998841
v 1.53646398 0.588587165 0.193320826
v 1.53676176 0.59268409 0.193526298
v 1.53753233 0.596716166 0.193533793
v 1.53880334 0.600619197 0.193546861
v 1.5405786 0.604317725 0.193709582
v 1.54278517 0.607773185 0.193769529
v 1.54539585 0.610933602 0.193753347
v 1.54837489 0.613750994 0.193679214
v 1.55169129 0.616164565 0.193662137
v 1.55528164 0.618149042 0.193614602
v 1.55909109 0.619675517 0.193527475
v 1.56306529 0.620706439 0.193474501
v 1.56713986 0.621211886 0.193521917
v 1.57124329 0.621183991 0.193665698
v 1.57530904 0.62065208 0.193759099
v 1.57927799 0.619627714 0.193785518
v 1.58309484 0.618131042 0.193716615
v 1.5866909 0.616160274 0.193688124
v 1.59002495 0.613769472 0.1935561
v 1.5930562 0.610996723 0.1932794
v 1.59575629 0.60788691 0.192774892
v 1.59805036 0.604451895 0.192279249
v 1.59987307 0.600734472 0.191937432
v 1.60126281 0.596821427 0.191357866
v 1.60214615 0.592750072 0.190819249
v 1.59137464 0.588587165 0.189332932
v 1.59125638 0.585799932 0.188890472
v 1.59077215 0.583046317 0.188576058
v 1.58994007 0.580372512 0.188306406
v 1.58877707 0.577820361 0.188039988
v 1.58727813 0.575447023 0.187991694
v 1.58549762 0.573275566 0.187896863
v 1.58346176 0.571338534 0.187753811
v 1.58118081 0.569696248 0.187846243
v 1.57872272 0.568333983 0.187772766
v 1.5761137 0.567285299 0.187659398
v 1.57338858 0.566589653 0.187689826
v 1.57059908 0.566227019 0.187611267
v 1.56778479 0.566213489 0.187505573
v 1.56499577 0.56658864 0.187680483
v 1.5622716 0.567287028 0.187674031
v 1.55967402 0.568359733 0.187993735
v 1.55723286 0.569741964 0.188265473
v 1.55498743 0.571416378 0.188537955
v 1.55297303 0.573356211 0.188811541
v 1.55123258 0.575538695 0.189199701
v 1.5497961 0.577924013 0.189706191
v 1.54866815 0.580461085 0.190169826
v 1.54786372 0.583110869 0.190588728
v 1.54738569 0.585832417 0.190901384
v 1.54724503 0.588587165 0.191155627
v 1.54744196 0.59133482 0.191341579
v 1.54796863 0.594036639 0.191427082
v 1.54882789 0.596650183 0.191501692
v 1.55001211 0.599131584 0.191619277
v 1.55148721 0.601450801 0.191640154
v 1.55324054 0.603566885 0.191656932
v 1.55524492 0.605446577 0.191671252
v 1.55746698 0.607063353 0.191656038
v 1.5598762 0.608385086 0.19167541
v 1.56243253 0.609391749 0.191714212
v 1.56509423 0.610070765 0.191746399
v 1.5678196 0.610408366 0.191798836
v 1.57056499 0.610402822 0.191842154
v 1.57328796 0.61005646 0.191860348
v 1.57594681 0.609375656 0.191846311
v 1.57850194 0.608371317 0.191793397
v 1.5809164 0.607061148 0.191675901
v 1.58315444 0.605464339 0.191493362
v 1.58518291 0.603603363 0.191243023
v 1.58696699 0.601501167 0.190973476
v 1.58847618 0.599188447 0.190702379
v 1.58968854 0.596702099 0.190404698
v 1.59058547 0.594079971 0.190071613
v 1.59115314 0.591361344 0.189696565
v 1.58029652 0.588587165 0.188416079
v 1.58021784 0.587194324 0.188280612
v 1.57996678 0.585820913 0.188113302
v 1.57954621 0.584487796 0.187922865
v 1.57895827 0.583218157 0.187790543
v 1.57821012 0.582035124 0.187756658
v 1.57731867 0.580956042 0.18774122
v 1.57629991 0.579995573 0.187698036
v 1.57516742 0.579171956 0.187685385
v 1.57394004 0.578497767 0.187693968
v 1.57263756 0.577984393 0.187730223
v 1.57128048 0.577641726 0.187816158
v 1.56989145 0.577473462 0.187928915
v 1.5684936 0.577480733 0.188042015
v 1.56710839 0.577663064 0.188155726
v 1.56575775 0.5780164 0.18825461
v 1.56446195 0.578534722 0.188329563
v 1.56324291 0.579212308 0.188430533
v 1.56211925 0.580037355 0.188541442
v 1.56110907 0.580996335 0.188657761
v 1.56022906 0.582074881 0.188807592
v 1.55949283 0.583254814 0.188972101
v 1.55891037 0.584516287 0.189129964
v 1.55849028 0.58583945 0.189274415
v 1.55823898 0.587203503 0.189412937
v 1.55816126 0.588587165 0.189555764
v 1.55825591 0.589968801 0.189677894
v 1.55852056 0.591327131 0.189762712
v 1.55895138 0.592641771 0.189815581
v 1.55954385 0.593891561 0.189876974
v 1.56028771 0.595056951 0.189936653
v 1.56117058 0.596120119 0.189975619
v 1.56217885 0.597064972 0.189997688
v 1.56329799 0.597875237 0.190032005
v 1.56450915 0.598539591 0.190051511
v 1.56579328 0.599048078 0.190052494
v 1.56713152 0.599391401 0.190055534
v 1.56850195 0.599562705 0.190084174
v 1.56988287 0.599561632 0.190100268
v 1.57125306 0.599389732 0.190082908
v 1.57259178 0.599049211 0.190034688
v 1.573879 0.598546743 0.189929917
v 1.57509613 0.597890019 0.189759195
v 1.57622361 0.59708637 0.189563468
v 1.57724047 0.596144855 0.189411864
v 1.57813001 0.595080674 0.189301655
v 1.57888317 0.593914628 0.189127833
v 1.57948947 0.592664063 0.188872948
v 1.57993317 0.591344833 0.188651502
v 1.5802021 0.58997798 0.188526824
v 1.56919241 0.588587165 0.748909712
v 1.56919241 0.588587165 0.532719135
v 1.5750134 0.588587165 0.749667823
v 1.57496357 0.58785814 0.749604344
v 1.57482171 0.58714205 0.749525189
v 1.57459068 0.5864501 0.749434114
v 1.57427478 0.585793376 0.749335766
v 1.57387924 0.585181892 0.749235034
v 1.57341075 0.5846259 0.74913317
v 1.57287645 0.584133804 0.749024749
v 1.57228541 0.583713531 0.748907506
v 1.57164669 0.583371282 0.748785794
v 1.57097125 0.58311224 0.74866426
v 1.57026958 0.582940221 0.748543382
v 1.5695529 0.58285749 0.748422623
v 1.5688324 0.582864881 0.748306036
v 1.56811929 0.582961857 0.748198986
v 1.56742454 0.583146393 0.748104036
v 1.56675887 0.583415687 0.748020709
v 1.56613255 0.583765566 0.747946143
v 1.5655551 0.584190428 0.74787885
v 1.5650351 0.584683359 0.747825444
v 1.56458068 0.585236549 0.747788846
v 1.56419802 0.585841656 0.747770131
v 1.56389332 0.586489379 0.747769892
v 1.56367135 0.587169886 0.747785926
v 1.56353521 0.587872565 0.747815788
v 1.56348729 0.588587165 0.747861087
v 1.56352854 0.589302599 0.747919798
v 1.56365848 0.590007782 0.747993052
v 1.56387496 0.590692103 0.748078048
v 1.56417537 0.591345012 0.748174369
v 1.56455493 0.591956556 0.748285234
v 1.56500816 0.592516482 0.748406529
v 1.56552792 0.593016565 0.748539209
v 1.56610703 0.593448579 0.748685598
v 1.5667367 0.593805671 0.748834133
v 1.56740761 0.594080329 0.748963058
v 1.5681088 0.594267428 0.749071538
v 1.56882882 0.594364941 0.749172628
v 1.56955624 0.594371259 0.749271333
v 1.5702796 0.594286263 0.749369085
v 1.57098699 0.594110847 0.749460399
v 1.57166743 0.593846858 0.749540508
v 1.57230949 0.593499064 0.74961251
v 1.57290316 0.593072832 0.749675989
v 1.57343817 0.592574358 0.749723315
v 1.57390571 0.59201169 0.749746025
v 1.57429814 0.591393888 0.74974972
v 1.57460928 0.59073168 0.749745011
v 1.57483482 0.590035617 0.74973613
v 1.57497048 0.589317083 0.749714196
v 1.58093524 0.588587165 0.750075758
v 1.58082676 0.587117195 0.749951184
v 1.58053231 0.585675478 0.749804199
v 1.58005905 0.584284782 0.749645829
v 1.57941628 0.582966626 0.749487579
v 1.57861304 0.581742585 0.749314427
v 1.57766271 0.580632985 0.749120235
v 1.57658243 0.579654217 0.748917222
v 1.5753901 0.578821123 0.74870944
v 1.57410502 0.578147054 0.748488724
v 1.57274818 0.577643394 0.748244762
v 1.57134271 0.577315152 0.747999907
v 1.569911 0.577165246 0.747761309
v 1.56847572 0.577195525 0.747526288
v 1.56705904 0.577403665 0.747301161
v 1.56568241 0.577784956 0.74709022
v 1.56436658 0.578331828 0.746904731
v 1.56313086 0.579035878 0.746737242
v 1.56199265 0.579884231 0.746602297
v 1.56096816 0.580864131 0.746501446
v 1.56007123 0.581960142 0.746443033
v 1.55931425 0.583156466 0.746428311
v 1.55870819 0.584436059 0.746455252
v 1.55826354 0.585780978 0.746512115
v 1.55798769 0.587171435 0.746592462
v 1.55788469 0.588587165 0.746699274
v 1.5579567 0.590006828 0.746834636
v 1.55820775 0.591407716 0.746958196
v 1.55863142 0.592768431 0.747094512
v 1.55921888 0.594070077 0.747272134
v 1.55996323 0.595292568 0.747478008
v 1.56085539 0.596416116 0.747701645
v 1.56188297 0.5974226 0.747935593
v 1.56303024 0.598296881 0.748191178
v 1.56428051 0.599025488 0.748472154
v 1.56561565 0.599595189 0.748769462
v 1.56701756 0.59998852 0.749021113
v 1.56846189 0.60019809 0.749230206
v 1.56992435 0.600222528 0.749419987
v 1.57138157 0.600063562 0.749613881
v 1.57280922 0.599719048 0.749778807
v 1.5741837 0.599194169 0.749919057
v 1.57548332 0.598500013 0.750057995
v 1.57668495 0.59764415 0.750166535
v 1.57776904 0.596641243 0.75025177
v 1.57871532 0.595506012 0.750294328
v 1.57951283 0.594260931 0.750341952
v 1.58013678 0.592920423 0.750293612
v 1.5805831 0.591511905 0.750210404
v 1.58085155 0.590060234 0.750144958
v 1.58691549 0.588587165 0.750005424
v 1.58674717 0.586369455 0.749857247
v 1.58630204 0.584194064 0.749705195
v 1.58558536 0.582096696 0.749531865
v 1.58461261 0.580109715 0.749356449
v 1.58339739 0.578266621 0.749158502
v 1.58195734 0.576599956 0.748915911
v 1.58032179 0.57513386 0.748653829
v 1.57851863 0.573891342 0.748372495
v 1.57657838 0.572890878 0.748074472
v 1.57453251 0.572152138 0.747733533
v 1.57241678 0.571684182 0.747357965
v 1.57026839 0.57148546 0.746986866
v 1.56812096 0.571558893 0.746609092
v 1.56600833 0.571896493 0.746248007
v 1.56396174 0.5724895 0.745912015
v 1.56201053 0.573325098 0.745610476
v 1.5601809 0.57438755 0.745355427
v 1.55849624 0.575657904 0.745162368
v 1.55697942 0.577118576 0.745026231
v 1.55564976 0.578747749 0.744954109
v 1.55452728 0.580524862 0.744931996
v 1.55362773 0.582424879 0.744956434
v 1.55296803 0.584421515 0.745010972
v 1.55255508 0.586485386 0.745108366
v 1.55239558 0.588587165 0.745247602
v 1.55249381 0.590696692 0.745425344
v 1.55285072 0.592782915 0.74563235
v 1.55346584 0.594813704 0.745851398
v 1.55432582 0.596760213 0.746112108
v 1.55542111 0.598592579 0.746405125
v 1.55673409 0.600286365 0.746755064
v 1.55825114 0.601813018 0.747138262
v 1.55995417 0.60314405 0.747527719
v 1.56181717 0.604260266 0.747942805
v 1.56381559 0.605135381 0.748344779
v 1.56591868 0.605748534 0.748709023
v 1.56809139 0.606085181 0.74902606
v 1.57029653 0.606136858 0.749291837
v 1.57249594 0.605904877 0.749526024
v 1.57465172 0.605388999 0.749713659
v 1.57673049 0.604606628 0.749908805
v 1.57869244 0.603556693 0.750037849
v 1.58050728 0.602264285 0.750146449
v 1.58213711 0.600743055 0.750181258
v 1.58356929 0.59903264 0.750249028
v 1.58476925 0.597150564 0.750273645
v 1.58571672 0.59512955 0.750257552
v 1.58639717 0.593004584 0.750208378
v 1.58680058 0.59081161 0.750133634
v 1.59293914 0.588587165 0.74955678
v 1.59272337 0.585614562 0.749446809
v 1.59212804 0.582698286 0.74930042
v 1.5911622 0.579888642 0.749108315
v 1.58985519 0.577227652 0.748918951
v 1.58822894 0.574756086 0.748732865
v 1.58630371 0.572518468 0.748514175
v 1.58409548 0.570572436 0.748158574
v 1.58166909 0.568927169 0.747794926
v 1.57906151 0.5676139 0.747392595
v 1.57632518 0.566634715 0.747022748
v 1.57349634 0.566025019 0.746590793
v 1.57062602 0.565798461 0.746075213
v 1.56776786 0.565945923 0.745511591
v 1.56496596 0.566431522 0.745012641
v 1.56226206 0.567258239 0.744522572
v 1.55968595 0.568385184 0.744142473
v 1.55727315 0.569805622 0.743827403
v 1.55505395 0.571496785 0.743584156
v 1.55305886 0.573436797 0.743398726
v 1.55131483 0.57559818 0.743269026
v 1.54983902 0.577947676 0.743219912
v 1.54866862 0.580461383 0.743177056
v 1.54779625 0.583093524 0.743239045
v 1.54724979 0.585815191 0.743341386
v 1.54703116 0.588587165 0.743510187
v 1.54714084 0.591372848 0.743760347
v 1.54757547 0.594137311 0.744108379
v 1.54836106 0.596834779 0.744439125
v 1.54948449 0.59942174 0.744763434
v 1.55092788 0.601857126 0.745092988
v 1.55265045 0.604121089 0.745535135
v 1.55462766 0.606193006 0.746134639
v 1.55686879 0.60800612 0.746706247
v 1.55934429 0.609515607 0.747203708
v 1.56199598 0.610735297 0.747807145
v 1.56479836 0.611621737 0.748424947
v 1.56771421 0.612083972 0.748780727
v 1.57067561 0.61216253 0.749081016
v 1.57362485 0.611822605 0.749204636
v 1.57651353 0.611119092 0.749346018
v 1.57929611 0.610058665 0.749492824
v 1.58192492 0.608650267 0.749615848
v 1.58436394 0.606926322 0.7497648
v 1.5865531 0.60488987 0.749818265
v 1.58845448 0.602581918 0.749795198
v 1.5900569 0.600057483 0.74979645
v 1.59133816 0.597355187 0.74982965
v 1.59225631 0.594508946 0.749805927
v 1.59278464 0.591567457 0.749682367
v 1.59897184 0.588587165 0.748690784
v 1.59869695 0.584859848 0.748569369
v 1.59796047 0.581200719 0.748455644
v 1.59677482 0.577666461 0.748348176
v 1.59516382 0.57430923 0.748262644
v 1.59311318 0.571207702 0.748052835
v 1.59069514 0.568394721 0.747841954
v 1.58792138 0.565947711 0.747495055
v 1.58485413 0.563908041 0.747034013
v 1.58159065 0.562239289 0.746702433
v 1.57814956 0.56101954 0.746302128
v 1.57459188 0.560281754 0.745788753
v 1.57098174 0.560144842 0.744833291
v 1.56741929 0.560404897 0.744048297
v 1.56394625 0.561086774 0.743320346
v 1.5605979 0.562136352 0.742765546
v 1.55741215 0.563553035 0.742329478
v 1.55442643 0.565319896 0.741997421
v 1.55169582 0.567437291 0.741672099
v 1.54924154 0.569852114 0.741429627
v 1.54708028 0.572521746 0.741320014
v 1.54527617 0.575439155 0.741198778
v 1.54383898 0.578548968 0.74112767
v 1.54276991 0.581802905 0.741161525
v 1.54208136 0.585162222 0.741302967
v 1.54178953 0.588587165 0.741532803
v 1.54192328 0.592032135 0.741783321
v 1.54246521 0.595449507 0.742109179
v 1.54341769 0.598792076 0.742492676
v 1.54480171 0.601996124 0.742829919
v 1.54654765 0.605039537 0.743302524
v 1.54862618 0.607900083 0.743972301
v 1.55104923 0.610518515 0.744726658
v 1.55380464 0.612834454 0.745493352
v 1.55688262 0.614746809 0.746075869
v 1.560184 0.616312146 0.746800363
v 1.56367898 0.617489398 0.747618437
v 1.56733966 0.618037403 0.747874916
v 1.5710535 0.618169069 0.748272061
v 1.5747571 0.617758632 0.7484442
v 1.57837248 0.616840541 0.748473883
v 1.58186078 0.615509093 0.748613358
v 1.58515692 0.613743246 0.748735487
v 1.5882051 0.611569583 0.748835504
v 1.59096622 0.609034121 0.748961926
v 1.5934031 0.60617727 0.749132752
v 1.5954051 0.60299772 0.749092281
v 1.59699011 0.599593043 0.74904573
v 1.59812856 0.596016645 0.748978138
v 1.59878778 0.592325866 0.748845696
v 1.60502434 0.588587165 0.747505546
v 1.60470796 0.584100485 0.747421384
v 1.6038425 0.579690576 0.747362494
v 1.60243702 0.575424612 0.747317314
v 1.60050774 0.571371317 0.747267962
v 1.59807515 0.567602515 0.747182667
v 1.59510732 0.564251482 0.746809423
v 1.59171867 0.561357439 0.746289909
v 1.58803272 0.558899462 0.745849073
v 1.58407402 0.556962132 0.745330632
v 1.57993793 0.555515468 0.744891584
v 1.57565141 0.554727018 0.744143546
v 1.57133341 0.554555535 0.743224919
v 1.56707788 0.554978728 0.742177427
v 1.56294584 0.555841506 0.741340995
v 1.55896854 0.557121575 0.740720451
v 1.55520225 0.558856547 0.740159452
v 1.55167747 0.560988128 0.739738643
v 1.5484612 0.563527465 0.739332795
v 1.54555273 0.566388071 0.73909986
v 1.54299903 0.569556713 0.738970995
v 1.54085088 0.573006332 0.738885045
v 1.53914189 0.576689422 0.738831103
v 1.5378716 0.580545366 0.73887223
v 1.53703499 0.584524751 0.739060342
v 1.53670859 0.588587224 0.73923564
v 1.53686643 0.592670918 0.739480615
v 1.53751779 0.596719742 0.739774108
v 1.5386436 0.600682259 0.740154982
v 1.54023695 0.604505658 0.740615845
v 1.54225469 0.608158588 0.741243839
v 1.54469562 0.61159116 0.742004097
v 1.5475719 0.614721715 0.742778957
v 1.55083036 0.617521226 0.743644357
v 1.55445242 0.619911492 0.744509816
v 1.55836535 0.621909618 0.745542765
v 1.56257272 0.623288929 0.746259809
v 1.56696653 0.623967886 0.746563792
v 1.57142448 0.624066472 0.746807754
v 1.5758729 0.623608053 0.747062147
v 1.5802331 0.62256664 0.747249305
v 1.58442831 0.620965004 0.747386098
v 1.58839417 0.618844211 0.747514904
v 1.59206462 0.616235018 0.747630417
v 1.59539342 0.613191426 0.747778773
v 1.59833384 0.609759569 0.747971952
v 1.60079551 0.605961025 0.748078525
v 1.60267901 0.601845443 0.747959793
v 1.60402179 0.597529829 0.747820079
v 1.60481215 0.593086958 0.747681141
v 1.61109471 0.588587165 0.746010959
v 1.61073112 0.583339572 0.745941579
v 1.60975313 0.578172922 0.745957494
v 1.60814285 0.573165596 0.745990276
v 1.60586238 0.568427563 0.74589467
v 1.60299015 0.564031601 0.745749712
v 1.59950709 0.560119629 0.745354176
v 1.59556627 0.556706488 0.744917989
v 1.59118629 0.553930223 0.744234562
v 1.58652234 0.551759124 0.743517876
v 1.58166552 0.550198793 0.742816567
v 1.57669473 0.54925853 0.742139399
v 1.57167935 0.549057305 0.741246939
v 1.56674004 0.549609542 0.740097821
v 1.56195426 0.550644457 0.739209652
v 1.55737352 0.552212656 0.738419652
v 1.55303764 0.554256499 0.737786591
v 1.54898214 0.556741118 0.737321377
v 1.54532218 0.559733152 0.736760914
v 1.54202461 0.563074946 0.736389041
v 1.539083 0.566711307 0.736282587
v 1.53663993 0.570691466 0.736136675
v 1.53463078 0.574903369 0.736188173
v 1.53313613 0.57932961 0.736300051
v 1.53218842 0.583912551 0.736450374
v 1.53179526 0.588587284 0.736656189
v 1.53198957 0.593286991 0.736866236
v 1.53271437 0.597953081 0.737204015
v 1.53397894 0.602529109 0.737643778
v 1.53576016 0.606966734 0.738221943
v 1.53805161 0.611212313 0.738929868
v 1.54084659 0.615205586 0.739744842
v 1.54415321 0.618854463 0.74056989
v 1.54793262 0.622087419 0.741389692
v 1.55209732 0.624915838 0.742371976
v 1.55661321 0.627302051 0.743529499
v 1.56148076 0.629013062 0.744458973
v 1.56659579 0.629859149 0.744871616
v 1.57180047 0.630041242 0.745250523
v 1.57699728 0.629501402 0.745491326
v 1.58208776 0.628274918 0.745653689
v 1.58700299 0.62643677 0.745862663
v 1.59163117 0.623944879 0.745957971
v 1.59592938 0.620906532 0.746100366
v 1.59983945 0.617366493 0.74630028
v 1.60323954 0.613323808 0.746389508
v 1.60608482 0.608868778 0.746421158
v 1.60833073 0.604083121 0.746410072
v 1.6099 0.599039078 0.746272326
v 1.61084938 0.593849599 0.746189237
v 1.61716986 0.588587165 0.744189024
v 1.61677098 0.582576632 0.744152188
v 1.61566973 0.576653779 0.744202256
v 1.61384702 0.570907176 0.744277358
v 1.61123586 0.565473497 0.744190097
v 1.60788751 0.560473561 0.743926644
v 1.60392404 0.555971861 0.743598759
v 1.5993154 0.552174628 0.742910683
v 1.59433866 0.548962891 0.742329001
v 1.58900213 0.546489 0.741612017
v 1.58342409 0.544786394 0.740775049
v 1.57773638 0.543797791 0.739962101
v 1.57202125 0.543622792 0.738996685
v 1.56640553 0.544290185 0.73780942
v 1.56098843 0.545581043 0.736738682
v 1.55584478 0.547507763 0.73569423
v 1.55099225 0.54990983 0.734899044
v 1.54645109 0.552752912 0.734358728
v 1.5423305 0.556116819 0.733826101
v 1.53864813 0.559904218 0.733398855
v 1.53537679 0.564018786 0.733217001
v 1.53253531 0.568434775 0.733275652
v 1.53025746 0.573171735 0.73335427
v 1.52855277 0.578152716 0.733500361
v 1.52756882 0.583328903 0.733494222
v 1.52714109 0.588587224 0.733666122
v 1.5272913 0.593880534 0.733990967
v 1.52803373 0.599154949 0.734452009
v 1.52939916 0.60434252 0.734993756
v 1.53138399 0.609372437 0.735608399
v 1.53392673 0.614209354 0.736400068
v 1.53706646 0.618755519 0.737251639
v 1.54079604 0.622912586 0.738100827
v 1.54505849 0.626616001 0.738973796
v 1.54976726 0.629867554 0.740007222
v 1.55488801 0.632611513 0.7411924
v 1.56042314 0.634557545 0.742096961
v 1.56622744 0.635712504 0.742841363
v 1.57217503 0.635995746 0.743345261
v 1.57810855 0.635326624 0.743487239
v 1.58393335 0.633955359 0.743701518
v 1.58955836 0.631867111 0.743931115
v 1.59486723 0.629043996 0.744079947
v 1.5997932 0.625577092 0.744241178
v 1.60425234 0.621510506 0.744397819
v 1.608114 0.616865396 0.744424045
v 1.61136198 0.611770093 0.744445801
v 1.61401081 0.606332004 0.744590282
v 1.6158185 0.600558639 0.744474888
v 1.61687756 0.594611108 0.744342864
v 1.62324572 0.588587165 0.742040634
v 1.62289453 0.581803024 0.742156744
v 1.62171435 0.575101733 0.742305338
v 1.619591 0.568632841 0.742273927
v 1.6165719 0.562539995 0.742061973
v 1.61278534 0.556914985 0.741780221
v 1.60827088 0.551890075 0.741356194
v 1.60312176 0.547573507 0.740774155
v 1.59748983 0.543997586 0.740131497
v 1.59142661 0.541337013 0.739224136
v 1.58508825 0.539664388 0.738026381
v 1.57869267 0.538784266 0.736890256
v 1.57233667 0.538609982 0.735930204
v 1.56609201 0.539308488 0.734855056
v 1.56008911 0.540865898 0.73363477
v 1.55439806 0.543054819 0.732549727
v 1.54903698 0.545754611 0.731723785
v 1.54400897 0.548904657 0.731203198
v 1.53944588 0.552629888 0.730692625
v 1.53535843 0.556814909 0.730303824
v 1.53172278 0.561363876 0.730152488
v 1.52858829 0.566264927 0.730183601
v 1.52602148 0.571494639 0.730331004
v 1.52425528 0.577049196 0.730274796
v 1.52322102 0.582779706 0.730185509
v 1.52272964 0.588587224 0.730379224
v 1.52276421 0.594452441 0.730893135
v 1.52341437 0.600341022 0.73160851
v 1.52493763 0.606108963 0.732122362
v 1.52714467 0.611703098 0.732714474
v 1.5299654 0.617087245 0.733489335
v 1.53342128 0.622178614 0.734386325
v 1.53757453 0.626806617 0.735202909
v 1.54229355 0.630972803 0.736121476
v 1.54752612 0.634630382 0.737174988
v 1.55321789 0.637751639 0.738416731
v 1.55938768 0.639985144 0.739384949
v 1.56587505 0.641316772 0.740167022
v 1.57252979 0.641635239 0.74065721
v 1.57920384 0.641068876 0.741079986
v 1.58575392 0.639558673 0.741335809
v 1.59209085 0.637248635 0.741620421
v 1.5981164 0.634164035 0.741927981
v 1.60365534 0.630245745 0.742060125
v 1.60866117 0.625650764 0.742178798
v 1.61299562 0.620411992 0.742179513
v 1.61664891 0.614676535 0.742196918
v 1.6196003 0.608544886 0.742288828
v 1.62170506 0.602070034 0.742290378
v 1.62284565 0.595365047 0.742080986
v 1.62934971 0.588587165 0.739605367
v 1.6289556 0.581037343 0.739713788
v 1.62765288 0.573576987 0.739872813
v 1.6253655 0.566346705 0.739951432
v 1.62200999 0.559550345 0.739760637
v 1.61765909 0.553374112 0.739271343
v 1.61257052 0.547852397 0.738732815
v 1.60685945 0.543055534 0.73817873
v 1.60061979 0.539065421 0.737588763
v 1.59372568 0.536451459 0.736204922
v 1.58673072 0.534609497 0.735047102
v 1.5796442 0.533796489 0.733738422
v 1.57263613 0.533850551 0.732487082
v 1.56580377 0.534727514 0.731309652
v 1.5592525 0.536481142 0.730076194
v 1.55302167 0.538819313 0.729116023
v 1.54716063 0.54176724 0.728333116
v 1.54165125 0.545189202 0.727870345
v 1.53666115 0.549263656 0.727382779
v 1.53211617 0.553770244 0.727149308
v 1.52808928 0.558723927 0.727075756
v 1.52465558 0.564102888 0.727098525
v 1.52193546 0.56987685 0.727101982
v 1.52006388 0.575973094 0.726962805
v 1.51907897 0.582256436 0.726680994
v 1.518507 0.588587224 0.72691375
v 1.51845932 0.594996274 0.727518082
v 1.51902437 0.601468205 0.728401124
v 1.5206337 0.607812881 0.728977978
v 1.52303314 0.613963485 0.729579091
v 1.52609897 0.619896412 0.730372131
v 1.52988887 0.625495732 0.731243491
v 1.53442526 0.630613446 0.732082903
v 1.53963447 0.63516295 0.732913554
v 1.54534793 0.639259517 0.734037817
v 1.55159283 0.642753243 0.735312581
v 1.5583663 0.645339906 0.736414671
v 1.56553268 0.646756232 0.737095416
v 1.57288027 0.64720422 0.737696826
v 1.58026552 0.646633744 0.738179684
v 1.58752537 0.645010471 0.738492787
v 1.59452486 0.642421305 0.738720119
v 1.60120463 0.639030039 0.739050627
v 1.60746694 0.634853125 0.739455879
v 1.61307597 0.629796565 0.739661992
v 1.61782193 0.623918414 0.739540935
v 1.62189317 0.617559493 0.739581525
v 1.62521672 0.610768616 0.739737153
v 1.62744236 0.603543103 0.739581227
v 1.62875319 0.596111298 0.739440382
v 1.63536501 0.588587165 0.736730337
v 1.6350174 0.580271542 0.73693639
v 1.63353896 0.572065771 0.737036824
v 1.63104749 0.564096928 0.737146378
v 1.6272974 0.556643605 0.736887753
v 1.62243676 0.549902797 0.736308634
v 1.61684585 0.543837488 0.735788763
v 1.61061072 0.538520992 0.735326588
v 1.60358596 0.534391403 0.734398961
v 1.59600735 0.531602144 0.732978642
v 1.58835578 0.52960819 0.731845438
v 1.58058548 0.528862119 0.730421543
v 1.57293081 0.529168248 0.728934824
v 1.56552529 0.530300915 0.727601647
v 1.55843806 0.532211483 0.726416111
v 1.55170751 0.534774482 0.725464284
v 1.54536057 0.537941992 0.724748194
v 1.53941512 0.541665971 0.724278212
v 1.53396606 0.546005785 0.723915815
v 1.52894139 0.550789118 0.723860085
v 1.52445626 0.556084514 0.723954737
v 1.52073932 0.561949849 0.723949552
v 1.51803112 0.568331003 0.723635852
v 1.51617265 0.574974 0.72330004
v 1.51508689 0.581752062 0.723060668
v 1.5144465 0.588587224 0.723307431
v 1.51443243 0.595504999 0.723835468
v 1.51512861 0.602468431 0.7245664
v 1.51663804 0.609395027 0.725395977
v 1.51903248 0.616162777 0.726237357
v 1.52228999 0.622663856 0.727100313
v 1.52634501 0.628823698 0.728044212
v 1.53132844 0.634356737 0.728776157
v 1.5369885 0.639332533 0.729598641
v 1.54319525 0.643833816 0.730721772
v 1.5499866 0.647697031 0.732007027
v 1.5573771 0.65052557 0.733068287
v 1.56520152 0.65201962 0.733658731
v 1.57320952 0.652435362 0.734148026
v 1.58127499 0.651925325 0.734742284
v 1.5892148 0.650209427 0.735110164
v 1.596874 0.647413552 0.735369146
v 1.60422134 0.643783987 0.735791802
v 1.61109877 0.639243126 0.736225784
v 1.61728978 0.633753419 0.73650378
v 1.62255383 0.62735641 0.736478508
v 1.62708974 0.620416403 0.73660928
v 1.63071966 0.612947464 0.736732125
v 1.63317561 0.605015159 0.736596346
v 1.63464737 0.596855938 0.736498237
v 1.64123559 0.588587165 0.733390689
v 1.64099121 0.579516828 0.733727574
v 1.63933039 0.570578814 0.733772337
v 1.63643479 0.561964035 0.733677387
v 1.63240743 0.553834438 0.7334885
v 1.62721777 0.546429217 0.73306036
v 1.62105608 0.539883971 0.732464731
v 1.61424994 0.53412199 0.731990099
v 1.60646582 0.529853642 0.730828941
v 1.59831572 0.52669698 0.729628742
v 1.58994985 0.524702191 0.728361368
v 1.58152747 0.523923695 0.726974368
v 1.57322407 0.524502635 0.725303411
v 1.56524754 0.525887847 0.723870277
v 1.55763912 0.528023064 0.722665071
v 1.55042934 0.530840814 0.721696436
v 1.54366255 0.534333467 0.720913947
v 1.53729033 0.538317502 0.720477998
v 1.53137326 0.542872012 0.720263958
v 1.52604461 0.548068643 0.72011888
v 1.52105689 0.553614676 0.720437407
v 1.51721931 0.560014784 0.720241547
v 1.51442242 0.56690222 0.719825864
v 1.51255608 0.57404542 0.719378471
v 1.51140809 0.581287384 0.719141126
v 1.51062274 0.588587224 0.719477832
v 1.51072192 0.59597367 0.719855249
v 1.51157141 0.603381753 0.720428169
v 1.51302099 0.610827088 0.72138232
v 1.51523113 0.618252695 0.722584605
v 1.51873279 0.625248194 0.723403633
v 1.52311254 0.631859124 0.724272072
v 1.52838945 0.637909651 0.725098252
v 1.53438449 0.643435776 0.726077795
v 1.54104567 0.648401976 0.727260172
v 1.54841208 0.652542412 0.728437543
v 1.5564189 0.655548155 0.729389548
v 1.5648787 0.657152534 0.729939401
v 1.57353497 0.657610893 0.730413675
v 1.58225298 0.657052815 0.730971277
v 1.59086013 0.655273318 0.731402636
v 1.599195 0.652345836 0.731761038
v 1.60720396 0.648483515 0.732251167
v 1.61471009 0.64360857 0.732735574
v 1.62142348 0.637635171 0.732985079
v 1.62720108 0.630732834 0.733038962
v 1.63219953 0.623225451 0.733243406
v 1.63612652 0.615088165 0.733335137
v 1.63879848 0.606458843 0.733205438
v 1.64039063 0.597581506 0.73310256
v 1.64703918 0.588587165 0.729698479
v 1.64684892 0.578776836 0.730086207
v 1.64491725 0.569144309 0.730002165
v 1.64169502 0.55988133 0.729818225
v 1.63744164 0.551066875 0.729731202
v 1.63164806 0.543210506 0.72911042
v 1.62501287 0.536168158 0.728543103
v 1.61759782 0.530074954 0.72796607
v 1.6092701 0.525434852 0.726927757
v 1.60045767 0.522145271 0.725687683
v 1.59152079 0.51986748 0.724621117
v 1.58246946 0.518986046 0.72334969
v 1.57351589 0.519864559 0.721535444
v 1.56497264 0.521515131 0.720033467
v 1.55685735 0.523924232 0.718784094
v 1.54917693 0.526986182 0.717823446
v 1.54201174 0.530825615 0.716975152
v 1.53517985 0.534992039 0.716647744
v 1.52893806 0.539927959 0.716352582
v 1.52335858 0.545546293 0.716101468
v 1.51818538 0.551528454 0.716258764
v 1.51423407 0.55837357 0.715956926
v 1.51120734 0.565629303 0.715637505
v 1.50908184 0.573153436 0.715361178
v 1.50796294 0.580852151 0.715048909
v 1.50716591 0.588587224 0.71533078
v 1.50729656 0.5964064 0.715658784
v 1.50814438 0.604261756 0.716240287
v 1.5097301 0.612129927 0.717080414
v 1.51199436 0.620032132 0.71827805
v 1.5155952 0.627527833 0.719166219
v 1.52001333 0.63476932 0.720268846
v 1.52556324 0.641325951 0.721161187
v 1.53185964 0.647414327 0.722275496
v 1.53895903 0.652836621 0.723487079
v 1.54686642 0.657299757 0.724614382
v 1.55547261 0.660508811 0.7254951
v 1.56456494 0.66214025 0.725931108
v 1.57384777 0.662582219 0.726333261
v 1.58318853 0.661956966 0.726834059
v 1.59252167 0.660387158 0.727562606
v 1.60151267 0.657270968 0.727937877
v 1.61018515 0.653181076 0.728478432
v 1.61839414 0.648061633 0.729100347
v 1.62553596 0.641497016 0.729194522
v 1.63180852 0.63408035 0.729290605
v 1.63712406 0.625932753 0.729402006
v 1.64126182 0.617121339 0.729394913
v 1.64415622 0.607834458 0.72928834
v 1.64595938 0.59828496 0.72927177
v 1.6525414 0.588587165 0.725468576
v 1.65240455 0.578074992 0.725887001
v 1.65039062 0.56773901 0.72585386
v 1.64679193 0.557863295 0.725557625
v 1.6422317 0.548433483 0.725468636
v 1.63588738 0.540130377 0.724743426
v 1.62862587 0.532775342 0.724018872
v 1.62066889 0.526362836 0.723401606
v 1.61187816 0.521325111 0.722529531
v 1.60255623 0.517685175 0.721489787
v 1.59300637 0.515295148 0.720456362
v 1.5833323 0.514462113 0.719178677
v 1.57380152 0.515324712 0.717540383
v 1.56471062 0.517353177 0.715919495
v 1.55611134 0.520014644 0.714670777
v 1.54797935 0.523300409 0.713743865
v 1.54042149 0.527445972 0.712887049
v 1.53337336 0.53214556 0.712309361
v 1.52678037 0.537319958 0.712061048
v 1.52100849 0.543339729 0.711711764
v 1.51589966 0.549867749 0.711532354
v 1.51164389 0.556949615 0.711371422
v 1.50819325 0.564435899 0.711319327
v 1.50584674 0.572322786 0.711155057
v 1.50476027 0.580447555 0.71079129
v 1.50400519 0.588587224 0.710985065
v 1.50410104 0.596810162 0.711321175
v 1.50498772 0.60507226 0.711862147
v 1.50656939 0.613381386 0.712711871
v 1.508991 0.62168324 0.713785589
v 1.51268959 0.62963897 0.714696646
v 1.51724172 0.637372196 0.715832829
v 1.52286983 0.644581556 0.716953635
v 1.52932501 0.651408195 0.718334913
v 1.5368464 0.657325983 0.719583273
v 1.54529238 0.662144244 0.720678627
v 1.55457187 0.66523087 0.721223474
v 1.56426692 0.666877687 0.721558094
v 1.57414484 0.667302489 0.721897542
v 1.58409023 0.666684151 0.722403347
v 1.59409642 0.66523385 0.723269343
v 1.6038084 0.662149966 0.723834991
v 1.61303401 0.657670379 0.724249661
v 1.62172532 0.652088344 0.724723279
v 1.62959909 0.645312726 0.72508347
v 1.63626456 0.637317717 0.725115061
v 1.64182067 0.628514707 0.725094557
v 1.64600778 0.619000375 0.724884927
v 1.64926529 0.609146237 0.724927247
v 1.65136218 0.598967433 0.725049078
v 1.65778208 0.588587165 0.720796466
v 1.65750599 0.577430546 0.721093535
v 1.65549302 0.5664289 0.721152365
v 1.65158224 0.555966675 0.720812321
v 1.64672446 0.545963466 0.720717192
v 1.63993454 0.53718996 0.719995856
v 1.63216448 0.529452443 0.719258606
v 1.62366891 0.522736192 0.71861583
v 1.6143806 0.517381728 0.717827678
v 1.60456944 0.513407052 0.716958463
v 1.59433484 0.511206686 0.715755105
v 1.58405876 0.510654211 0.714342952
v 1.57407188 0.511027038 0.713209569
v 1.56446385 0.513431132 0.711529255
v 1.55543923 0.516491413 0.710197747
v 1.54685044 0.519825578 0.709433496
v 1.53895664 0.52433306 0.708535314
v 1.53159666 0.529345989 0.707943141
v 1.52481055 0.534938693 0.707568765
v 1.51886916 0.541330755 0.707154512
v 1.51368403 0.548258066 0.706860602
v 1.50934124 0.555683732 0.706642509
v 1.50548553 0.56336391 0.706795454
v 1.50329733 0.571668208 0.706456542
v 1.50192499 0.58008939 0.706295609
v 1.50099182 0.588587224 0.706573546
v 1.50101519 0.597199976 0.706935346
v 1.50201201 0.605836272 0.707382143
v 1.50362825 0.614545882 0.708188891
v 1.50614262 0.623249114 0.709188879
v 1.50982499 0.631720185 0.710188091
v 1.51452065 0.639927566 0.711315989
v 1.52021766 0.647787571 0.712594926
v 1.52668309 0.655571043 0.714339972
v 1.534796 0.661683083 0.715351701
v 1.54387641 0.66650182 0.716146827
v 1.55374289 0.669577241 0.716513932
v 1.56397629 0.671494067 0.716946602
v 1.5744338 0.6718961 0.717227638
v 1.58493948 0.671135962 0.71762085
v 1.59559798 0.669854522 0.718605936
v 1.60586977 0.666530311 0.719088674
v 1.61573339 0.661923826 0.719588518
v 1.62506771 0.656128585 0.720146358
v 1.63325906 0.64874965 0.720306039
v 1.64033222 0.640273035 0.720338643
v 1.6461699 0.630905688 0.720275462
v 1.65068293 0.620851338 0.720137477
v 1.65422106 0.610418677 0.720236123
v 1.65653443 0.599620879 0.720410228
v 1.66278315 0.588587165 0.715735376
v 1.66237283 0.576815784 0.715935528
v 1.66011047 0.565243363 0.715902865
v 1.65611768 0.554171026 0.715674579
v 1.65089107 0.54367286 0.715517104
v 1.64373899 0.534425914 0.714858651
v 1.63554549 0.526277244 0.714179039
v 1.62676287 0.518996358 0.713751018
v 1.61700749 0.513242364 0.713095665
v 1.60644722 0.50941658 0.712041795
v 1.59551287 0.507580817 0.710633695
v 1.58470464 0.507268667 0.709184647
v 1.57427263 0.507839024 0.708046794
v 1.56425333 0.510082901 0.706683874
v 1.55480385 0.513159573 0.705549181
v 1.54587626 0.516827345 0.704739869
v 1.53760552 0.521461785 0.703971982
v 1.52989459 0.526663899 0.703459382
v 1.5229547 0.532695532 0.702973127
v 1.51688337 0.539465785 0.702499926
v 1.51155567 0.546711683 0.702187777
v 1.5071671 0.554488599 0.701907277
v 1.503443 0.562555194 0.701867998
v 1.50097823 0.571072817 0.701692998
v 1.49934983 0.579764068 0.701675475
v 1.49838495 0.588587224 0.701924026
v 1.49837041 0.59753412 0.702274024
v 1.49931145 0.606529534 0.702736378
v 1.50096369 0.615600884 0.703484595
v 1.50352955 0.624685645 0.704423726
v 1.50716448 0.633653164 0.705478251
v 1.51186752 0.642418981 0.706671119
v 1.51768875 0.650844574 0.707981348
v 1.52455592 0.658923209 0.709499478
v 1.53301501 0.665468097 0.71050781
v 1.54250669 0.670717776 0.711350262
v 1.55298305 0.673559844 0.711439788
v 1.56371164 0.675702155 0.711914062
v 1.57470703 0.676237166 0.712239027
v 1.58569717 0.675108254 0.71239537
v 1.59681582 0.673602879 0.713189244
v 1.60770464 0.670429468 0.713831902
v 1.6181953 0.665803313 0.714439273
v 1.62806654 0.659753561 0.714990675
v 1.63676167 0.652038813 0.715190172
v 1.64417386 0.643064082 0.715184331
v 1.65027618 0.633163154 0.715091646
v 1.65518117 0.622632265 0.71506381
v 1.65889478 0.611618638 0.715141892
v 1.66144252 0.600240946 0.715367079
v 1.66745448 0.588587165 0.710263133
v 1.66689181 0.576244891 0.710374713
v 1.66436934 0.564149857 0.710264325
v 1.66037416 0.552485764 0.710162222
v 1.65492177 0.541456997 0.710038066
v 1.64746952 0.531715393 0.709477544
v 1.63889074 0.5231359 0.708881021
v 1.62973809 0.515399873 0.708553672
v 1.61945772 0.509381592 0.707940102
v 1.60828638 0.505508184 0.706901193
v 1.59657478 0.504312813 0.705228448
v 1.585325 0.504016519 0.703916073
v 1.57444334 0.505125761 0.702627838
v 1.56408048 0.507337391 0.701471746
v 1.55427265 0.510375619 0.700538695
v 1.54499388 0.514111936 0.699853122
v 1.53640532 0.518911302 0.699173272
v 1.52829814 0.524148166 0.698816121
v 1.5212009 0.530575633 0.698278427
v 1.51512575 0.537815273 0.697693706
v 1.50960302 0.545293093 0.697426558
v 1.5050211 0.553308785 0.697203577
v 1.5013206 0.561714888 0.697082996
v 1.49866891 0.57047987 0.696985364
v 1.49697351 0.57946384 0.696975887
v 1.49595809 0.588587224 0.697206438
v 1.49602056 0.597830951 0.697477221
v 1.49687743 0.607154548 0.697950363
v 1.49849296 0.616579115 0.698669553
v 1.50105429 0.626046419 0.699565113
v 1.5046227 0.635499895 0.700638175
v 1.5093236 0.644807756 0.701846242
v 1.51548505 0.653508365 0.702956855
v 1.52274919 0.661770344 0.704218924
v 1.53138542 0.668931186 0.705324233
v 1.54132462 0.674355626 0.706048071
v 1.55224919 0.677407265 0.706172943
v 1.56343436 0.680109382 0.706841528
v 1.57494974 0.680095375 0.706834197
v 1.58640933 0.678841114 0.706934512
v 1.597965 0.677140117 0.7075755
v 1.60941935 0.674073398 0.708289146
v 1.62047505 0.669395328 0.708930433
v 1.63119936 0.663540602 0.709749639
v 1.64043164 0.655485094 0.709983766
v 1.64809489 0.645912886 0.70988071
v 1.65416622 0.635301709 0.70958817
v 1.65929842 0.624262452 0.709558606
v 1.66333532 0.612758756 0.709707379
v 1.66593456 0.600808382 0.709871471
v 1.67170048 0.588587165 0.704377234
v 1.67078495 0.575753033 0.70432961
v 1.66821861 0.563161492 0.704257905
v 1.66441917 0.550884128 0.704337835
v 1.65869331 0.53938359 0.704211652
v 1.65103912 0.529121995 0.703784168
v 1.64221597 0.520013511 0.703343987
v 1.63264084 0.511891246 0.703062892
v 1.62179017 0.505706429 0.702453375
v 1.60981965 0.502249897 0.70123899
v 1.59759545 0.501171649 0.69968766
v 1.58588743 0.501067817 0.69844079
v 1.57461286 0.502429903 0.697214663
v 1.56391692 0.504738271 0.696190774
v 1.55378175 0.507802188 0.6954059
v 1.54416752 0.511568785 0.694848239
v 1.53525901 0.516475499 0.694279313
v 1.52716923 0.522369444 0.693717062
v 1.51979136 0.528871596 0.693307281
v 1.51359296 0.536375821 0.692762911
v 1.50793266 0.544079602 0.692519307
v 1.50308704 0.552245498 0.692393363
v 1.49921966 0.560883045 0.692314386
v 1.49671245 0.569977522 0.69212538
v 1.49488139 0.579199612 0.692156613
v 1.49375963 0.588587224 0.692391932
v 1.4937911 0.598112643 0.692643225
v 1.494663 0.607723117 0.693061888
v 1.49620366 0.617485523 0.693750262
v 1.49866319 0.627361 0.694628239
v 1.50227737 0.637203813 0.695613921
v 1.50719285 0.646808684 0.696649611
v 1.51339245 0.656037807 0.697751284
v 1.52093601 0.664627314 0.698866785
v 1.52997589 0.671926558 0.699772298
v 1.54029608 0.677521288 0.700394452
v 1.55158472 0.680889487 0.700596273
v 1.5632236 0.68345958 0.701080263
v 1.57515621 0.683378696 0.701044381
v 1.58708787 0.682397425 0.701275885
v 1.59912348 0.68070513 0.701876462
v 1.61101174 0.677457869 0.702478409
v 1.62258697 0.672723472 0.703111708
v 1.63415146 0.667109013 0.704111993
v 1.64384818 0.658693373 0.704335093
v 1.65156484 0.648434103 0.70407182
v 1.65796113 0.637387991 0.703841925
v 1.66325259 0.625828087 0.703782558
v 1.66743112 0.61381042 0.703898132
v 1.67021775 0.601349413 0.704076469
v 1.67570972 0.588587165 0.69819963
v 1.67431307 0.57530731 0.6979931
v 1.6717031 0.562266946 0.697948694
v 1.6679635 0.549480796 0.69809413
v 1.6620872 0.537517667 0.698011577
v 1.65440512 0.526676536 0.697761774
v 1.64537573 0.517046213 0.697459996
v 1.6350739 0.508950174 0.697035909
v 1.62350821 0.502999187 0.69630444
v 1.6110568 0.499620765 0.695184231
v 1.59862471 0.498003662 0.694051087
v 1.5864563 0.498086929 0.692905486
v 1.57478881 0.499633044 0.691800654
v 1.56375217 0.502117515 0.690884531
v 1.55332088 0.505386531 0.690170705
v 1.54347563 0.509439647 0.689625978
v 1.53436852 0.514582932 0.689098895
v 1.52615833 0.520776749 0.688555956
v 1.51858425 0.527412474 0.688217998
v 1.51220584 0.535073221 0.687768817
v 1.50643158 0.542988896 0.687548757
v 1.50135565 0.551293671 0.687488258
v 1.49754834 0.560221374 0.687357068
v 1.49496007 0.569527686 0.687204182
v 1.49305725 0.578969121 0.687241137
v 1.49180841 0.588587224 0.687478065
v 1.49171686 0.598374665 0.68773824
v 1.49250674 0.608276784 0.688136339
v 1.49400902 0.61835444 0.688757896
v 1.49649668 0.62855202 0.689529061
v 1.50038385 0.638579667 0.690299928
v 1.50533128 0.648556769 0.691239297
v 1.51162648 0.658172369 0.692234933
v 1.51953721 0.666831315 0.693103552
v 1.52851415 0.675033152 0.694159091
v 1.53949928 0.679973722 0.694361806
v 1.55103874 0.683751762 0.694652975
v 1.56306338 0.686007917 0.694922626
v 1.5753336 0.686196148 0.694992065
v 1.58773732 0.685802698 0.695421398
v 1.60022306 0.684089303 0.695954382
v 1.61241317 0.680435658 0.696356475
v 1.62441063 0.675596893 0.69692421
v 1.63626814 0.669667542 0.697725296
v 1.64655757 0.661237836 0.698056698
v 1.65493989 0.650886178 0.69800514
v 1.66162968 0.639404774 0.697819412
v 1.66717982 0.627382934 0.697783887
v 1.67120385 0.614779055 0.697759032
v 1.67415714 0.601847112 0.697935164
v 1.6791513 0.588587165 0.691635311
v 1.67741442 0.574915588 0.691374958
v 1.67473531 0.56148833 0.691340685
v 1.67122841 0.54818821 0.691571176
v 1.66525888 0.535774112 0.691536605
v 1.65739417 0.524504781 0.691357493
v 1.64791989 0.51465714 0.691053331
v 1.63676143 0.506910324 0.690461218
v 1.62486434 0.5008623 0.689836681
v 1.61212063 0.497359961 0.688923657
v 1.59952641 0.49522835 0.688134313
v 1.58696485 0.495421052 0.687149823
v 1.57495117 0.497052073 0.686220825
v 1.56360364 0.499757648 0.685416281
v 1.55289602 0.503158271 0.684812009
v 1.54286313 0.507553816 0.684287906
v 1.53362489 0.513002574 0.68379271
v 1.52517724 0.519230485 0.683379889
v 1.51751065 0.526115 0.683063686
v 1.51092911 0.533874393 0.682721496
v 1.50499868 0.541947842 0.682549894
v 1.50005507 0.550578594 0.682415903
v 1.49612331 0.559657156 0.682324529
v 1.49342203 0.569132805 0.682217538
v 1.49146533 0.578768015 0.682252049
v 1.49019933 0.588587224 0.682444513
v 1.48982573 0.59861362 0.682742596
v 1.49037886 0.608823121 0.683149993
v 1.49197721 0.619158924 0.683647931
v 1.49458075 0.629605353 0.684270144
v 1.49860382 0.639872909 0.684896052
v 1.50371838 0.650071442 0.685657263
v 1.50990939 0.66024816 0.686603129
v 1.51813078 0.669047356 0.687282979
v 1.5275526 0.677076578 0.688025594
v 1.5388186 0.682068288 0.68817246
v 1.55064297 0.685827255 0.688380718
v 1.56291771 0.688320637 0.688658893
v 1.57548428 0.688592732 0.688739777
v 1.58821821 0.688323259 0.689134896
v 1.60104394 0.686616004 0.689591706
v 1.61367273 0.683112562 0.690005541
v 1.62607765 0.678223729 0.690508723
v 1.63813353 0.671922505 0.691100001
v 1.64824772 0.66282481 0.691186845
v 1.65735126 0.652638257 0.691341877
v 1.6647594 0.641125321 0.691367209
v 1.67044115 0.62867415 0.691319704
v 1.67460108 0.615651309 0.691299558
v 1.6778717 0.60231632 0.69151181
v 1.68157244 0.588587165 0.684650004
v 1.67986155 0.574606419 0.684460223
v 1.67735839 0.560814798 0.684488893
v 1.67406774 0.547064066 0.684745014
v 1.66843748 0.534026742 0.68484956
v 1.660074 0.522557735 0.684640169
v 1.64996195 0.512739599 0.684289277
v 1.63845158 0.504867017 0.683799744
v 1.62622881 0.498712122 0.683295548
v 1.61313319 0.495208055 0.68255496
v 1.60021186 0.493118852 0.681911349
v 1.58740044 0.493137449 0.68117857
v 1.57510924 0.494541943 0.6805076
v 1.56346059 0.497484028 0.679834783
v 1.55247951 0.50097549 0.67935735
v 1.54221749 0.505567312 0.678923845
v 1.53289247 0.511445999 0.67845881
v 1.52429652 0.51784271 0.678123951
v 1.51650167 0.524895191 0.677867055
v 1.5098772 0.532886624 0.677571833
v 1.50390983 0.54115659 0.677417755
v 1.49885988 0.549921632 0.677318871
v 1.49493289 0.559185803 0.677229345
v 1.492028 0.56877476 0.677183449
v 1.49003577 0.578587413 0.67721051
v 1.48864532 0.588587224 0.677384377
v 1.48805642 0.598837137 0.677666008
v 1.48857093 0.609287262 0.677998245
v 1.48999834 0.619942307 0.67844075
v 1.4924705 0.630765498 0.678983033
v 1.4967947 0.641187251 0.67942512
v 1.50203562 0.65165168 0.680027068
v 1.50861526 0.661812544 0.680691004
v 1.51694155 0.670921564 0.681257069
v 1.52696109 0.678333223 0.681638479
v 1.53825784 0.683794379 0.681848705
v 1.55027747 0.687742651 0.682039618
v 1.56279707 0.69023937 0.682247281
v 1.57562947 0.690900087 0.682398379
v 1.58858347 0.69023788 0.682619452
v 1.60166478 0.688526273 0.682984293
v 1.61462259 0.685130656 0.683353186
v 1.62744904 0.680384755 0.683815181
v 1.63951254 0.673589289 0.684179544
v 1.64970517 0.664193451 0.68420887
v 1.65924287 0.654012501 0.684405446
v 1.66736293 0.642556667 0.684569597
v 1.67283487 0.629621863 0.684442282
v 1.67757225 0.61641413 0.684539258
v 1.68112445 0.602727294 0.684750795
v 1.68326497 0.588587165 0.677442312
v 1.68191671 0.574346781 0.677369297
v 1.67996812 0.560144842 0.677490294
v 1.67696238 0.545917928 0.677739263
v 1.67097282 0.532632947 0.677777827
v 1.66198492 0.521169603 0.677543521
v 1.65151048 0.511285186 0.677256703
v 1.64017129 0.502788246 0.677002668
v 1.62754393 0.496639758 0.676606119
v 1.61419272 0.492956251 0.676087081
v 1.60082483 0.491232395 0.675549507
v 1.58778143 0.491139323 0.675038695
v 1.57525945 0.49215135 0.674621761
v 1.56332874 0.495388985 0.6740973
v 1.55209041 0.49893558 0.673755527
v 1.54167771 0.50390631 0.673395038
v 1.53224564 0.510071456 0.673028946
v 1.52362943 0.516791642 0.672747493
v 1.5157342 0.523967326 0.672558904
v 1.50900865 0.532070994 0.672347665
v 1.50299764 0.540494025 0.672228158
v 1.49793768 0.549414575 0.672145903
v 1.49388289 0.558770061 0.672095001
v 1.49090743 0.568487048 0.672067046
v 1.48883176 0.578435302 0.672095418
v 1.48727489 0.588587224 0.672243774
v 1.48670077 0.599008322 0.672442615
v 1.48668671 0.609771132 0.672771573
v 1.48785591 0.620790601 0.67314291
v 1.49041319 0.631896555 0.673534155
v 1.49499941 0.642491579 0.673826516
v 1.50049019 0.653102934 0.674236894
v 1.5073905 0.663293004 0.674675047
v 1.51619697 0.672094584 0.674989998
v 1.52663398 0.67902869 0.675159812
v 1.53782177 0.685136259 0.675412595
v 1.5500133 0.689127803 0.675547719
v 1.5627079 0.691657603 0.675696552
v 1.57575226 0.692849576 0.675889671
v 1.5888958 0.691875696 0.675999999
v 1.60217333 0.69009167 0.676254988
v 1.61540174 0.68678683 0.676546037
v 1.62854576 0.682112753 0.676908255
v 1.64086413 0.675223112 0.677178323
v 1.65154243 0.665918648 0.677263618
v 1.6611135 0.655371547 0.677369177
v 1.66904926 0.643483818 0.677422881
v 1.67416358 0.630147994 0.677252591
v 1.67910337 0.616807282 0.677345693
v 1.68257451 0.602910459 0.677476287
v 1.68508935 0.588587105 0.67018044
v 1.68368173 0.5741238 0.670132518
v 1.68154478 0.559740007 0.670189917
v 1.67926908 0.545004666 0.670420766
v 1.67207837 0.532025039 0.670326352
v 1.66304111 0.520402133 0.670190692
v 1.65261412 0.510248959 0.670039654
v 1.64151001 0.501170218 0.669944644
v 1.62836552 0.495344967 0.669653356
v 1.6151166 0.490993351 0.669405043
v 1.60141397 0.489419371 0.669058919
v 1.58819795 0.488956541 0.668784559
v 1.57537603 0.490300924 0.668500304
v 1.56322098 0.493674934 0.668174148
v 1.55180979 0.497465432 0.667948902
v 1.54128289 0.502691031 0.667712688
v 1.53177357 0.509068072 0.667477965
v 1.52303076 0.5158481 0.667310834
v 1.51514554 0.523255706 0.667179585
v 1.50832677 0.531430662 0.667054832
v 1.50232482 0.540005088 0.666973531
v 1.49710631 0.548957586 0.666935623
v 1.49294114 0.558397174 0.666911602
v 1.48994899 0.568241 0.666892529
v 1.48771667 0.578294456 0.666922152
v 1.4860661 0.588587224 0.66701901
v 1.48545432 0.599165857 0.667142212
v 1.48524857 0.610140324 0.667360425
v 1.48606324 0.621500373 0.66762501
v 1.48867416 0.632852495 0.667863905
v 1.49367332 0.643455088 0.668005049
v 1.49938393 0.654141724 0.668238163
v 1.5064888 0.664383054 0.668489695
v 1.51559663 0.673040748 0.668649256
v 1.52619672 0.679957926 0.668741524
v 1.53741717 0.686381876 0.668919623
v 1.54983687 0.690053582 0.668964863
v 1.56264973 0.69258219 0.669052064
v 1.57581067 0.69378072 0.669167936
v 1.58916378 0.693279862 0.669281662
v 1.6026125 0.691443145 0.669432998
v 1.61609578 0.688261509 0.669626832
v 1.62947512 0.683577418 0.669853091
v 1.6420598 0.676668644 0.670027733
v 1.65298843 0.66727668 0.670089006
v 1.66253114 0.656401336 0.670129776
v 1.67010617 0.644064784 0.670109272
v 1.67548752 0.630672157 0.670028687
v 1.68058085 0.617186606 0.670093954
v 1.68391538 0.603079796 0.670155048
v 1.68634772 0.588587165 0.662757039
v 1.68478298 0.573984683 0.662736297
v 1.68221021 0.559569061 0.662741721
v 1.67911553 0.545065522 0.662791133
v 1.67245531 0.531817973 0.662778974
v 1.66295838 0.520462215 0.662716806
v 1.65331602 0.509589851 0.662700593
v 1.64187193 0.50073266 0.662656307
v 1.62879586 0.494667143 0.662567139
v 1.6153903 0.490411282 0.66247946
v 1.60188365 0.48797363 0.662392557
v 1.58846951 0.487532198 0.662299097
v 1.57547975 0.48865217 0.662211061
v 1.56314254 0.492430538 0.662089646
v 1.5516181 0.496459126 0.66200763
v 1.54097939 0.501756728 0.66192776
v 1.53142524 0.508327961 0.661844432
v 1.52268195 0.515298486 0.661783516
v 1.51472235 0.522744477 0.661740303
v 1.50784302 0.530976355 0.661698937
v 1.50171828 0.539564431 0.661674678
v 1.49638772 0.548562527 0.661664307
v 1.49223185 0.558116376 0.661654472
v 1.48915005 0.568035901 0.661650002
v 1.48668385 0.578163981 0.661666691
v 1.4849534 0.588587165 0.661701322
v 1.48440218 0.599298775 0.661740601
v 1.4843657 0.61036706 0.661808372
v 1.48503947 0.621905744 0.661902487
v 1.48794103 0.633255541 0.661973417
v 1.49291301 0.644007504 0.662023604
v 1.49842858 0.655038953 0.662113011
v 1.50605106 0.664912164 0.662176609
v 1.51535368 0.673423409 0.662222147
v 1.52584171 0.680712402 0.662265003
v 1.53723812 0.686932385 0.662316024
v 1.54975247 0.69049561 0.662326932
v 1.56262064 0.693046093 0.662356436
v 1.57584453 0.694316208 0.662397206
v 1.58940363 0.694537282 0.662458837
v 1.60296845 0.692538679 0.662505031
v 1.6164639 0.68904388 0.662560284
v 1.62963653 0.683831573 0.662617445
v 1.64228439 0.676940024 0.662677109
v 1.65396404 0.668192923 0.662729084
v 1.66376328 0.657296717 0.662748635
v 1.67108011 0.644600213 0.662728608
v 1.67696428 0.631256819 0.662717104
v 1.68162632 0.617455125 0.662722409
v 1.68530083 0.603254855 0.662752926
v 1.68683195 0.588587165 0.655227602
v 1.68566108 0.573873758 0.65523535
v 1.68256283 0.559478521 0.655246675
v 1.67898965 0.545115352 0.655213237
v 1.67228031 0.531914115 0.655227482
v 1.6631155 0.520348012 0.655277014
v 1.65319753 0.509701073 0.65530467
v 1.64180756 0.500810385 0.65534693
v 1.62904 0.494282395 0.655418277
v 1.61545634 0.490271002 0.655515611
v 1.60193229 0.487824023 0.655602455
v 1.58863711 0.486654401 0.655672312
v 1.57553005 0.487850666 0.655763209
v 1.56307745 0.491396129 0.655877113
v 1.55151701 0.495929688 0.655975103
v 1.54088759 0.501473784 0.656062722
v 1.53120279 0.507855058 0.656138837
v 1.52244401 0.514923632 0.656202197
v 1.51450944 0.522487164 0.656248927
v 1.5074482 0.530605435 0.656283677
v 1.50124431 0.539220095 0.656306565
v 1.49573135 0.54820174 0.656311691
v 1.49151206 0.557831466 0.656320691
v 1.48846793 0.567860782 0.656327426
v 1.48588729 0.578063369 0.656307578
v 1.48425245 0.588587165 0.656276226
v 1.48381901 0.599372447 0.656240523
v 1.48354053 0.610578895 0.656164289
v 1.48478603 0.622006059 0.656088769
v 1.48738694 0.633560181 0.656006336
v 1.49228787 0.644461691 0.655951619
v 1.49799705 0.655444264 0.655868053
v 1.50589991 0.665094733 0.65581584
v 1.5153389 0.673447013 0.655776978
v 1.52564931 0.68112123 0.655720532
v 1.53722692 0.686966777 0.655682802
v 1.54974318 0.69054383 0.655671537
v 1.56262827 0.692922533 0.655647576
v 1.57586861 0.694700599 0.655590475
v 1.58954406 0.695273995 0.655517101
v 1.60322285 0.693321764 0.655468583
v 1.61662531 0.689387083 0.655427575
v 1.6295321 0.683667243 0.655388832
v 1.64225054 0.676899016 0.655324697
v 1.65425038 0.66846174 0.655258358
v 1.66434216 0.657717228 0.655228436
v 1.67142987 0.644792497 0.655258596
v 1.67807198 0.631695449 0.655244708
v 1.68253589 0.617688596 0.655247509
v 1.68575501 0.603312314 0.655232549
v 1.68652105 0.588587105 0.647681415
v 1.68570638 0.573867977 0.647670567
v 1.68280721 0.559415817 0.647684336
v 1.67861271 0.545264602 0.647647262
v 1.67161489 0.532279849 0.647724688
v 1.66247296 0.520814955 0.647877038
v 1.6527729 0.510099769 0.647939324
v 1.64135838 0.501353323 0.648078322
v 1.62900186 0.494342387 0.648232043
v 1.61542082 0.49034673 0.648526013
v 1.6020112 0.487580657 0.648754537
v 1.58863831 0.48664701 0.648988605
v 1.57551908 0.488026977 0.649279892
v 1.56306624 0.491216213 0.649588168
v 1.55151677 0.495928288 0.649900079
v 1.54089689 0.501502812 0.65016669
v 1.53112745 0.507695258 0.650375605
v 1.52233124 0.514745951 0.65056324
v 1.51438856 0.522340834 0.650705934
v 1.50720286 0.530375183 0.650796473
v 1.50093174 0.53899312 0.65086031
v 1.49525428 0.54793942 0.650860429
v 1.49094462 0.557606757 0.650881231
v 1.48790693 0.567716718 0.650904059
v 1.48536491 0.577997386 0.650849104
v 1.4837513 0.588587224 0.650757611
v 1.48327923 0.599440575 0.650646269
v 1.4830184 0.610712945 0.650417328
v 1.48448777 0.622124135 0.650211453
v 1.48703027 0.63375628 0.649955094
v 1.49192023 0.64472878 0.649785876
v 1.49771523 0.655708909 0.649540961
v 1.50581765 0.665194213 0.649408758
v 1.51545262 0.673267543 0.649324834
v 1.52563071 0.681160808 0.649130166
v 1.53728414 0.686790764 0.649038851
v 1.54973865 0.690567732 0.648984611
v 1.56262612 0.692958236 0.648911536
v 1.57585406 0.694471061 0.648765266
v 1.58955932 0.695353746 0.648514628
v 1.60321522 0.693298221 0.648378789
v 1.61661458 0.689364076 0.648255587
v 1.62962103 0.683807135 0.648120582
v 1.64229965 0.676958561 0.647935927
v 1.65420747 0.668421268 0.647749662
v 1.66440487 0.657762825 0.647646725
v 1.67130041 0.64472127 0.647759199
v 1.67810082 0.631706893 0.647700131
v 1.68313384 0.617842138 0.647651732
v 1.68528557 0.603252947 0.647711754
v 1.68514633 0.588587165 0.640253365
v 1.68478298 0.573984683 0.640163541
v 1.68240356 0.559519529 0.640103161
v 1.67788029 0.545554519 0.640101075
v 1.67058039 0.532848775 0.640294671
v 1.66184568 0.521270573 0.640484273
v 1.65215039 0.510684311 0.640601337
v 1.64086342 0.501951635 0.640821815
v 1.62863612 0.494918525 0.641064346
v 1.61538982 0.490412623 0.641458392
v 1.60193634 0.487811595 0.641868889
v 1.58857155 0.486997932 0.642279685
v 1.57548404 0.488581508 0.642799854
v 1.56309581 0.491687685 0.643303037
v 1.55157852 0.496252656 0.643802881
v 1.54096079 0.501699567 0.64422977
v 1.53112912 0.507699013 0.644547105
v 1.52229476 0.514688611 0.644849837
v 1.51437044 0.52231884 0.645095289
v 1.50716949 0.530344009 0.64524442
v 1.50082755 0.538917422 0.645338178
v 1.49511719 0.54786402 0.645333648
v 1.49073935 0.557525456 0.645358384
v 1.4876008 0.56763804 0.645380974
v 1.48517156 0.577972949 0.645308077
v 1.4836874 0.588587224 0.645176172
v 1.4830668 0.599467397 0.644965172
v 1.48287988 0.610748589 0.644593
v 1.48431492 0.622192621 0.644241273
v 1.48701835 0.633762836 0.643839478
v 1.49181461 0.644805431 0.643536985
v 1.49783659 0.655594885 0.643174529
v 1.50622892 0.664697051 0.643030345
v 1.51576662 0.672772765 0.642880082
v 1.52587342 0.68064481 0.642551363
v 1.53743148 0.686337709 0.642383158
v 1.54972243 0.69065237 0.642201304
v 1.5626204 0.693049133 0.642077982
v 1.57585645 0.694504857 0.641842186
v 1.58966279 0.695896447 0.64133817
v 1.60321617 0.693301022 0.64119941
v 1.61666894 0.689479947 0.640972733
v 1.62990451 0.684253573 0.640681684
v 1.64238477 0.6770612 0.640435815
v 1.65395379 0.668183148 0.640201509
v 1.66435456 0.657726347 0.639983118
v 1.67092681 0.644515932 0.640230656
v 1.67749023 0.631465077 0.640168965
v 1.68238449 0.617649674 0.640106618
v 1.68428278 0.603126287 0.640245199
v 1.68357635 0.588587165 0.632892549
v 1.6835258 0.574143529 0.632696807
v 1.68132448 0.559796512 0.632576466
v 1.67653108 0.546088755 0.632650197
v 1.6692555 0.533577025 0.632937312
v 1.66067052 0.522124231 0.633191466
v 1.65114641 0.511627138 0.633339703
v 1.64023399 0.502712429 0.633561969
v 1.62833142 0.495398939 0.633808792
v 1.61528349 0.490638107 0.634292245
v 1.60185003 0.488077134 0.634878695
v 1.58844519 0.487659812 0.635548592
v 1.57544279 0.489240974 0.63628006
v 1.56314659 0.492491752 0.637023449
v 1.55170774 0.496930093 0.637702644
v 1.54111695 0.502180159 0.638263226
v 1.53128624 0.508032858 0.6386801
v 1.5224154 0.514878392 0.639074683
v 1.51446867 0.522437751 0.639404953
v 1.50725126 0.530420721 0.639605939
v 1.50084591 0.538930595 0.639717817
v 1.49512815 0.54787004 0.639709115
v 1.49075365 0.557531118 0.639744699
v 1.48750663 0.5676139 0.639751077
v 1.48507476 0.57796073 0.639648139
v 1.48374701 0.588587224 0.639497638
v 1.48316526 0.599454999 0.639208734
v 1.48316193 0.61067611 0.638727129
v 1.48467517 0.622049987 0.638252497
v 1.48775411 0.633358419 0.637788475
v 1.4921546 0.64455843 0.637265742
v 1.49824929 0.655207157 0.636787415
v 1.50669026 0.664139509 0.636619687
v 1.51621819 0.672061145 0.636434853
v 1.52640939 0.679505587 0.636065722
v 1.53760505 0.685802996 0.635669231
v 1.54978108 0.690345585 0.635355532
v 1.56262255 0.693011224 0.635118783
v 1.57586241 0.694602966 0.634754717
v 1.58958292 0.695477784 0.634162962
v 1.60316896 0.693156064 0.633904576
v 1.61664987 0.689439297 0.633560002
v 1.62989354 0.684236646 0.633143425
v 1.64205337 0.676660717 0.63291049
v 1.65356851 0.667821348 0.632581413
v 1.66409302 0.657536149 0.632226169
v 1.67008471 0.644052982 0.632721424
v 1.67629814 0.630993068 0.632707536
v 1.68113065 0.61732775 0.632622242
v 1.68281531 0.602940857 0.632860243
v 1.68190432 0.588587165 0.625547528
v 1.68175268 0.574367523 0.625327229
v 1.67937016 0.560298324 0.625239134
v 1.67455316 0.546871901 0.625367463
v 1.66750455 0.53453958 0.625702739
v 1.65909266 0.523270726 0.626019359
v 1.64950514 0.513168454 0.62630111
v 1.63915229 0.504020154 0.626425385
v 1.62788129 0.496108294 0.626492143
v 1.614856 0.49154681 0.627169549
v 1.60166502 0.488646924 0.62781179
v 1.58824587 0.48870495 0.628820896
v 1.57537508 0.490314305 0.629775465
v 1.56321478 0.49357605 0.630745411
v 1.5518713 0.497787476 0.631565154
v 1.54132986 0.502835512 0.63223958
v 1.53155327 0.508599997 0.632763207
v 1.52276778 0.515433729 0.633285403
v 1.51477456 0.522807598 0.633662343
v 1.5075357 0.53068769 0.633896947
v 1.5010035 0.539045036 0.633984387
v 1.49538922 0.548013568 0.634003758
v 1.49104834 0.557647884 0.634055555
v 1.48756957 0.567630112 0.633989036
v 1.48504686 0.577957213 0.633827686
v 1.4837923 0.588587224 0.63365382
v 1.48348475 0.599414647 0.633360386
v 1.48402262 0.610455096 0.632902265
v 1.48577285 0.62161535 0.632371604
v 1.4887569 0.632807016 0.631757379
v 1.4928925 0.644022405 0.631008685
v 1.49910116 0.654407263 0.630462825
v 1.50721383 0.663506508 0.630141795
v 1.51669002 0.671317995 0.629918814
v 1.5268693 0.678528547 0.629498065
v 1.5378437 0.685068905 0.628891051
v 1.54985547 0.689955592 0.628371835
v 1.56266594 0.692323506 0.628150702
v 1.57581282 0.693814278 0.627707362
v 1.58945107 0.694785953 0.626912355
v 1.60294032 0.692452133 0.626586974
v 1.61623693 0.68856144 0.626207173
v 1.62937784 0.683424175 0.62566328
v 1.64141417 0.675888121 0.625372469
v 1.65268564 0.666992247 0.625006318
v 1.66246128 0.656350732 0.624783516
v 1.66940928 0.643681586 0.625057876
v 1.67531776 0.630604923 0.62512368
v 1.67957401 0.61692816 0.625176609
v 1.68114448 0.602729797 0.625508964
v 1.67981768 0.588587165 0.618288755
v 1.6794672 0.574656188 0.6180951
v 1.67687869 0.56093806 0.618084908
v 1.67190576 0.547919989 0.618345499
v 1.66562343 0.535573781 0.618503511
v 1.6572876 0.524582267 0.618927062
v 1.64769626 0.514866948 0.619368434
v 1.63762403 0.505867481 0.619491696
v 1.62668848 0.497987628 0.619511187
v 1.6142385 0.492859185 0.620065749
v 1.60126233 0.489886224 0.620807886
v 1.58795667 0.49022153 0.622147799
v 1.57527423 0.491915703 0.62335366
v 1.56329751 0.4948906 0.624450624
v 1.5520699 0.498828232 0.625372231
v 1.54162049 0.503729939 0.626164734
v 1.53196144 0.509467483 0.626820624
v 1.52324033 0.51617837 0.627439857
v 1.51526427 0.523399591 0.627865434
v 1.50797534 0.531100631 0.628095567
v 1.50141811 0.539346218 0.628170669
v 1.49595118 0.548322558 0.628242135
v 1.49151826 0.55783385 0.628256261
v 1.48786116 0.567704976 0.628098607
v 1.48517132 0.577972889 0.627833724
v 1.48396683 0.588587224 0.627636194
v 1.48405647 0.599342406 0.627420306
v 1.48518062 0.610157788 0.627080202
v 1.48720193 0.621049583 0.626547813
v 1.49004173 0.632100761 0.625760257
v 1.49406409 0.643171132 0.624825358
v 1.49997711 0.653584838 0.624057591
v 1.50784898 0.66273886 0.623584032
v 1.51716018 0.670577109 0.623263836
v 1.52736115 0.67748338 0.622844338
v 1.53825641 0.683798373 0.622158229
v 1.55004168 0.688979566 0.621388495
v 1.56273127 0.691286802 0.621130824
v 1.57572436 0.692405999 0.620718122
v 1.58914971 0.693206787 0.61980474
v 1.60259819 0.691399455 0.619217038
v 1.61561632 0.687242329 0.618875086
v 1.62866426 0.682299674 0.618154287
v 1.64050341 0.674786925 0.617829502
v 1.65126109 0.66565448 0.617568791
v 1.66101289 0.655298352 0.617232442
v 1.66831136 0.643078089 0.617374718
v 1.67422175 0.630171001 0.617429256
v 1.67797351 0.616517186 0.617669225
v 1.67963696 0.602539361 0.618032396
v 1.67733097 0.588587105 0.611130238
v 1.67654514 0.57502538 0.611100256
v 1.67401648 0.561672866 0.611092269
v 1.66921687 0.548984647 0.611378014
v 1.66358614 0.536693692 0.611316502
v 1.65525818 0.526056647 0.611907244
v 1.64585066 0.516600311 0.612448812
v 1.63583302 0.50803256 0.612720132
v 1.62512827 0.50044626 0.612788737
v 1.61314154 0.495190352 0.613307238
v 1.60057306 0.492007345 0.614046752
v 1.58757854 0.492202818 0.615564108
v 1.57514548 0.493962198 0.617029488
v 1.56339598 0.496455938 0.618135571
v 1.55232549 0.500167906 0.619153619
v 1.5420208 0.504962027 0.620076537
v 1.53253436 0.510685265 0.620887876
v 1.52381563 0.517084897 0.621512175
v 1.51588869 0.524154186 0.621982336
v 1.50862098 0.531706929 0.622217774
v 1.50218558 0.539903939 0.62233597
v 1.49661803 0.548689187 0.622338772
v 1.49219227 0.55810076 0.622339904
v 1.48845792 0.5678581 0.622102022
v 1.48552108 0.578017116 0.621666789
v 1.48452902 0.588587224 0.621522009
v 1.48488212 0.599238157 0.62138164
v 1.4864006 0.609844565 0.621161699
v 1.48855233 0.62051481 0.620606959
v 1.4915123 0.631292224 0.61975956
v 1.49547482 0.64214617 0.618663847
v 1.50112534 0.652506471 0.617665827
v 1.50864577 0.661775529 0.6169523
v 1.51789856 0.669413447 0.616623819
v 1.5279839 0.676159799 0.616156638
v 1.53871584 0.682384372 0.615341961
v 1.55030632 0.687591791 0.61438328
v 1.56281781 0.689912438 0.6140576
v 1.57562113 0.690765142 0.613679349
v 1.58879709 0.691357672 0.612686157
v 1.60209107 0.689838529 0.611872435
v 1.61489677 0.68571347 0.611482501
v 1.62771392 0.680802166 0.610652566
v 1.6394465 0.673509538 0.610210478
v 1.65008998 0.664554894 0.609874129
v 1.65937948 0.654111743 0.609652221
v 1.66610146 0.641863167 0.61004591
v 1.67197013 0.629279554 0.61006695
v 1.67538166 0.6158517 0.610468149
v 1.67738581 0.602254868 0.610725284
v 1.67468381 0.588587105 0.603965223
v 1.67348433 0.575412035 0.604158521
v 1.67126751 0.562378705 0.604020119
v 1.6669693 0.549874544 0.604137182
v 1.66115475 0.538030446 0.604251206
v 1.65304685 0.527663231 0.604925811
v 1.64367199 0.518646181 0.605697393
v 1.63389301 0.510377645 0.606045842
v 1.62358022 0.502885461 0.606045961
v 1.6119945 0.497627676 0.606555164
v 1.59983873 0.494267434 0.607261181
v 1.58709478 0.494739026 0.609156609
v 1.57500815 0.496146619 0.610678494
v 1.56352019 0.498433739 0.611874044
v 1.55267119 0.501979887 0.6130023
v 1.54257488 0.506667316 0.614063084
v 1.53318858 0.512075722 0.614885509
v 1.52463365 0.518373847 0.615616083
v 1.51674271 0.525186419 0.616072536
v 1.50952005 0.53255111 0.616294503
v 1.50313687 0.540595114 0.616403759
v 1.49767375 0.549269557 0.616422296
v 1.49329138 0.558535933 0.616411924
v 1.48942447 0.568106353 0.616035461
v 1.48628998 0.578114212 0.615406156
v 1.48536062 0.588587224 0.615265012
v 1.48605824 0.599089503 0.615284204
v 1.48776412 0.609494448 0.615141034
v 1.48992586 0.619971037 0.614523411
v 1.49301553 0.630465806 0.613649011
v 1.49709606 0.640968263 0.612508297
v 1.50272536 0.651003897 0.611431718
v 1.50974703 0.66044426 0.610347033
v 1.51860976 0.668292761 0.609750926
v 1.52864313 0.674758732 0.609315693
v 1.53926039 0.680708826 0.608466864
v 1.55077839 0.685117722 0.607731938
v 1.56296349 0.687594056 0.607246041
v 1.57547665 0.688468635 0.606788933
v 1.58835292 0.689029872 0.60565418
v 1.60142159 0.687777877 0.604589105
v 1.61385393 0.683497548 0.604277253
v 1.62585688 0.677875936 0.603829622
v 1.63777113 0.671484351 0.602871776
v 1.64829135 0.662865818 0.602391362
v 1.65602446 0.651674092 0.603005886
v 1.66323185 0.640285552 0.603014708
v 1.66863346 0.627958536 0.603203177
v 1.67251086 0.615114629 0.603350282
v 1.67470288 0.601916015 0.603517652
v 1.67169237 0.588587165 0.596863747
v 1.67068839 0.575765193 0.596983314
v 1.66833115 0.563132703 0.59695214
v 1.66427851 0.550939858 0.597004533
v 1.65807509 0.539723456 0.597513139
v 1.65026855 0.529681742 0.598248482
v 1.6412046 0.520963311 0.599115193
v 1.63182425 0.51287806 0.599435389
v 1.62187433 0.505573571 0.599398315
v 1.61102915 0.499679565 0.599434674
v 1.59883833 0.497346133 0.600842714
v 1.58655572 0.497565299 0.602827013
v 1.57485104 0.498643488 0.604367733
v 1.56366658 0.500756919 0.605651498
v 1.55307627 0.50410378 0.606862187
v 1.54320693 0.508612275 0.608023763
v 1.5340836 0.513977528 0.609013855
v 1.52567124 0.520008922 0.609762609
v 1.51771212 0.526358426 0.610041142
v 1.51065159 0.533613801 0.610317886
v 1.50441122 0.541520953 0.610458791
v 1.49911451 0.550061584 0.610522032
v 1.4947598 0.559117258 0.610470653
v 1.49096084 0.568500817 0.610037386
v 1.48791456 0.57831949 0.60933727
v 1.48699665 0.588587224 0.609172523
v 1.48765922 0.598887265 0.609181285
v 1.48951983 0.609043717 0.609135509
v 1.49162388 0.619298756 0.608426034
v 1.49478245 0.629494429 0.60752517
v 1.49914002 0.639483392 0.606508851
v 1.50448561 0.64935106 0.605190158
v 1.51120377 0.658683479 0.603851378
v 1.51971698 0.666548252 0.603026032
v 1.52948976 0.672959924 0.602472901
v 1.54011488 0.678078771 0.601957798
v 1.55138183 0.681954205 0.601379693
v 1.56315899 0.684487402 0.600749731
v 1.5752995 0.685652494 0.600042105
v 1.58782935 0.686284602 0.598707259
v 1.60054588 0.685083389 0.597492993
v 1.61244249 0.680498064 0.5974226
v 1.62403321 0.675001979 0.596956313
v 1.63521791 0.668397963 0.596208394
v 1.64494967 0.659727871 0.596000969
v 1.65278888 0.649323344 0.596360385
v 1.65932298 0.638136685 0.596650004
v 1.66448212 0.626314819 0.596871912
v 1.66884303 0.614172935 0.596631765
v 1.67117333 0.601470172 0.596687257
v 1.66805625 0.588587165 0.590036511
v 1.6671176 0.57621634 0.590148449
v 1.66545105 0.563872159 0.589676023
v 1.66106462 0.552212417 0.590073645
v 1.6543951 0.541746497 0.591176808
v 1.64681602 0.532190263 0.592070699
v 1.63849068 0.523511708 0.592687786
v 1.62944913 0.515749276 0.593058825
v 1.6199038 0.508678496 0.592982054
v 1.60940528 0.503130138 0.593118787
v 1.59769964 0.500850976 0.594649494
v 1.58596182 0.500677586 0.59657234
v 1.57467461 0.501446486 0.598094225
v 1.5638299 0.503353 0.599426746
v 1.55354857 0.506580651 0.600764334
v 1.54396892 0.510957599 0.602062225
v 1.53511477 0.516168773 0.603170574
v 1.52686143 0.52188468 0.603892505
v 1.5191803 0.528133035 0.604269981
v 1.51216674 0.535036683 0.604431748
v 1.50601172 0.54268378 0.604523897
v 1.50092888 0.551059067 0.604660988
v 1.49655128 0.559826612 0.604501724
v 1.49298406 0.569020152 0.604115963
v 1.48997402 0.578579664 0.603301585
v 1.48914289 0.588587224 0.603160918
v 1.48977852 0.598619521 0.603164017
v 1.49154663 0.60852325 0.603080988
v 1.49369812 0.618477523 0.602361083
v 1.49672174 0.62842828 0.601312041
v 1.50111556 0.638047934 0.600302279
v 1.50643706 0.647518575 0.598948658
v 1.51294827 0.656574667 0.597449958
v 1.52119613 0.664217353 0.596516788
v 1.53087521 0.670015633 0.596224487
v 1.54117393 0.674819648 0.595752418
v 1.55200529 0.678685904 0.595017731
v 1.56336975 0.681134701 0.594315231
v 1.57509422 0.682392538 0.593436062
v 1.58720922 0.683034778 0.591929376
v 1.59940982 0.681586862 0.590788901
v 1.61082363 0.677057683 0.590795338
v 1.62186694 0.671588778 0.590426445
v 1.63208175 0.664607048 0.590178013
v 1.64133 0.656328619 0.589971244
v 1.64917135 0.646695137 0.590040028
v 1.65542364 0.635993004 0.590358078
v 1.66028428 0.624652863 0.590658903
v 1.66481447 0.613138497 0.59013474
v 1.66737866 0.600990772 0.589965224
v 1.66426778 0.588587165 0.58318007
v 1.66350842 0.576672316 0.58318764
v 1.66118455 0.564967692 0.583259344
v 1.65676427 0.553915083 0.583889484
v 1.65056801 0.543850482 0.584944963
v 1.643327 0.53472513 0.585923195
v 1.63540125 0.526412785 0.586569071
v 1.62676072 0.518998921 0.586976886
v 1.61765051 0.512229443 0.586879611
v 1.60750961 0.507158935 0.587232888
v 1.59640217 0.504843593 0.588779926
v 1.58529782 0.504159153 0.590456784
v 1.57447171 0.504672945 0.59194833
v 1.56402278 0.506420493 0.593344688
v 1.55410552 0.509500086 0.594792843
v 1.54482985 0.513607144 0.596128225
v 1.53627062 0.518624961 0.597338438
v 1.52823162 0.524043322 0.598037899
v 1.52081299 0.530106544 0.598473072
v 1.51391268 0.536676228 0.598525524
v 1.50792766 0.544075787 0.598609447
v 1.50295329 0.552172005 0.598719895
v 1.49875879 0.560700595 0.598588884
v 1.4954071 0.569642365 0.598249674
v 1.49287319 0.578945875 0.597653747
v 1.49184632 0.588587224 0.597318709
v 1.49199867 0.598339021 0.596950829
v 1.49374819 0.607958019 0.596883833
v 1.49589705 0.617606878 0.596134305
v 1.49904919 0.627148688 0.5951671
v 1.50329089 0.636467397 0.594038963
v 1.50837922 0.645694494 0.592472017
v 1.51480079 0.65433538 0.590951324
v 1.52304053 0.661310911 0.590311944
v 1.53242517 0.666721702 0.590135813
v 1.54231501 0.671307862 0.589637637
v 1.55271339 0.674973607 0.588866889
v 1.56359577 0.677542746 0.58792001
v 1.57487154 0.6788553 0.586871207
v 1.58654308 0.679541707 0.585158288
v 1.59822369 0.67793566 0.5840801
v 1.60918474 0.673574865 0.584095538
v 1.61966085 0.668112576 0.583887637
v 1.62910748 0.661011875 0.584041297
v 1.63786101 0.653071225 0.583878338
v 1.64535213 0.643920302 0.583926916
v 1.65139604 0.63377887 0.584191263
v 1.65650749 0.623157561 0.584109306
v 1.66106081 0.612174749 0.583361268
v 1.66365314 0.600520074 0.583071589
v 1.66029668 0.588587165 0.576261401
v 1.65949178 0.57717979 0.576340795
v 1.65657687 0.566150665 0.577065766
v 1.65226126 0.555697918 0.577861369
v 1.64633226 0.546179116 0.579054952
v 1.63959479 0.537436724 0.57996875
v 1.63213634 0.529478729 0.580582201
v 1.62405014 0.522275507 0.580840886
v 1.61528683 0.515954018 0.580874383
v 1.60546494 0.511503935 0.581631601
v 1.59510851 0.508825302 0.582834482
v 1.58460879 0.507770896 0.584281266
v 1.57424784 0.508231759 0.585879028
v 1.56424165 0.509896874 0.587394238
v 1.55473924 0.51282078 0.588950157
v 1.54581714 0.516645789 0.590302408
v 1.53753185 0.521305144 0.591469109
v 1.52974606 0.526429653 0.592142224
v 1.52255201 0.532208622 0.592548788
v 1.5158937 0.538536489 0.592598796
v 1.51011682 0.545666337 0.592683911
v 1.50514817 0.553378582 0.59262681
v 1.50111938 0.561635196 0.592508674
v 1.49804211 0.570318937 0.592287302
v 1.4958992 0.579328179 0.591908157
v 1.494874 0.588587224 0.591506004
v 1.49490881 0.59797138 0.591001451
v 1.49628878 0.607305706 0.590643287
v 1.4984684 0.616588831 0.589919269
v 1.50170541 0.625688553 0.589058816
v 1.50576854 0.634667337 0.587802649
v 1.5106504 0.6435619 0.586066306
v 1.5170939 0.651563525 0.584772289
v 1.52517748 0.657943785 0.584398866
v 1.53402066 0.663330913 0.583979845
v 1.54355359 0.66749531 0.583649755
v 1.55344224 0.671153367 0.582663417
v 1.56384611 0.67356503 0.581672728
v 1.57460976 0.674692929 0.580646336
v 1.58572936 0.675276816 0.578851044
v 1.59678435 0.673506558 0.577909589
v 1.6073904 0.669761837 0.5775249
v 1.61732721 0.664435267 0.577416182
v 1.62633801 0.65766418 0.577581406
v 1.63441944 0.649839342 0.577737927
v 1.64142632 0.641067982 0.577912986
v 1.64735675 0.631558239 0.577993214
v 1.65237784 0.621522427 0.577747464
v 1.65674591 0.611066937 0.576907277
v 1.65952086 0.599998116 0.576314211
v 1.65559101 0.588587165 0.56978637
v 1.65421629 0.577846229 0.570508122
v 1.65177703 0.567383111 0.570958436
v 1.64756417 0.557557642 0.571962357
v 1.64198494 0.548569202 0.573225915
v 1.63570023 0.540266454 0.57411325
v 1.62867641 0.532727718 0.574740767
v 1.62122083 0.525695324 0.574717224
v 1.61275172 0.519948542 0.575057387
v 1.60353661 0.515601814 0.575709641
v 1.59384012 0.51272881 0.576638877
v 1.58384633 0.511767805 0.578247249
v 1.57399654 0.51222533 0.579994142
v 1.56448412 0.513755023 0.581576824
v 1.55543566 0.516472459 0.583192825
v 1.54689145 0.519952118 0.584481418
v 1.53884578 0.524097323 0.585404634
v 1.53131652 0.528904438 0.586010158
v 1.52440071 0.534443319 0.586440623
v 1.51812577 0.540632546 0.586664438
v 1.51245189 0.547362804 0.58657974
v 1.5077486 0.554808259 0.586598814
v 1.50405216 0.562796414 0.586657286
v 1.50111032 0.571106791 0.586419582
v 1.49909735 0.57973218 0.586045861
v 1.49823213 0.588587224 0.585727811
v 1.49815321 0.597561538 0.5850631
v 1.4990108 0.606606781 0.584181011
v 1.50116181 0.615522444 0.583447218
v 1.50435901 0.62422967 0.582604527
v 1.50836611 0.632780194 0.581364691
v 1.51332879 0.641046703 0.579869211
v 1.5195775 0.648561299 0.578627229
v 1.52745128 0.654360771 0.578561246
v 1.53586841 0.659404337 0.578183889
v 1.54486299 0.663465738 0.577702701
v 1.5542469 0.666934669 0.576640904
v 1.56410861 0.669390857 0.575398505
v 1.57434392 0.670466304 0.574285805
v 1.58485341 0.670684159 0.572699547
v 1.59532094 0.669002652 0.571691275
v 1.6054132 0.665560067 0.571159005
v 1.6149056 0.660619438 0.570906818
v 1.62356758 0.654315352 0.570915639
v 1.63098145 0.646610856 0.571475923
v 1.63734698 0.638104141 0.57201153
v 1.64297366 0.629148602 0.572060704
v 1.64801598 0.61979562 0.571460366
v 1.65205812 0.609863341 0.570658803
v 1.65482593 0.59940505 0.569873393
v 1.64972663 0.588587165 0.564399779
v 1.64833212 0.578589559 0.565299034
v 1.64603615 0.568857074 0.565806866
v 1.64223123 0.559669077 0.56672442
v 1.63745952 0.551056802 0.56749016
v 1.6316812 0.543186367 0.568269014
v 1.62510633 0.536080301 0.568900287
v 1.61801577 0.529569805 0.569027245
v 1.61009789 0.524130225 0.569325268
v 1.60152006 0.519887447 0.569813251
v 1.59248853 0.516888857 0.570444822
v 1.58300018 0.516204119 0.572441638
v 1.57372427 0.516556561 0.574221551
v 1.56474781 0.517945588 0.575856328
v 1.55617881 0.520368516 0.577421486
v 1.5480547 0.523531735 0.57864958
v 1.54031992 0.527230024 0.579345465
v 1.53307939 0.531682372 0.579832137
v 1.52648425 0.536961794 0.580296457
v 1.52057743 0.542934775 0.580662191
v 1.51527977 0.549417496 0.580721378
v 1.51090932 0.556545854 0.580873728
v 1.50726724 0.56406939 0.580765486
v 1.50443482 0.57196033 0.5804649
v 1.50242329 0.580152333 0.579945922
v 1.5017221 0.588587224 0.579745591
v 1.50167203 0.597117007 0.579056501
v 1.50233817 0.605752468 0.577922046
v 1.50444865 0.614221096 0.577204227
v 1.50736308 0.622578144 0.576120257
v 1.5112772 0.630665064 0.574909866
v 1.51647663 0.638090789 0.574053764
v 1.52262592 0.644876301 0.573186398
v 1.52992296 0.650465786 0.572912335
v 1.53774953 0.655406713 0.572254002
v 1.54620028 0.659349918 0.571600497
v 1.55508971 0.662516534 0.570592403
v 1.56437969 0.665085256 0.56896323
v 1.57407594 0.666208267 0.567641497
v 1.58395314 0.665964961 0.566468716
v 1.59376812 0.664223135 0.565581679
v 1.60331941 0.661110461 0.564849496
v 1.61245632 0.656760156 0.564155281
v 1.62057352 0.650696158 0.564314187
v 1.62742281 0.643269122 0.565167844
v 1.63333511 0.635189474 0.565867305
v 1.63851166 0.626695633 0.566079795
v 1.64314103 0.617865384 0.565574646
v 1.64713693 0.608599782 0.564471781
v 1.64946413 0.598727643 0.563958824
v 1.64321923 0.588587165 0.559810638
v 1.64228344 0.579353631 0.560285985
v 1.64009976 0.570381284 0.560909092
v 1.63674736 0.561840296 0.561646163
v 1.63248849 0.553789854 0.562217951
v 1.62734342 0.546337783 0.562688887
v 1.62133074 0.539625943 0.563165009
v 1.61457253 0.533731997 0.563607752
v 1.60728097 0.528568923 0.563753843
v 1.59922385 0.52476722 0.564492524
v 1.59084105 0.521958947 0.565129995
v 1.5820787 0.521035075 0.566854298
v 1.57343149 0.521207929 0.568539441
v 1.56502414 0.522334337 0.570051789
v 1.55695271 0.524425149 0.571478486
v 1.54929399 0.527346432 0.57272023
v 1.54196954 0.53073591 0.573331296
v 1.53509665 0.53486073 0.573738694
v 1.52884436 0.539814889 0.574185789
v 1.52326632 0.545459747 0.574583769
v 1.51833963 0.55164057 0.574776769
v 1.51430464 0.558412433 0.575074375
v 1.51074243 0.565445185 0.574767172
v 1.50809836 0.572901011 0.574484646
v 1.50634241 0.580647469 0.574117541
v 1.50554991 0.588587224 0.573724926
v 1.50550604 0.596632659 0.572987735
v 1.50632453 0.604728937 0.572030306
v 1.50836539 0.612670243 0.571341813
v 1.5109148 0.620625615 0.569891036
v 1.51468182 0.628191531 0.568718374
v 1.5198791 0.634895444 0.568357766
v 1.52584815 0.640981317 0.567887485
v 1.53255677 0.646315753 0.567387342
v 1.53986287 0.650915921 0.566700697
v 1.5476687 0.654830754 0.565671682
v 1.55599618 0.65776509 0.56463629
v 1.5646987 0.660014451 0.563104689
v 1.57376742 0.661303401 0.561374307
v 1.58298707 0.660900235 0.560359776
v 1.5920825 0.659035563 0.559747756
v 1.60095549 0.65608722 0.559042931
v 1.60941505 0.651967585 0.558418095
v 1.61717558 0.646588683 0.558136284
v 1.62383461 0.639899492 0.558562756
v 1.62928534 0.632247031 0.559472978
v 1.63380814 0.624109745 0.560200155
v 1.63767195 0.615700006 0.560313821
v 1.64080453 0.606973827 0.559934139
v 1.64281583 0.597887754 0.559567332
v 1.63651085 0.588587165 0.555580616
v 1.63589406 0.580160797 0.555713952
v 1.63391948 0.571968079 0.556336164
v 1.63099289 0.564118505 0.556886792
v 1.62726092 0.556663692 0.557198584
v 1.62270594 0.549707294 0.557381034
v 1.61732316 0.543389201 0.557566285
v 1.61104608 0.537994742 0.558127582
v 1.60423851 0.533362985 0.558518648
v 1.59696007 0.529577494 0.558809757
v 1.58913803 0.527200639 0.559840381
v 1.58110023 0.526163757 0.561371624
v 1.57313037 0.52599597 0.562652946
v 1.56531119 0.526900053 0.564044654
v 1.55777931 0.52875793 0.565428674
v 1.55063748 0.531481206 0.566754997
v 1.54382467 0.534678221 0.567470253
v 1.53741741 0.538517892 0.567898095
v 1.53154325 0.543077171 0.568260789
v 1.52617574 0.548192024 0.568344593
v 1.52160287 0.554011464 0.568630695
v 1.51782846 0.560349703 0.568953097
v 1.51450157 0.566933513 0.568634331
v 1.51201868 0.573907554 0.568316877
v 1.51060128 0.58118546 0.568272889
v 1.51003647 0.588587224 0.568120718
v 1.5101335 0.596048117 0.567548394
v 1.510952 0.603540897 0.566624701
v 1.51274204 0.610937536 0.565726876
v 1.51520777 0.61826551 0.564358413
v 1.51903176 0.625030994 0.5637483
v 1.52399015 0.631034791 0.563738465
v 1.52948141 0.636589527 0.563291609
v 1.53554082 0.641613424 0.562517703
v 1.54214334 0.646069407 0.561403155
v 1.54939461 0.64951843 0.560575843
v 1.55700421 0.652480066 0.55907321
v 1.56504202 0.654556274 0.557453334
v 1.57342553 0.655872107 0.55542767
v 1.58194089 0.655416548 0.554480553
v 1.59025288 0.653404415 0.554298282
v 1.59826684 0.650373399 0.554095447
v 1.60610318 0.64674902 0.553173363
v 1.61307406 0.641630769 0.553239942
v 1.61930323 0.635644317 0.553393364
v 1.62475848 0.628958225 0.553483784
v 1.6286099 0.62125212 0.554834247
v 1.63180733 0.613378048 0.555541337
v 1.63445234 0.605342984 0.55549103
v 1.63599896 0.597026706 0.555551112
v 1.62959552 0.588587165 0.551747918
v 1.62925768 0.580999136 0.551499963
v 1.62772894 0.573557615 0.551690936
v 1.62511015 0.566447735 0.552213013
v 1.62175393 0.559691131 0.552497745
v 1.61760998 0.553409696 0.552734673
v 1.6128633 0.547577441 0.552627683
v 1.60707712 0.542792499 0.553468943
v 1.6009891 0.538483262 0.553632796
v 1.59443235 0.534949481 0.553743124
v 1.58738065 0.532609403 0.554490268
v 1.58010983 0.531356037 0.555547774
v 1.57281184 0.531056464 0.556646466
v 1.56562042 0.53181237 0.557991326
v 1.55868959 0.53352946 0.559476614
v 1.5521059 0.53600049 0.560821652
v 1.54578686 0.538848221 0.561393857
v 1.53989816 0.542427063 0.561926305
v 1.53450751 0.546660542 0.56238246
v 1.52960801 0.551415086 0.562581778
v 1.52510333 0.556554675 0.562235177
v 1.52142262 0.562325537 0.562207282
v 1.51846099 0.568501234 0.562117875
v 1.51634359 0.575017929 0.562117875
v 1.51522183 0.581769049 0.56240809
v 1.51490855 0.588587224 0.562613487
v 1.51516151 0.59541291 0.562300324
v 1.5158689 0.602278411 0.561247587
v 1.51767683 0.608983696 0.560620427
v 1.52033639 0.615446091 0.560006142
v 1.5237453 0.621606469 0.559254289
v 1.52811193 0.627164245 0.55893743
v 1.53315353 0.63215059 0.55861038
v 1.5387063 0.636625767 0.557975709
v 1.54469323 0.64065063 0.556832612
v 1.55123878 0.643843234 0.555838346
v 1.55815434 0.646450937 0.554404438
v 1.56543636 0.648287416 0.55278641
v 1.57301378 0.649325848 0.550938964
v 1.58081722 0.649526656 0.548844576
v 1.58858013 0.648256242 0.547598839
v 1.59568739 0.644891977 0.548509359
v 1.60246134 0.641010702 0.548754692
v 1.60858083 0.636199653 0.549279749
v 1.61441469 0.631053567 0.548848927
v 1.61929083 0.624985754 0.549045801
v 1.62287092 0.618097126 0.550234854
v 1.6257112 0.610964596 0.551064968
v 1.62786603 0.603652 0.551439464
v 1.62909389 0.596154511 0.551793516
v 1.62272882 0.588587165 0.547829926
v 1.62240314 0.581865072 0.547628284
v 1.62108707 0.575262904 0.547743976
v 1.61893511 0.568892777 0.547906756
v 1.61603737 0.562833846 0.547994971
v 1.61230826 0.557261407 0.54833281
v 1.60795879 0.552182913 0.548570335
v 1.60301995 0.547696531 0.54880029
v 1.59761572 0.543798983 0.548849165
v 1.59171987 0.540713429 0.549132764
v 1.58543205 0.538606763 0.549873352
v 1.57897019 0.537330866 0.550645769
v 1.57244611 0.536870837 0.551397741
v 1.56597233 0.537407517 0.552514315
v 1.55970216 0.538837552 0.553830922
v 1.55375028 0.54106158 0.55523324
v 1.54808569 0.54373318 0.556062698
v 1.54272914 0.546887994 0.556445956
v 1.53775573 0.55058676 0.556589365
v 1.53331208 0.554893315 0.556792021
v 1.52940869 0.559682548 0.556886077
v 1.52605128 0.564870179 0.556771576
v 1.52335072 0.570437312 0.556619406
v 1.52134132 0.576301098 0.556413412
v 1.52027774 0.582407832 0.5566203
v 1.52004337 0.588587224 0.556940854
v 1.52028775 0.594765246 0.556641579
v 1.52128148 0.600888669 0.556284845
v 1.52271748 0.606987953 0.555205047
v 1.52526236 0.612738073 0.554901719
v 1.52838397 0.618236184 0.55425638
v 1.53233695 0.623196721 0.554014504
v 1.53693366 0.627581298 0.553911567
v 1.54191232 0.631573737 0.553279638
v 1.54737902 0.634943008 0.552616417
v 1.5532136 0.63776499 0.551626325
v 1.55939984 0.639922023 0.550480008
v 1.5658586 0.641576171 0.548749447
v 1.57260537 0.642832935 0.546134889
v 1.57964754 0.643394768 0.543138564
v 1.58643913 0.641667306 0.543105841
v 1.59274292 0.638634384 0.544144988
v 1.59861922 0.634956241 0.544960558
v 1.60396338 0.630617976 0.545727491
v 1.60886693 0.625844061 0.545983672
v 1.61330199 0.620634556 0.545782864
v 1.61684442 0.614784062 0.546082258
v 1.61949444 0.608503044 0.546657681
v 1.62117648 0.601934373 0.547552526
v 1.62222266 0.595286369 0.548006296
v 1.61565375 0.588587165 0.544238806
v 1.61535335 0.582755685 0.544074833
v 1.61428809 0.577008545 0.543999434
v 1.61257792 0.571409762 0.54374361
v 1.61021972 0.566032112 0.543357193
v 1.60698605 0.561128139 0.54361099
v 1.60319591 0.556655586 0.543782651
v 1.5989399 0.552628577 0.543727696
v 1.5943222 0.548988998 0.54315865
v 1.58901477 0.546462119 0.544006288
v 1.58350039 0.544552028 0.544635117
v 1.57781768 0.543372273 0.545304298
v 1.57204509 0.543245077 0.546782374
v 1.56637454 0.543800354 0.548156619
v 1.56087589 0.544990957 0.549374461
v 1.55561852 0.546811283 0.5505023
v 1.55060673 0.549090743 0.551181436
v 1.54585028 0.551806152 0.551399648
v 1.54144454 0.555045962 0.551477492
v 1.53759599 0.558916092 0.551939249
v 1.53421569 0.563175023 0.552212
v 1.53132629 0.567770243 0.552268207
v 1.52890062 0.572634697 0.551962495
v 1.52709079 0.577777326 0.551635325
v 1.52601218 0.583132267 0.551496685
v 1.52562833 0.588587224 0.551396191
v 1.52590275 0.594055951 0.551224053
v 1.5268724 0.599453092 0.55107832
v 1.52846026 0.604714096 0.550792456
v 1.53061223 0.609796822 0.550255179
v 1.53352118 0.614503801 0.55009222
v 1.53712177 0.618703604 0.550332606
v 1.54108453 0.622564077 0.550081432
v 1.54543996 0.626015007 0.549507797
v 1.55017376 0.629003942 0.548669219
v 1.55528378 0.631393373 0.547826707
v 1.56067872 0.633216918 0.546775579
v 1.56629896 0.634577692 0.545177758
v 1.57212353 0.635175169 0.543698967
v 1.57803106 0.634920955 0.542490423
v 1.58383608 0.633655667 0.541951001
v 1.58937287 0.631472647 0.541929841
v 1.59448671 0.628444552 0.542399883
v 1.59915709 0.624808133 0.542887092
v 1.60339189 0.620702624 0.543119311
v 1.6071856 0.61619091 0.543001831
v 1.61023188 0.611148596 0.54332304
v 1.61266255 0.605798066 0.543518364
v 1.61425853 0.600158095 0.544074893
v 1.61526632 0.594407499 0.544292033
v 1.60841608 0.588587165 0.54086405
v 1.6082139 0.583657682 0.540539443
v 1.60733438 0.578794003 0.540396571
v 1.60580897 0.574089527 0.540386736
v 1.60385537 0.569530904 0.539863825
v 1.6012733 0.565278828 0.539567232
v 1.59814572 0.561398268 0.539375305
v 1.59449291 0.55800426 0.539454758
v 1.59050059 0.555010736 0.539227724
v 1.58607864 0.552702129 0.539551973
v 1.5814116 0.550979972 0.539903939
v 1.57655001 0.55001682 0.540737391
v 1.57162309 0.54995203 0.542406738
v 1.566787 0.55035466 0.543621898
v 1.56208348 0.551321924 0.544738948
v 1.55756783 0.552810848 0.545701921
v 1.55329323 0.554799736 0.546533704
v 1.54927325 0.557199657 0.547036052
v 1.5455606 0.560021341 0.547339261
v 1.54223037 0.563268185 0.547602952
v 1.53922915 0.566817462 0.547451317
v 1.53663588 0.570689142 0.547104478
v 1.53457642 0.574881732 0.546868026
v 1.53311944 0.579325199 0.546830237
v 1.53224802 0.583920062 0.546845257
v 1.5319376 0.588587165 0.546794474
v 1.53222013 0.593257904 0.546760619
v 1.53297067 0.597887397 0.546367466
v 1.5342803 0.602409959 0.545908451
v 1.53629017 0.606675327 0.545915961
v 1.53900671 0.610518336 0.546623766
v 1.54201412 0.614109337 0.546709538
v 1.54545236 0.617284119 0.546827614
v 1.54913688 0.620189726 0.546269
v 1.55312014 0.622742414 0.545309544
v 1.55744648 0.62473768 0.544517636
v 1.56202698 0.626148939 0.543829978
v 1.56677222 0.627054214 0.542914271
v 1.57163358 0.627387404 0.541908622
v 1.57652783 0.627041221 0.541093826
v 1.58130574 0.625868022 0.540937364
v 1.58591294 0.624119759 0.540724576
v 1.59030604 0.621856987 0.540321887
v 1.59440351 0.619062006 0.53987819
v 1.59792829 0.615571856 0.540274322
v 1.6009798 0.611682177 0.540659845
v 1.60356545 0.607483804 0.540860653
v 1.60564303 0.603018939 0.540924728
v 1.60724092 0.598356366 0.540686667
v 1.60812926 0.593505919 0.54079628
v 1.60099411 0.588587165 0.537726223
v 1.60082269 0.584591389 0.537421823
v 1.6000638 0.58066082 0.537455797
v 1.59881687 0.576857924 0.537496686
v 1.59720969 0.573184431 0.537076473
v 1.59516454 0.569717288 0.536576033
v 1.59272242 0.566491127 0.535908759
v 1.58975363 0.563732982 0.535991132
v 1.58642292 0.561436236 0.536371589
v 1.58287668 0.559506834 0.536439419
v 1.57905698 0.558226705 0.537264049
v 1.57512808 0.557470739 0.538199663
v 1.57116747 0.557196081 0.539055049
v 1.56723237 0.557436943 0.539975524
v 1.56338382 0.558137894 0.540789962
v 1.55969715 0.559364021 0.541824698
v 1.55617642 0.560926974 0.542424858
v 1.55285406 0.562842011 0.542721033
v 1.54979444 0.565139234 0.542951226
v 1.54697657 0.567725241 0.542783976
v 1.54441452 0.570585012 0.54220593
v 1.54224825 0.573774397 0.541746438
v 1.54062867 0.577278018 0.541847527
v 1.53958011 0.580983996 0.542412281
v 1.53885746 0.584754944 0.542400718
v 1.53863287 0.588587165 0.542463064
v 1.53892326 0.592410982 0.542653799
v 1.53964376 0.596173823 0.542663872
v 1.54076838 0.599840999 0.542420387
v 1.54253149 0.603244245 0.542978823
v 1.54470468 0.606378436 0.543573678
v 1.54717302 0.609264851 0.543810964
v 1.54991078 0.611894608 0.54364711
v 1.55291843 0.614230573 0.543180764
v 1.55618715 0.616224647 0.542520165
v 1.55970097 0.617798924 0.541870415
v 1.56341052 0.618897319 0.541330159
v 1.56724739 0.619501233 0.540878177
v 1.57114792 0.619671106 0.540229082
v 1.57506251 0.619358599 0.539539456
v 1.5789032 0.618474245 0.539162695
v 1.58259797 0.617075682 0.538934112
v 1.58611703 0.615256011 0.538549662
v 1.58933067 0.612930119 0.538522422
v 1.59225965 0.610248804 0.538328946
v 1.59479761 0.607190311 0.538306057
v 1.5969317 0.603836894 0.538286984
v 1.59867001 0.600258172 0.538098872
v 1.59992433 0.596477747 0.538004875
v 1.6006844 0.592565536 0.537952662
v 1.59326077 0.588587165 0.535413384
v 1.59315634 0.585559905 0.534972191
v 1.5926013 0.58257705 0.534901679
v 1.59163976 0.579699755 0.535032213
v 1.59038019 0.576939106 0.534848869
v 1.58880997 0.574333906 0.534487426
v 1.58684063 0.572014332 0.534687638
v 1.58460402 0.569957554 0.534849763
v 1.58213258 0.568196416 0.534993112
v 1.57945561 0.566776574 0.535226464
v 1.57661462 0.565743804 0.535667539
v 1.57367134 0.56510824 0.536266327
v 1.57068896 0.564797521 0.536603391
v 1.56770349 0.564924121 0.537254989
v 1.56477666 0.565439463 0.537997842
v 1.56194782 0.566291332 0.538624048
v 1.55924392 0.567445815 0.539025366
v 1.55669188 0.568889499 0.539207995
v 1.55432606 0.570616901 0.5392434
v 1.55216002 0.572592556 0.53902483
v 1.55020046 0.574788451 0.538458645
v 1.54850149 0.577212334 0.537760794
v 1.54727197 0.579908371 0.537941933
v 1.54635739 0.582724392 0.537944198
v 1.54582882 0.585635662 0.538079679
v 1.54568768 0.588587165 0.538307905
v 1.54590583 0.591528893 0.538477838
v 1.54657602 0.59439379 0.539103746
v 1.54759169 0.597139359 0.539708436
v 1.54889107 0.599747837 0.540043592
v 1.55050588 0.602163911 0.540397406
v 1.55237675 0.604378283 0.540552139
v 1.55447364 0.60637939 0.540431559
v 1.55679703 0.608118892 0.540217876
v 1.55931306 0.609581769 0.539857626
v 1.56199479 0.610739529 0.539398909
v 1.564816 0.611529768 0.539070368
v 1.56772327 0.611940086 0.538850248
v 1.57066441 0.611985743 0.53861618
v 1.57360125 0.611699283 0.538184226
v 1.5764823 0.61102277 0.537869215
v 1.57926011 0.609982371 0.537584603
v 1.58189344 0.608600855 0.537286341
v 1.58432627 0.606880963 0.537087679
v 1.58654237 0.604879975 0.536787271
v 1.58848357 0.602602959 0.53655982
v 1.59011674 0.600090265 0.536392272
v 1.59142756 0.597390532 0.536203325
v 1.59236932 0.594537735 0.536131263
v 1.59297109 0.59159106 0.535930276
v 1.58532763 0.588587165 0.533858299
v 1.58521366 0.58656317 0.533753932
v 1.58485007 0.584566832 0.533622265
v 1.58421278 0.58264035 0.533706188
v 1.58333039 0.580815017 0.533872485
v 1.58223104 0.57911402 0.534003139
v 1.58093095 0.577563643 0.534108877
v 1.57944775 0.576190054 0.53421706
v 1.57779813 0.575026453 0.53443557
v 1.57601357 0.574091554 0.534748852
v 1.57413244 0.573383152 0.535012841
v 1.57218528 0.572897255 0.535120428
v 1.57019472 0.572655201 0.535191536
v 1.56819081 0.572668791 0.535297751
v 1.56621146 0.572960854 0.535620332
v 1.56428576 0.573486149 0.535852015
v 1.56244802 0.57425487 0.536150515
v 1.56071281 0.57522577 0.536264539
v 1.55910182 0.57638973 0.536224127
v 1.55763197 0.577731073 0.536005616
v 1.55634093 0.579249859 0.535796285
v 1.55525875 0.580927432 0.535681367
v 1.55440211 0.582731545 0.535626709
v 1.55377793 0.584629416 0.535571814
v 1.55337286 0.586588681 0.53533262
v 1.55325818 0.588587165 0.535417199
v 1.55340934 0.590581059 0.535618067
v 1.55380988 0.592536747 0.535827935
v 1.55446291 0.594418883 0.536132336
v 1.55534673 0.596198678 0.536458313
v 1.55643964 0.597852647 0.536744177
v 1.55771708 0.599363565 0.536909759
v 1.55915737 0.600717723 0.536899447
v 1.56074309 0.601900995 0.536702037
v 1.56247067 0.602871358 0.53656143
v 1.56431103 0.60360986 0.536492229
v 1.5662353 0.604088902 0.536605358
v 1.56820178 0.604332745 0.536639214
v 1.57018328 0.604337335 0.536604881
v 1.57215428 0.604113936 0.5364061
v 1.5740881 0.603654861 0.536123574
v 1.57595301 0.602954149 0.535853326
v 1.57771683 0.602019429 0.535613716
v 1.57934427 0.600858808 0.535477698
v 1.5808177 0.599504054 0.535314083
v 1.58211398 0.597975194 0.535123408
v 1.58320427 0.596289933 0.534988344
v 1.58408952 0.594485223 0.534733057
v 1.58476019 0.592584312 0.534342289
v 1.58517361 0.590606093 0.534067154
v 1.57730126 0.588587165 0.532697082
v 1.57725191 0.587569356 0.532469571
v 1.57706976 0.586564481 0.532324195
v 1.57675219 0.585593343 0.532355964
v 1.5763092 0.584674478 0.532505035
v 1.57575464 0.58381933 0.532661796
v 1.5751009 0.583037913 0.532754302
v 1.57435584 0.582345307 0.532828271
v 1.57352901 0.581753433 0.53293854
v 1.57263446 0.581271648 0.533077717
v 1.57168818 0.580905616 0.533204377
v 1.5707047 0.580658674 0.53328836
v 1.56969881 0.580535829 0.533348918
v 1.56868601 0.580540359 0.533418179
v 1.56768298 0.580674469 0.533536732
v 1.56670642 0.580935657 0.533697307
v 1.56577063 0.581315279 0.533831239
v 1.56488776 0.581804514 0.533874333
v 1.56406879 0.582393944 0.53380388
v 1.56332684 0.583078384 0.533674717
v 1.56268144 0.583856702 0.533652008
v 1.56214619 0.58471334 0.533759475
v 1.56172299 0.585629225 0.533871353
v 1.56141305 0.586589754 0.533904076
v 1.56122565 0.587581098 0.533928037
v 1.56116462 0.588587165 0.533964455
v 1.56122994 0.589592695 0.533996105
v 1.56141496 0.590584099 0.533936083
v 1.56172132 0.591545761 0.533844173
v 1.56215048 0.592458665 0.533835351
v 1.56269836 0.593305469 0.533976912
v 1.56335092 0.594073355 0.53418839
v 1.56408906 0.594756067 0.534302711
v 1.56490374 0.59534514 0.534336269
v 1.56578588 0.595826685 0.534385324
v 1.56672168 0.596191764 0.534463823
v 1.56769466 0.596438646 0.534507334
v 1.5686903 0.596568048 0.53444773
v 1.569695 0.59657675 0.534313142
v 1.57069421 0.596459806 0.534172118
v 1.57167077 0.596215308 0.534080088
v 1.57260847 0.595847249 0.534033716
v 1.57349443 0.595365882 0.533945918
v 1.57431626 0.594780743 0.533795238
v 1.57505751 0.594095767 0.533677161
v 1.57570386 0.593318045 0.533640206
v 1.57624769 0.592465997 0.533598363
v 1.57668614 0.591554642 0.533465087
v 1.57701421 0.590595543 0.533218622
v 1.57722282 0.589601278 0.532927334
v 1.56919241 0.588587165 0.831211925
v 1.56919241 0.588587165 0.750921965
v 1.5709188 0.588587165 0.831890345
v 1.57090282 0.588371038 0.831851721
v 1.57085919 0.588159025 0.831805766
v 1.57078958 0.587954938 0.831754565
v 1.57069445 0.587761641 0.831699729
v 1.57057619 0.587581754 0.831642389
v 1.57043648 0.587418854 0.831582546
v 1.57027769 0.587275445 0.831518948
v 1.57010245 0.587153494 0.831450045
v 1.56991339 0.587055206 0.831373632
v 1.56971383 0.586982012 0.831288576
v 1.56950736 0.586935222 0.83119446
v 1.56929755 0.586915314 0.831093192
v 1.56908774 0.58692205 0.830987751
v 1.56888103 0.586954832 0.830881834
v 1.56868076 0.587012887 0.830780327
v 1.56849027 0.587095022 0.830687165
v 1.56831145 0.58719939 0.830605507
v 1.56814742 0.587324083 0.830535293
v 1.56799984 0.587467372 0.830477118
v 1.56787157 0.587626636 0.830430746
v 1.56776357 0.587801337 0.830396056
v 1.56767774 0.587987661 0.830372632
v 1.56761527 0.588182092 0.830360472
v 1.56757712 0.588383019 0.830359221
v 1.56756353 0.588587165 0.830368817
v 1.56757498 0.588791549 0.830389202
v 1.56761169 0.588993251 0.830420494
v 1.56767225 0.589188874 0.830465138
v 1.56775641 0.589376152 0.830522835
v 1.56786323 0.589552879 0.830591381
v 1.56799102 0.589715302 0.830668807
v 1.56813836 0.589861035 0.830753744
v 1.56830311 0.589987993 0.830845356
v 1.56848311 0.590094149 0.830942988
v 1.56867552 0.590177655 0.831047177
v 1.5688777 0.590236723 0.831155479
v 1.56908655 0.590269983 0.831264615
v 1.56929874 0.590276897 0.831371844
v 1.5695107 0.59025687 0.831475079
v 1.56971955 0.590209723 0.831572592
v 1.56992126 0.590135992 0.831662536
v 1.57011247 0.59003669 0.8317433
v 1.57028961 0.589913428 0.831812084
v 1.57044983 0.589767992 0.831866801
v 1.57058978 0.589603066 0.831905723
v 1.57070732 0.589420259 0.83192867
v 1.5708003 0.589223683 0.831936955
v 1.5708673 0.589017332 0.831933498
v 1.57090712 0.588803828 0.831918597
v 1.57272291 0.588587165 0.832381606
v 1.57268572 0.588145792 0.832309186
v 1.57259202 0.587714374 0.832223177
v 1.57244492 0.587299407 0.832131922
v 1.57224727 0.586907744 0.832038283
v 1.57200217 0.586545825 0.831937373
v 1.57171321 0.586219847 0.831820846
v 1.5713861 0.585935354 0.831692576
v 1.57102633 0.585697472 0.831544399
v 1.57064033 0.585509956 0.831377089
v 1.57023597 0.585375309 0.831193149
v 1.56982017 0.58529526 0.830991447
v 1.56940103 0.585270047 0.830778003
v 1.56898546 0.585298002 0.830560744
v 1.56857991 0.585376501 0.830349445
v 1.5681901 0.585502505 0.830154181
v 1.56782103 0.585673094 0.82997793
v 1.56747699 0.585884511 0.829826891
v 1.56716156 0.586132169 0.829710901
v 1.56687784 0.586413443 0.829624712
v 1.56663084 0.586725891 0.829554975
v 1.56642437 0.58706522 0.82949841
v 1.56626034 0.587426484 0.829456866
v 1.56614065 0.5878039 0.829435408
v 1.56606674 0.588192165 0.829434156
v 1.56604004 0.588587165 0.829448581
v 1.56606197 0.588982821 0.829471409
v 1.56613135 0.589372873 0.829510629
v 1.56624699 0.58975327 0.829569697
v 1.56640768 0.590117812 0.829644978
v 1.56661224 0.590461493 0.829735577
v 1.56685734 0.590779901 0.829841793
v 1.56714058 0.591067374 0.82996428
v 1.56745768 0.591320157 0.83010602
v 1.56780505 0.59153527 0.83027029
v 1.56817794 0.591708839 0.830456436
v 1.56857204 0.591838717 0.830672503
v 1.56898284 0.59191829 0.830887079
v 1.56940365 0.591944158 0.831087649
v 1.56982708 0.591914833 0.831273496
v 1.57024622 0.591830492 0.831448972
v 1.57065392 0.591693223 0.831623971
v 1.57104468 0.591505826 0.831810117
v 1.57141018 0.591268063 0.831985176
v 1.57174206 0.590981543 0.832126558
v 1.57203364 0.590651631 0.832239032
v 1.57227993 0.590284705 0.832327425
v 1.57247615 0.589887202 0.832391381
v 1.57261729 0.589466453 0.832424819
v 1.5727005 0.589030385 0.832423687
v 1.57458401 0.588587165 0.832684517
v 1.57453132 0.587912738 0.832632005
v 1.57439137 0.587252259 0.832562149
v 1.57416797 0.586617172 0.832478881
v 1.57386231 0.586019933 0.832363725
v 1.5734787 0.58547312 0.832204759
v 1.5730288 0.584984481 0.832023799
v 1.57252192 0.584562242 0.831822395
v 1.57196617 0.584216475 0.831581116
v 1.57137299 0.583953321 0.831297398
v 1.57075715 0.583771586 0.831000209
v 1.57013035 0.583669782 0.830704689
v 1.56950307 0.583649337 0.830405056
v 1.56888533 0.583708167 0.830102801
v 1.56828713 0.583842218 0.829803705
v 1.56771684 0.584046125 0.829517603
v 1.5671804 0.584311604 0.829264224
v 1.56668234 0.584632218 0.829052746
v 1.56622887 0.585004866 0.828872323
v 1.56582594 0.585425854 0.828712642
v 1.56547689 0.585888028 0.828580558
v 1.56518507 0.586384177 0.828481078
v 1.56495476 0.586909175 0.828402877
v 1.56478429 0.587455273 0.82836926
v 1.56467319 0.588016331 0.828389347
v 1.56462717 0.588587165 0.828440785
v 1.56465411 0.589160383 0.828488052
v 1.56475234 0.589727223 0.828537405
v 1.56492376 0.590277374 0.828574121
v 1.56516433 0.590801418 0.828602791
v 1.56546474 0.591295183 0.828659654
v 1.56581616 0.591757536 0.82878089
v 1.56621718 0.59218365 0.828967333
v 1.56666875 0.59256351 0.829182923
v 1.56716681 0.592891216 0.82942611
v 1.56770539 0.593163371 0.829707444
v 1.56827927 0.593373656 0.830020547
v 1.56888247 0.593513489 0.830345929
v 1.56950617 0.593572736 0.830650508
v 1.57013893 0.593549967 0.830942154
v 1.57077098 0.59344548 0.831230521
v 1.57139039 0.593258321 0.831508934
v 1.57198286 0.592984259 0.831740856
v 1.57253718 0.592630565 0.831945062
v 1.57304502 0.592205107 0.832138002
v 1.57349563 0.591713607 0.832312465
v 1.5738802 0.591164291 0.832468331
v 1.57418895 0.590565503 0.832594156
v 1.57441282 0.589927554 0.832675576
v 1.57454515 0.58926338 0.832704365
v 1.57651663 0.588587165 0.832930267
v 1.57645345 0.587669909 0.832909465
v 1.5762639 0.586771488 0.832841039
v 1.5759511 0.585911155 0.832720876
v 1.57552648 0.585104942 0.832564414
v 1.57500362 0.58436501 0.832392335
v 1.5743916 0.58370465 0.832198858
v 1.5737009 0.583137095 0.831973433
v 1.5729413 0.582679689 0.83168149
v 1.57212996 0.582344472 0.831310391
v 1.57129264 0.582123518 0.830917418
v 1.57044673 0.58201158 0.830527544
v 1.56960607 0.582011878 0.830123663
v 1.56878519 0.582113028 0.829737425
v 1.56799579 0.582313955 0.829354048
v 1.56724977 0.582608521 0.828972876
v 1.56655216 0.582976222 0.828647792
v 1.56591082 0.583416462 0.828353882
v 1.56533813 0.583928287 0.828057766
v 1.56484103 0.584501207 0.827762365
v 1.56441426 0.58511585 0.827522755
v 1.56404924 0.585759878 0.827381492
v 1.56375027 0.586432397 0.827320099
v 1.56353378 0.587134242 0.827278137
v 1.56339407 0.587854862 0.827287614
v 1.5633347 0.588587165 0.827338576
v 1.5633626 0.589323401 0.827407658
v 1.56348443 0.590052783 0.82747227
v 1.56370473 0.590759933 0.82750684
v 1.56401539 0.591433227 0.827528596
v 1.56439734 0.592071116 0.827602744
v 1.56484151 0.592672944 0.827760994
v 1.56534934 0.593232632 0.827991605
v 1.56592178 0.593740821 0.828276753
v 1.56655598 0.594189823 0.828612804
v 1.56724787 0.594571352 0.828994572
v 1.56799293 0.594875097 0.829411149
v 1.56878376 0.595080376 0.829810202
v 1.56960702 0.595179975 0.830190778
v 1.57044888 0.595174372 0.830572724
v 1.57129622 0.595062196 0.830963016
v 1.57213235 0.594834983 0.831331968
v 1.57293439 0.594483733 0.831632197
v 1.57368851 0.594021976 0.831897855
v 1.57438493 0.593463302 0.832163453
v 1.57500434 0.592809737 0.832395792
v 1.57553267 0.592072725 0.832591176
v 1.57595468 0.591264546 0.832734764
v 1.57626414 0.590402901 0.832842708
v 1.57645392 0.58950448 0.83291167
v 1.57855248 0.588587165 0.833190739
v 1.57847381 0.587414622 0.833176672
v 1.57822537 0.586267889 0.833088398
v 1.57781625 0.585172772 0.832935214
v 1.57726645 0.584148347 0.83275038
v 1.57659841 0.583206296 0.832571447
v 1.57582164 0.582361877 0.832389474
v 1.57494259 0.581636369 0.832169533
v 1.57396579 0.581065536 0.831830561
v 1.57292438 0.580656111 0.831399679
v 1.57185698 0.580386758 0.830969334
v 1.57077837 0.580273092 0.83049196
v 1.56971264 0.580315948 0.829960525
v 1.56868243 0.580481589 0.82946074
v 1.56770253 0.580776751 0.828947365
v 1.56679034 0.581194341 0.82841146
v 1.56594944 0.581695795 0.827938378
v 1.56517959 0.582263947 0.82755518
v 1.56449223 0.582905531 0.827208161
v 1.56390309 0.583620191 0.826853275
v 1.56341577 0.584390402 0.82650423
v 1.56300688 0.58518672 0.826258659
v 1.56266356 0.58600229 0.826148391
v 1.56239367 0.586841524 0.826140106
v 1.56221485 0.587705731 0.826182067
v 1.56214261 0.588587165 0.826232672
v 1.56217742 0.589473367 0.826295614
v 1.56233907 0.590346813 0.82630986
v 1.56259775 0.591198087 0.826361477
v 1.56294465 0.592022121 0.826472402
v 1.56338072 0.592809737 0.826634705
v 1.56390023 0.593556821 0.826864362
v 1.56450272 0.594256103 0.827158689
v 1.56518531 0.594901383 0.827523649
v 1.56595039 0.595476568 0.827931762
v 1.56679296 0.595971465 0.828384459
v 1.56770587 0.596379817 0.828893065
v 1.56868434 0.596662819 0.829370439
v 1.56971025 0.59681797 0.829838514
v 1.57076597 0.596836448 0.830293238
v 1.5718286 0.59670043 0.830693007
v 1.57288599 0.59643662 0.831127644
v 1.5739162 0.596030653 0.831552088
v 1.57488394 0.595467091 0.831892967
v 1.57576752 0.59476155 0.832165897
v 1.57655883 0.593939126 0.832423806
v 1.57724047 0.593011558 0.832660854
v 1.5777986 0.591994584 0.832878113
v 1.57820702 0.590901792 0.833031595
v 1.5784626 0.589758217 0.83314234
v 1.58068657 0.588587165 0.833391249
v 1.58058715 0.587147653 0.833368957
v 1.58027911 0.585740566 0.833273053
v 1.57977223 0.58439821 0.833106577
v 1.57908201 0.583150268 0.832875669
v 1.57826328 0.581996799 0.832694113
v 1.57731771 0.580956876 0.832531929
v 1.57622886 0.580081403 0.832266688
v 1.57501864 0.579406381 0.831857741
v 1.57373881 0.578925252 0.83137542
v 1.57243896 0.578595221 0.83095032
v 1.57111526 0.578507125 0.830346823
v 1.56982017 0.578607261 0.829699278
v 1.56858087 0.578865886 0.829059064
v 1.56741548 0.579271674 0.828423917
v 1.56633544 0.579794466 0.827835619
v 1.56536627 0.580456078 0.8271963
v 1.56449676 0.581187963 0.826645255
v 1.56371927 0.581971407 0.82620734
v 1.56303692 0.582806766 0.825856268
v 1.56247544 0.583707094 0.825507045
v 1.56201196 0.584639847 0.825238228
v 1.56164646 0.585599482 0.825046122
v 1.56135058 0.58657378 0.824997246
v 1.56112313 0.587567806 0.825089395
v 1.56102777 0.588587165 0.825166225
v 1.5610702 0.589613199 0.825220764
v 1.56125164 0.590626001 0.825249553
v 1.56152439 0.591623127 0.825370371
v 1.56190038 0.592595994 0.825553238
v 1.5623858 0.593532622 0.825781047
v 1.56296873 0.594431639 0.826087475
v 1.56365776 0.59527725 0.826445699
v 1.56444311 0.596070647 0.826892197
v 1.56534314 0.596767306 0.827330232
v 1.56633687 0.597375631 0.827824533
v 1.56741834 0.597886562 0.828383744
v 1.56858373 0.598260581 0.828940868
v 1.56981421 0.598469913 0.829458773
v 1.57108521 0.59850961 0.829950333
v 1.57236767 0.598359764 0.830380678
v 1.57364655 0.598053038 0.830840111
v 1.57490563 0.597589791 0.831336498
v 1.5760994 0.596936285 0.831764638
v 1.57720566 0.596112192 0.832152069
v 1.57818675 0.59512198 0.832461059
v 1.57905507 0.594009161 0.832799375
v 1.57976222 0.592772067 0.833079875
v 1.58025718 0.591428101 0.833216608
v 1.5805738 0.590024948 0.833335936
v 1.58292079 0.588587165 0.833507538
v 1.58277535 0.586871207 0.833429813
v 1.58239245 0.585197985 0.83329922
v 1.58178592 0.583601117 0.833125532
v 1.58096242 0.582116485 0.832890689
v 1.57998681 0.580744565 0.832706213
v 1.57885218 0.579515934 0.832516909
v 1.57755232 0.578481913 0.832233489
v 1.57610488 0.577694654 0.831788778
v 1.57459855 0.57709837 0.831366062
v 1.57304621 0.576726377 0.830896676
v 1.57146192 0.576689839 0.830150485
v 1.56992865 0.576882184 0.82935375
v 1.56847763 0.577224731 0.828640819
v 1.56712437 0.577746451 0.827916741
v 1.56590033 0.578455627 0.827121139
v 1.56481004 0.579274178 0.826372743
v 1.56384301 0.580157816 0.825731039
v 1.56300664 0.581109941 0.825151086
v 1.56228948 0.582104862 0.824663818
v 1.56167293 0.583124042 0.824300528
v 1.56114101 0.584160924 0.824079096
v 1.56072664 0.585235238 0.823907256
v 1.56043434 0.586338401 0.823776424
v 1.56019258 0.587450325 0.823836863
v 1.56005144 0.588587165 0.823981583
v 1.56006312 0.589740455 0.824107826
v 1.56022429 0.590889752 0.824226439
v 1.56050253 0.592027724 0.824407637
v 1.56089997 0.593145907 0.82464999
v 1.56140375 0.594245851 0.824991703
v 1.56203175 0.595311403 0.825397849
v 1.5628202 0.596289754 0.825758398
v 1.56372261 0.597206116 0.826197147
v 1.56474328 0.598042071 0.826698303
v 1.56588125 0.598777294 0.82724911
v 1.56712842 0.599406481 0.82787174
v 1.56848145 0.599886656 0.828509986
v 1.56992054 0.60016185 0.829082608
v 1.5714128 0.600227833 0.829607964
v 1.57292557 0.600076973 0.830086589
v 1.57442403 0.599705219 0.830515206
v 1.57589245 0.599144876 0.8309654
v 1.57729959 0.598387003 0.831410348
v 1.57863498 0.597454488 0.831898272
v 1.57982612 0.596313 0.832293808
v 1.58090043 0.595023692 0.832743645
v 1.5817771 0.593569756 0.833105862
v 1.58240652 0.59197998 0.833329499
v 1.5827899 0.590304911 0.833460212
v 1.58519006 0.588587165 0.833405554
v 1.58501935 0.586587727 0.833325565
v 1.58455944 0.584641576 0.833170772
v 1.58381057 0.582799435 0.832916558
v 1.58289409 0.581054688 0.832762718
v 1.58175874 0.579457164 0.832580209
v 1.58040237 0.578060389 0.832304657
v 1.57886815 0.576890945 0.831953168
v 1.57719922 0.575970531 0.831532419
v 1.57541609 0.575361133 0.830954194
v 1.57359767 0.575029016 0.830312669
v 1.57179236 0.574956715 0.82963866
v 1.57003522 0.575190485 0.828834116
v 1.56837583 0.575609744 0.828088105
v 1.56683254 0.576216578 0.827361107
v 1.56547165 0.577136099 0.826378644
v 1.56425643 0.578097761 0.825583756
v 1.56321311 0.579165459 0.824813604
v 1.56233454 0.58029753 0.824103117
v 1.56163192 0.581487358 0.823415637
v 1.56103277 0.582658827 0.822908282
v 1.56049562 0.583806038 0.822621405
v 1.56002903 0.584958971 0.822499216
v 1.55971408 0.586153448 0.822375894
v 1.55945992 0.587357759 0.822418153
v 1.55927682 0.588587165 0.822606266
v 1.55918908 0.589850903 0.822903335
v 1.5592401 0.591142535 0.823244631
v 1.55958056 0.592392921 0.823356032
v 1.56000376 0.593638659 0.823618472
v 1.56048226 0.59491533 0.824116528
v 1.56113839 0.596150398 0.824617922
v 1.56197047 0.597316861 0.825117171
v 1.56296706 0.59839654 0.825628698
v 1.56411576 0.599375248 0.826169968
v 1.56541514 0.600212336 0.826703727
v 1.56683135 0.600963712 0.827371895
v 1.56837606 0.601561308 0.828082323
v 1.57003188 0.601930082 0.828738451
v 1.57175374 0.602014065 0.829270601
v 1.5735085 0.601870596 0.829799771
v 1.57524157 0.601442158 0.830226123
v 1.57692742 0.600775719 0.83063221
v 1.57856178 0.599912703 0.831098974
v 1.58013773 0.59886539 0.831659973
v 1.58151698 0.597541571 0.832049847
v 1.58270574 0.596016169 0.832381308
v 1.58371162 0.594335735 0.83272779
v 1.58451676 0.592521787 0.833092809
v 1.58501673 0.590586245 0.833321154
v 1.58741426 0.588587165 0.832993746
v 1.58718848 0.586313784 0.83286649
v 1.58671498 0.584088147 0.832792878
v 1.58588004 0.581980109 0.832573235
v 1.58483124 0.579989672 0.832416952
v 1.58353877 0.578163862 0.832242966
v 1.58198309 0.576575875 0.83195585
v 1.58017778 0.575308144 0.831476033
v 1.57826376 0.574292779 0.831008792
v 1.57622552 0.573641002 0.830376506
v 1.57414198 0.573353291 0.829607606
v 1.57210469 0.573320031 0.82887733
v 1.57013726 0.57356596 0.828122258
v 1.56827903 0.574068129 0.827349186
v 1.56655908 0.574782491 0.826590061
v 1.56505585 0.57585609 0.825564802
v 1.563761 0.577045262 0.824596405
v 1.56266189 0.578296602 0.823723495
v 1.56176233 0.579605877 0.822906911
v 1.56105351 0.58094424 0.822152674
v 1.56044793 0.582233965 0.821604908
v 1.55990195 0.583479583 0.821286738
v 1.55945086 0.584730029 0.821095943
v 1.55910373 0.585996985 0.82100147
v 1.55882239 0.587277234 0.82105732
v 1.55860758 0.588587224 0.821260989
v 1.55848932 0.589939475 0.821573377
v 1.55851793 0.591327965 0.821930707
v 1.55876398 0.592716217 0.822230756
v 1.55916309 0.594100833 0.822582662
v 1.55961633 0.595544636 0.823184788
v 1.5602293 0.597004175 0.823889613
v 1.56109905 0.598370314 0.824505806
v 1.562181 0.599635303 0.825101972
v 1.5634799 0.600726783 0.825611234
v 1.56493068 0.601703346 0.826186836
v 1.56652117 0.602590144 0.826900184
v 1.56826425 0.603338778 0.827707171
v 1.57014632 0.603747487 0.828336298
v 1.57210112 0.603835583 0.828848004
v 1.57409191 0.603666484 0.829358041
v 1.57608056 0.60322547 0.829853773
v 1.57799768 0.602462173 0.830245852
v 1.57986021 0.601482511 0.830711007
v 1.58164692 0.600282669 0.83124727
v 1.58321548 0.598775506 0.831628919
v 1.58453536 0.597021937 0.831897914
v 1.58567786 0.595114172 0.832238913
v 1.58664799 0.593069077 0.832686603
v 1.58725524 0.590869009 0.832970083
v 1.58953047 0.588587165 0.832251191
v 1.5893023 0.586046755 0.832159817
v 1.58881164 0.583549798 0.832140863
v 1.58794093 0.581164002 0.832018793
v 1.58673978 0.578940392 0.83183068
v 1.58524156 0.576926887 0.831580698
v 1.58352184 0.575130939 0.831338823
v 1.5815506 0.573648691 0.830977738
v 1.57938814 0.57252121 0.830495954
v 1.57706022 0.57186687 0.829760134
v 1.57470441 0.57162255 0.828900814
v 1.57242799 0.571625054 0.828137398
v 1.57024527 0.571850061 0.827470541
v 1.56817222 0.572371602 0.826770365
v 1.56628609 0.573352158 0.825781643
v 1.56465316 0.57461673 0.824682415
v 1.56329799 0.576061189 0.823549032
v 1.56212211 0.577446222 0.822680056
v 1.56120706 0.57893461 0.82178551
v 1.56051517 0.580438733 0.820949674
v 1.5599165 0.581847906 0.820362806
v 1.55934834 0.583175182 0.820051789
v 1.55886483 0.584498107 0.819882929
v 1.55848503 0.585838079 0.819811583
v 1.55815315 0.587192535 0.819908917
v 1.55791926 0.588587224 0.820104778
v 1.55777836 0.59002924 0.820415258
v 1.55782247 0.591506541 0.820729017
v 1.55795145 0.593037784 0.821199358
v 1.55834889 0.594548464 0.821580112
v 1.55875182 0.596172631 0.822292209
v 1.55938196 0.597799778 0.823032737
v 1.56027412 0.59936738 0.823746443
v 1.56138349 0.600892186 0.824527442
v 1.56281638 0.60213697 0.825065017
v 1.56444025 0.603212774 0.825605392
v 1.56620598 0.604242682 0.826355219
v 1.5681529 0.605110824 0.827183962
v 1.57026076 0.60557127 0.827802122
v 1.57245064 0.605666995 0.828298092
v 1.574687 0.605498374 0.828825533
v 1.57694006 0.605051994 0.829381824
v 1.57911253 0.604218841 0.829806805
v 1.58119488 0.603095651 0.830229998
v 1.58316183 0.601705313 0.830677032
v 1.58489609 0.599996626 0.831008911
v 1.58639264 0.598043084 0.831299961
v 1.58768225 0.595907748 0.831645787
v 1.58878398 0.593617439 0.832102239
v 1.58941436 0.59114176 0.832310796
v 1.59173155 0.588587165 0.831475854
v 1.59147596 0.585772097 0.831383526
v 1.59088302 0.583017886 0.831305444
v 1.58991623 0.580381989 0.831181943
v 1.58860493 0.577915013 0.831021726
v 1.58697391 0.575668216 0.83081764
v 1.58502698 0.573717356 0.83051604
v 1.58287311 0.572049737 0.830211461
v 1.58053756 0.570709705 0.829871655
v 1.57795167 0.569972634 0.829165578
v 1.57530689 0.569768727 0.828242779
v 1.57277083 0.569827616 0.827433288
v 1.57035398 0.570124567 0.826730072
v 1.5680654 0.570675313 0.826081872
v 1.56598496 0.571773052 0.825106859
v 1.56425095 0.573379457 0.82378304
v 1.56282544 0.575056851 0.822565019
v 1.56163812 0.576683581 0.821560562
v 1.56072187 0.578348041 0.82060951
v 1.55998707 0.579942822 0.819832981
v 1.5593636 0.581446171 0.81927073
v 1.55877113 0.582858026 0.818968892
v 1.55825925 0.584258378 0.81881237
v 1.55785799 0.585676968 0.818745792
v 1.55748105 0.587107599 0.818866014
v 1.55719304 0.588587165 0.819094777
v 1.55704403 0.590121925 0.819382966
v 1.55706406 0.59170115 0.819708765
v 1.55714631 0.593356609 0.820218801
v 1.55746484 0.595034361 0.820719898
v 1.55795193 0.596753836 0.821320772
v 1.55859137 0.598542154 0.82208246
v 1.55942917 0.600388944 0.822991967
v 1.5605967 0.602131665 0.823843539
v 1.56215763 0.603536785 0.824407697
v 1.563941 0.604749382 0.82496202
v 1.56588674 0.605915964 0.825722456
v 1.56804276 0.606860638 0.826507568
v 1.57038045 0.607472241 0.827227354
v 1.57282114 0.607609928 0.82774806
v 1.57530856 0.607410729 0.828249097
v 1.57781315 0.606907129 0.828783095
v 1.58025455 0.606018245 0.829250693
v 1.58253503 0.604715526 0.829587996
v 1.58467579 0.603127182 0.829950094
v 1.58658123 0.601220906 0.830247819
v 1.58826208 0.599070668 0.830561996
v 1.58972907 0.596718192 0.83094573
v 1.59090877 0.594162941 0.831336677
v 1.59161043 0.591419101 0.83154279
v 1.59393597 0.588587165 0.830549657
v 1.59367585 0.58549422 0.830482006
v 1.5929873 0.582477689 0.830367148
v 1.59190106 0.579596221 0.830219746
v 1.59043598 0.57690829 0.830032349
v 1.58864212 0.574456036 0.829824567
v 1.58651042 0.572324395 0.829531014
v 1.58411217 0.57055217 0.829169154
v 1.58155847 0.569101095 0.828830719
v 1.57879829 0.568173528 0.828295827
v 1.5759325 0.567843258 0.827522039
v 1.57311988 0.567998111 0.826643229
v 1.57046032 0.568433881 0.825851023
v 1.56797123 0.569178045 0.82508111
v 1.56572771 0.570425808 0.824091256
v 1.5638473 0.572136402 0.822860837
v 1.56233549 0.574015677 0.821628749
v 1.56111598 0.57586062 0.82056427
v 1.56021929 0.577740729 0.819535613
v 1.55945182 0.579440296 0.818796992
v 1.55878925 0.581028759 0.818277955
v 1.55817819 0.582532167 0.817978442
v 1.55759954 0.58399719 0.817874908
v 1.55719256 0.585506201 0.817792654
v 1.55679321 0.587020755 0.817905068
v 1.55642581 0.588587165 0.818182707
v 1.55622983 0.590224743 0.81849128
v 1.55616927 0.591930926 0.818883657
v 1.55627322 0.593702257 0.819347322
v 1.55657768 0.595522046 0.819863915
v 1.55706596 0.597397387 0.820477009
v 1.55775452 0.599328041 0.821201563
v 1.55864 0.601342797 0.822094142
v 1.55989838 0.603232324 0.822910488
v 1.56152081 0.604890227 0.823604941
v 1.56343007 0.606321514 0.824254572
v 1.56556225 0.607616782 0.825003982
v 1.56792688 0.608702362 0.825811625
v 1.57050467 0.609446704 0.826581717
v 1.57321429 0.609671235 0.827163577
v 1.57596087 0.609418392 0.82761687
v 1.57871723 0.608828425 0.828099191
v 1.58139992 0.607823133 0.828524828
v 1.58391714 0.606386304 0.828853011
v 1.58622169 0.604578674 0.829121828
v 1.58829045 0.602462769 0.829375684
v 1.59015799 0.600113153 0.829704642
v 1.59175205 0.5975191 0.830054164
v 1.59295845 0.59468925 0.830336511
v 1.59368706 0.59168154 0.830493689
v 1.59610033 0.588587165 0.829436898
v 1.5958724 0.585216761 0.829422534
v 1.59513378 0.581926584 0.82932353
v 1.59392333 0.578795433 0.829156578
v 1.5923264 0.575868964 0.828975677
v 1.59035015 0.573215067 0.828751206
v 1.58801579 0.570910752 0.828451037
v 1.58538842 0.569009542 0.828075528
v 1.58256388 0.567516923 0.827663481
v 1.57961226 0.56644392 0.827225089
v 1.57654619 0.565954745 0.826611876
v 1.57345796 0.566226244 0.825673759
v 1.57056904 0.566706061 0.824911058
v 1.56788898 0.567869484 0.82385236
v 1.56548142 0.56913352 0.822985947
v 1.563447 0.57090497 0.821884811
v 1.56184316 0.5729689 0.82067579
v 1.56058788 0.575028896 0.819583535
v 1.55969691 0.577109218 0.818528712
v 1.55891943 0.578940272 0.817798316
v 1.55819845 0.580599606 0.817341149
v 1.55755186 0.582187772 0.817063749
v 1.55699492 0.583757877 0.816913843
v 1.55654931 0.585341036 0.81685394
v 1.55607414 0.586929977 0.81700784
v 1.55559659 0.588587165 0.817347705
v 1.55538082 0.590332091 0.817643166
v 1.55532956 0.592146575 0.817998052
v 1.55540395 0.594046295 0.818468094
v 1.55571175 0.595998108 0.81897074
v 1.55617666 0.59804374 0.819611013
v 1.55684543 0.600181639 0.820382059
v 1.55780911 0.602347136 0.821218014
v 1.55913019 0.604442716 0.822054267
v 1.56087899 0.606254041 0.82273221
v 1.56289887 0.607956707 0.823496044
v 1.56522584 0.609380543 0.824224412
v 1.56780481 0.610642552 0.825069666
v 1.57062984 0.611435354 0.825791121
v 1.57360983 0.611744583 0.826410174
v 1.57663751 0.611501157 0.826880753
v 1.57966423 0.610840797 0.827335894
v 1.58257413 0.609673381 0.827680707
v 1.58532214 0.608084619 0.827980876
v 1.58776689 0.606029868 0.828140795
v 1.59003997 0.603733718 0.828402698
v 1.59208775 0.601174057 0.828728139
v 1.59378958 0.598325789 0.829025745
v 1.59503484 0.595222414 0.829230964
v 1.59579921 0.59194839 0.829355597
v 1.59832835 0.588587165 0.828235447
v 1.59809136 0.58493638 0.828229547
v 1.59729791 0.58137089 0.828140378
v 1.59598947 0.577977359 0.827983797
v 1.59423709 0.574818611 0.827791691
v 1.5921011 0.571943104 0.827581763
v 1.58953309 0.569486022 0.827252269
v 1.58666515 0.56746608 0.82686013
v 1.58359265 0.565895975 0.82643199
v 1.58037996 0.564812124 0.825954139
v 1.57708549 0.564294219 0.825369895
v 1.57378554 0.564508736 0.824548185
v 1.57066417 0.565192699 0.823693335
v 1.56779933 0.566443801 0.822693586
v 1.56526113 0.567978382 0.821731269
v 1.56308293 0.569784224 0.820766389
v 1.56136441 0.571951985 0.8196612
v 1.5600853 0.574236751 0.818553925
v 1.55917501 0.576478243 0.817532659
v 1.55835438 0.578409851 0.816856384
v 1.55757928 0.580149829 0.816447437
v 1.55689979 0.58182919 0.816187024
v 1.55640435 0.583524168 0.815968394
v 1.55588603 0.585170686 0.81595546
v 1.55532885 0.586835861 0.816142976
v 1.55477834 0.588587165 0.816494167
v 1.55454326 0.590437829 0.816774666
v 1.55444074 0.592374742 0.817145467
v 1.55448961 0.594408453 0.817611039
v 1.55476594 0.596518159 0.818128765
v 1.55523205 0.598730028 0.81876117
v 1.55589437 0.601074934 0.819547832
v 1.55691195 0.603431702 0.82036376
v 1.55832219 0.605715752 0.8211779
v 1.56019044 0.607717395 0.821860433
v 1.56234741 0.609654129 0.822664857
v 1.56486583 0.611267388 0.823412955
v 1.56768036 0.612621188 0.824204385
v 1.57076478 0.613579869 0.824970424
v 1.57401037 0.613844454 0.825505316
v 1.57733512 0.613648057 0.826013923
v 1.58065963 0.612956345 0.826477826
v 1.58376646 0.611552358 0.826690853
v 1.58672762 0.60978359 0.826938152
v 1.58934927 0.607515752 0.827051163
v 1.59182644 0.605031669 0.827311039
v 1.59401321 0.602232575 0.827587903
v 1.59579539 0.599119961 0.82781738
v 1.59713554 0.595761716 0.828006923
v 1.59796953 0.592222512 0.828131795
v 1.60055661 0.588587165 0.826878846
v 1.60030437 0.584656835 0.82687521
v 1.59944868 0.580818653 0.826789796
v 1.59807134 0.577153027 0.826665938
v 1.59617615 0.573752701 0.826479435
v 1.59382987 0.570687056 0.826243222
v 1.59106803 0.568044543 0.825933039
v 1.58796668 0.565892875 0.82554543
v 1.58464003 0.564245284 0.825110435
v 1.58115292 0.563169718 0.824594975
v 1.57758117 0.562769175 0.823936343
v 1.57410192 0.562850833 0.823276281
v 1.57075548 0.563740373 0.822366238
v 1.56770587 0.564961314 0.821512878
v 1.56502867 0.566760182 0.820500016
v 1.56276751 0.56881386 0.819502711
v 1.56096911 0.571111679 0.818472266
v 1.55965137 0.573552966 0.817420542
v 1.55869341 0.575896204 0.816489458
v 1.55779147 0.577881217 0.815909922
v 1.55695009 0.579692543 0.81555599
v 1.55625248 0.581473291 0.815300822
v 1.55578399 0.583278477 0.815060019
v 1.55522537 0.585001111 0.815059006
v 1.55464935 0.586749911 0.815224826
v 1.55400157 0.588587165 0.815595686
v 1.55359459 0.590557575 0.815966427
v 1.55349565 0.592617333 0.816304564
v 1.55351949 0.594792485 0.816758454
v 1.55380607 0.597045779 0.817247689
v 1.55420852 0.599473655 0.817919314
v 1.55491304 0.601996422 0.818663895
v 1.55599689 0.604537785 0.819440246
v 1.55747747 0.607047141 0.820250928
v 1.55943775 0.609316647 0.820980906
v 1.56177759 0.611407816 0.821737826
v 1.56449676 0.613202751 0.822480381
v 1.56754899 0.614709377 0.823257744
v 1.57090092 0.615742564 0.823979855
v 1.57441735 0.615977108 0.824450672
v 1.57802296 0.615765333 0.824934006
v 1.58166671 0.615096748 0.82543689
v 1.58501601 0.613521039 0.825599611
v 1.58807373 0.611410677 0.825662553
v 1.59092689 0.608997107 0.825797737
v 1.59358644 0.606310487 0.826032996
v 1.59592175 0.603281558 0.826276779
v 1.59779096 0.599909961 0.826455653
v 1.59925413 0.596305668 0.826649964
v 1.60017133 0.592500627 0.826781571
v 1.60276771 0.588587165 0.825353324
v 1.60250401 0.584379017 0.82535398
v 1.60159469 0.580267668 0.825279295
v 1.60019374 0.57631278 0.825212598
v 1.59812903 0.572679102 0.82501775
v 1.59556055 0.569429517 0.824758172
v 1.59258771 0.566617608 0.824455142
v 1.589252 0.564339101 0.824077189
v 1.58566761 0.562626302 0.823639333
v 1.58191442 0.561551094 0.823113263
v 1.57811689 0.561120152 0.822507501
v 1.57440305 0.561271369 0.821857512
v 1.57084703 0.562287331 0.820974588
v 1.56762624 0.563693464 0.820120513
v 1.56479025 0.565509975 0.819241762
v 1.56241536 0.56772989 0.818294466
v 1.56059909 0.570325315 0.817234814
v 1.55920649 0.572852015 0.816297233
v 1.55824542 0.575354576 0.815410852
v 1.55732131 0.577439666 0.814871967
v 1.55643964 0.579321742 0.814555764
v 1.55569577 0.58116734 0.814336419
v 1.55511999 0.583015621 0.81417501
v 1.55448174 0.584810138 0.814207077
v 1.55385685 0.586649776 0.814370513
v 1.5530777 0.588587165 0.814769149
v 1.55260634 0.590682507 0.815134585
v 1.55252194 0.592867315 0.815433621
v 1.55251884 0.595188677 0.815871298
v 1.55282736 0.59758389 0.816321075
v 1.55319262 0.60021174 0.816988707
v 1.55395722 0.602893829 0.817669213
v 1.55510044 0.605621278 0.818401694
v 1.55660629 0.608419478 0.81923908
v 1.55866575 0.610957265 0.819987237
v 1.56118536 0.613230526 0.820707679
v 1.56410027 0.615280747 0.821473598
v 1.56740379 0.617017329 0.822268546
v 1.57104254 0.617996395 0.822863221
v 1.57483721 0.618178487 0.823261797
v 1.57869887 0.617845058 0.823648989
v 1.58256817 0.617011964 0.824043632
v 1.58618355 0.615360916 0.824222863
v 1.58939242 0.613004863 0.824210882
v 1.59246778 0.610444188 0.824355543
v 1.59530878 0.607561767 0.824568987
v 1.59781814 0.604324222 0.824802279
v 1.5998106 0.600709736 0.824962735
v 1.60136771 0.596848309 0.825137436
v 1.60237169 0.592778563 0.825273335
v 1.60498142 0.588587165 0.823670685
v 1.60467792 0.584104359 0.823659539
v 1.60371232 0.579723954 0.823592901
v 1.60227251 0.575489819 0.82356137
v 1.60005927 0.571618021 0.823376358
v 1.59727383 0.568184793 0.823108375
v 1.59407806 0.565217912 0.822809637
v 1.59051275 0.562815189 0.822449446
v 1.58666253 0.561058521 0.822009623
v 1.58266044 0.559965909 0.821502209
v 1.5786047 0.55961889 0.820890367
v 1.57467389 0.559851289 0.820261717
v 1.57093525 0.560885668 0.81948036
v 1.56754804 0.562450349 0.818662465
v 1.56454659 0.564233601 0.817934275
v 1.56210113 0.566763043 0.8169716
v 1.56019735 0.569472134 0.816021204
v 1.55878258 0.572184086 0.815135121
v 1.55773807 0.574741185 0.814374685
v 1.55680156 0.576951385 0.81386745
v 1.555902 0.578931093 0.813570321
v 1.5551331 0.580858052 0.813369989
v 1.55439591 0.582728863 0.81330204
v 1.55361676 0.584588051 0.813389421
v 1.55291462 0.586530864 0.813559949
v 1.55202651 0.588587165 0.813955784
v 1.55160069 0.590809584 0.814250469
v 1.55160332 0.59310329 0.814473927
v 1.55164528 0.595534503 0.814845622
v 1.55188823 0.598100126 0.815301895
v 1.55217123 0.600953817 0.815976262
v 1.55283165 0.603951097 0.816708803
v 1.55411005 0.606818676 0.817344129
v 1.55571961 0.609816909 0.818117559
v 1.55788088 0.612625122 0.818859577
v 1.56058621 0.615074158 0.819529295
v 1.56368518 0.617457211 0.820333004
v 1.56725526 0.619374871 0.821093678
v 1.57118368 0.620237947 0.821544886
v 1.57526302 0.620411038 0.821901858
v 1.57939625 0.619991064 0.822226405
v 1.58341002 0.618801117 0.822420418
v 1.58730149 0.617122531 0.822631598
v 1.59072661 0.614617646 0.822624743
v 1.59395862 0.611844063 0.822724402
v 1.59698391 0.608778894 0.822921455
v 1.59967661 0.605345905 0.823148191
v 1.60181308 0.601502478 0.823303342
v 1.60348916 0.597393095 0.823472917
v 1.6045723 0.593056619 0.823604345
v 1.60718155 0.588587165 0.821816683
v 1.60682988 0.583832502 0.821793377
v 1.60580468 0.579186738 0.821732521
v 1.60422921 0.574715137 0.821681023
v 1.60193515 0.570586622 0.821540058
v 1.59897852 0.566946208 0.821298122
v 1.59554839 0.563837111 0.821005046
v 1.59173203 0.561341524 0.820652962
v 1.58764243 0.559514582 0.820242345
v 1.58338523 0.558425784 0.819755852
v 1.57909203 0.558118939 0.819181442
v 1.57494879 0.558410406 0.818599164
v 1.57102084 0.559523582 0.817891002
v 1.56746912 0.561194837 0.817149699
v 1.56434512 0.563176572 0.816451252
v 1.56180048 0.565837204 0.815588951
v 1.55980158 0.568630874 0.814763188
v 1.55829668 0.571418405 0.814001203
v 1.5571878 0.574076235 0.813336432
v 1.55623221 0.57641691 0.812869668
v 1.55532408 0.578511298 0.812588155
v 1.55445981 0.580487907 0.812442303
v 1.55355954 0.582397759 0.81244266
v 1.55261135 0.584329903 0.812577903
v 1.55183363 0.58639425 0.812745214
v 1.55109143 0.588587165 0.8130126
v 1.55067825 0.590926111 0.813260794
v 1.55068898 0.593338072 0.813456774
v 1.55074143 0.59589237 0.81378442
v 1.55089736 0.598644853 0.814241648
v 1.55112982 0.601710439 0.814883232
v 1.55169272 0.605020344 0.815626621
v 1.55305672 0.608091712 0.816205621
v 1.55483437 0.611211777 0.816861749
v 1.55711579 0.614251316 0.817555606
v 1.55999923 0.616880417 0.818168998
v 1.5632956 0.619499028 0.818930387
v 1.56712484 0.621450186 0.819576263
v 1.57132602 0.622499228 0.820041537
v 1.57569122 0.622654974 0.820352733
v 1.58011341 0.622198701 0.820644557
v 1.58432102 0.620737433 0.820728898
v 1.58835554 0.618783593 0.820831656
v 1.59203649 0.616200984 0.820864558
v 1.59543252 0.613228381 0.820934534
v 1.5986166 0.609964967 0.821099877
v 1.6014502 0.606321037 0.821294904
v 1.60380125 0.602289736 0.821477532
v 1.60557318 0.597928107 0.82162708
v 1.60674286 0.593330741 0.821754396
v 1.609375 0.588587165 0.819788098
v 1.6089561 0.583563805 0.819749892
v 1.60784197 0.578663588 0.819684625
v 1.60611272 0.573969424 0.819613218
v 1.60367799 0.569628477 0.819482625
v 1.60059834 0.565769434 0.819286346
v 1.59697151 0.562500894 0.819024086
v 1.59292698 0.559897125 0.818702817
v 1.58859873 0.558007658 0.818328202
v 1.58407903 0.556951404 0.817866743
v 1.57956076 0.556676805 0.817347646
v 1.57521629 0.557008564 0.816830695
v 1.57111382 0.55804491 0.816262007
v 1.56738997 0.559939682 0.815563321
v 1.56417346 0.562277913 0.814856589
v 1.56149554 0.564899147 0.814166009
v 1.55937791 0.567730486 0.813482702
v 1.55784392 0.570704997 0.812793851
v 1.55661654 0.573385715 0.81226027
v 1.55563307 0.575854242 0.811845005
v 1.55469298 0.57805264 0.811595261
v 1.55373096 0.580087245 0.81149286
v 1.55277038 0.582085311 0.811500013
v 1.5516243 0.584076524 0.811675012
v 1.55069304 0.586250126 0.811861753
v 1.55010128 0.588587165 0.812025428
v 1.54985666 0.591029823 0.812172115
v 1.54979324 0.593568087 0.812370718
v 1.54977465 0.59627521 0.812685668
v 1.54984426 0.599223912 0.813125253
v 1.55012488 0.602440536 0.813673377
v 1.55058146 0.606064022 0.814395428
v 1.55193424 0.609448671 0.814963758
v 1.55395484 0.612597823 0.815465212
v 1.55641365 0.615743577 0.816044986
v 1.55942869 0.618636429 0.816627502
v 1.56290627 0.62154007 0.817345619
v 1.56699944 0.623446047 0.817853749
v 1.57147336 0.624842405 0.818368673
v 1.57609344 0.624762833 0.81855303
v 1.58076334 0.624199033 0.818779945
v 1.58515429 0.622508287 0.818796396
v 1.58939147 0.620415866 0.818872869
v 1.59326315 0.617683649 0.818897128
v 1.59683943 0.614549577 0.818957567
v 1.6002171 0.611127973 0.819113016
v 1.60318542 0.607275069 0.819275618
v 1.60571098 0.60304594 0.819454134
v 1.6076169 0.598452747 0.819599152
v 1.60887337 0.593599916 0.819719136
v 1.61150312 0.588587165 0.817557871
v 1.61100888 0.583304405 0.817509711
v 1.60983586 0.578151703 0.8174541
v 1.60798001 0.573230028 0.817381561
v 1.60534978 0.568709493 0.817246318
v 1.60212159 0.564662576 0.817080617
v 1.59831452 0.561239839 0.816856742
v 1.59407854 0.558504999 0.81658715
v 1.58951569 0.556562603 0.816256881
v 1.58475184 0.555521488 0.815845907
v 1.58000731 0.555302441 0.815387189
v 1.57545328 0.555766284 0.81491673
v 1.57120299 0.556628525 0.814503908
v 1.56731343 0.558721542 0.813881516
v 1.56398487 0.56128794 0.813248336
v 1.56118226 0.563934326 0.812693357
v 1.55895162 0.566824675 0.812138379
v 1.55732942 0.569894195 0.811570942
v 1.5560329 0.572680175 0.811127245
v 1.55496478 0.575226605 0.810792625
v 1.55401516 0.577560246 0.810567737
v 1.5529561 0.57966125 0.810498893
v 1.55194283 0.581757665 0.810506403
v 1.55075812 0.583854079 0.810648859
v 1.54963279 0.586116195 0.810851157
v 1.54900241 0.588587165 0.810992002
v 1.54885912 0.591155767 0.811082602
v 1.54888535 0.5938012 0.811222315
v 1.54875088 0.596680522 0.811525047
v 1.54870915 0.599847972 0.811937392
v 1.54909205 0.603190899 0.812373996
v 1.54970336 0.606888592 0.812934875
v 1.5510366 0.610533655 0.813453555
v 1.55311799 0.613916159 0.813903511
v 1.55571914 0.617219388 0.814391792
v 1.55884719 0.620426238 0.814935982
v 1.56256843 0.623310924 0.815491676
v 1.56687617 0.625401497 0.81594795
v 1.57159972 0.626852095 0.816379368
v 1.57647038 0.626739383 0.816527724
v 1.58132863 0.625938177 0.816656232
v 1.58589196 0.62407583 0.816640735
v 1.59033155 0.621896863 0.816708684
v 1.59438801 0.61904335 0.816731393
v 1.59818935 0.61581701 0.816806138
v 1.6017344 0.612230182 0.816938579
v 1.60484958 0.60818994 0.817076743
v 1.60752273 0.603763163 0.817235291
v 1.60959744 0.598961234 0.817381024
v 1.61097765 0.593865812 0.817500472
v 1.6135211 0.588587105 0.815116942
v 1.61297774 0.583055735 0.815072238
v 1.61173344 0.577664554 0.815024257
v 1.60975575 0.572526991 0.8149575
v 1.60700226 0.567801058 0.814847827
v 1.60358 0.563602865 0.8147012
v 1.59959483 0.560037255 0.81451869
v 1.59517598 0.557178438 0.814303875
v 1.59042525 0.555129409 0.814044476
v 1.58539343 0.554157794 0.813684821
v 1.58041596 0.554044843 0.813289821
v 1.57566547 0.554653943 0.812884629
v 1.57126808 0.555593491 0.812545419
v 1.56725001 0.557714581 0.812060356
v 1.56379724 0.560305297 0.811571538
v 1.5608902 0.563035548 0.811132073
v 1.5585382 0.565946043 0.810711205
v 1.55678868 0.569041967 0.810283661
v 1.55544806 0.571973085 0.809921563
v 1.55434656 0.574645877 0.809648395
v 1.55327463 0.577022254 0.809490681
v 1.55220222 0.579246759 0.809425056
v 1.55110359 0.581425428 0.809440196
v 1.54966354 0.583573043 0.809601843
v 1.54838729 0.585958898 0.809786677
v 1.54778409 0.588587165 0.809886694
v 1.54780841 0.591288507 0.809919894
v 1.54784608 0.59406805 0.810030282
v 1.54772162 0.597088099 0.810270667
v 1.54753661 0.600492477 0.810640395
v 1.54808593 0.60392189 0.81095463
v 1.54890299 0.607640266 0.81135273
v 1.55020285 0.611541569 0.811799586
v 1.55237579 0.615086079 0.812163293
v 1.55505848 0.618623257 0.812576652
v 1.55832982 0.622018397 0.81302309
v 1.56224275 0.625019014 0.813465118
v 1.56677485 0.62701422 0.813787997
v 1.57169175 0.628315151 0.814085484
v 1.57678008 0.628363609 0.814242303
v 1.58183002 0.627481461 0.814334035
v 1.58659506 0.625569463 0.814328611
v 1.59122729 0.623308599 0.814385891
v 1.59546947 0.620350659 0.814408779
v 1.59947491 0.617024064 0.81448108
v 1.60317087 0.613273919 0.814585686
v 1.60644794 0.609068692 0.814703345
v 1.60924935 0.604446828 0.814833343
v 1.61145258 0.599437594 0.814958632
v 1.61299133 0.594120204 0.815076053
v 1.61547637 0.588587046 0.812482595
v 1.61488914 0.582814336 0.812446475
v 1.61358976 0.577187955 0.812410831
v 1.61144042 0.571860075 0.812346578
v 1.60853887 0.566956282 0.812259436
v 1.60496664 0.562595546 0.812149107
v 1.60082412 0.558882892 0.812015414
v 1.59622526 0.555910051 0.811856508
v 1.59122777 0.553865075 0.811648607
v 1.5859673 0.552938342 0.811369598
v 1.58075333 0.553006113 0.811048329
v 1.5758574 0.553648412 0.810750306
v 1.57132339 0.55471319 0.810487211
v 1.56719708 0.556873441 0.810137272
v 1.56365156 0.559541583 0.809780478
v 1.56064177 0.562270939 0.809473515
v 1.55819321 0.565212667 0.809176445
v 1.55631447 0.568294764 0.808885574
v 1.55485392 0.571255088 0.808636606
v 1.55369282 0.574032128 0.808437467
v 1.5524869 0.576449871 0.808338344
v 1.55138254 0.578796148 0.808285594
v 1.55020022 0.581067681 0.808302164
v 1.54861355 0.583303392 0.808434784
v 1.54746699 0.58584255 0.808540344
v 1.54661202 0.588587165 0.808650732
v 1.54671168 0.591427147 0.808663249
v 1.54681587 0.594332516 0.808734715
v 1.54663086 0.597519994 0.808922887
v 1.54654694 0.601036608 0.809177876
v 1.54703116 0.604688227 0.809428632
v 1.54792619 0.608557582 0.809716403
v 1.54946113 0.612438202 0.810004473
v 1.55161953 0.616277754 0.810302138
v 1.55441833 0.619983494 0.810609758
v 1.55788445 0.623389065 0.810916007
v 1.56196213 0.626489639 0.81123811
v 1.56667662 0.628574371 0.811477482
v 1.57177305 0.629604876 0.811644435
v 1.57705688 0.629814982 0.81178546
v 1.58227181 0.628841102 0.81184274
v 1.5872767 0.627017975 0.811866522
v 1.59209061 0.624668896 0.811908722
v 1.59650612 0.621603906 0.811927497
v 1.60066438 0.618141115 0.811979651
v 1.60451794 0.614252508 0.812059164
v 1.60796499 0.60990274 0.812153339
v 1.61086035 0.605084777 0.812245667
v 1.61319709 0.599885583 0.812345326
v 1.61489177 0.594360113 0.812447011
v 1.61729646 0.588587105 0.809641063
v 1.61673403 0.582581341 0.809623122
v 1.61537457 0.576729774 0.80959934
v 1.6130302 0.571230531 0.809548259
v 1.60996842 0.566170156 0.809489071
v 1.60628152 0.561640382 0.80942291
v 1.60196877 0.557808042 0.809337974
v 1.59717703 0.554759443 0.809235573
v 1.59190369 0.552799821 0.809088945
v 1.58643293 0.551948845 0.808906078
v 1.58103538 0.552137792 0.808697045
v 1.5760088 0.552854419 0.808509171
v 1.57135892 0.554149926 0.808328629
v 1.56715989 0.556281686 0.808122575
v 1.56353521 0.558931231 0.807912409
v 1.5604229 0.561597407 0.807737648
v 1.55785704 0.564498544 0.807568252
v 1.55581951 0.567514956 0.807407558
v 1.55435038 0.570646405 0.80724591
v 1.55294704 0.573331773 0.807149649
v 1.55158281 0.575793087 0.807099819
v 1.55036879 0.578238964 0.807072222
v 1.54911971 0.580639899 0.807082832
v 1.54760313 0.583043933 0.807150304
v 1.54635453 0.585702062 0.80722034
v 1.54575348 0.588587165 0.807260811
v 1.54567862 0.591557682 0.807286084
v 1.54576802 0.594601572 0.807332933
v 1.54554248 0.597950816 0.807453752
v 1.54559517 0.601559758 0.807597637
v 1.5460794 0.605379641 0.807755947
v 1.54694796 0.60947597 0.807943642
v 1.54862618 0.613447487 0.808112442
v 1.55083418 0.617515028 0.808305144
v 1.55379844 0.621300995 0.808487833
v 1.55747557 0.624648452 0.808657765
v 1.56165528 0.628098428 0.80888027
v 1.56658435 0.630042851 0.809007049
v 1.57186151 0.631009579 0.809100509
v 1.57737088 0.631460071 0.80921042
v 1.58274388 0.630293965 0.809230447
v 1.58793879 0.628425121 0.809247196
v 1.59288454 0.625919938 0.809265256
v 1.59750152 0.622807026 0.809284568
v 1.60179806 0.619205773 0.809315264
v 1.60578179 0.615170836 0.809363246
v 1.6093719 0.610675991 0.809423208
v 1.61237431 0.605683982 0.809479952
v 1.61483693 0.600306571 0.809545636
v 1.61662173 0.594578683 0.809611797
v 1.61898351 0.588587165 0.806596577
v 1.61848354 0.582360387 0.806592822
v 1.61709023 0.576289117 0.806585014
v 1.61457515 0.570618749 0.806564748
v 1.61128783 0.565444767 0.806540191
v 1.60742164 0.560812175 0.806515157
v 1.60293961 0.556896687 0.806484759
v 1.5979743 0.553795815 0.806448221
v 1.5924623 0.551919401 0.806392729
v 1.58679533 0.55117923 0.806325674
v 1.58127642 0.551396191 0.80625397
v 1.57612348 0.552253127 0.80618614
v 1.57139421 0.553589463 0.806124449
v 1.56712842 0.555782437 0.806053996
v 1.56341338 0.558292389 0.805988967
v 1.56023002 0.561004162 0.805930018
v 1.55759835 0.563948512 0.805873156
v 1.55545759 0.566944718 0.805821896
v 1.55381632 0.570000827 0.805773377
v 1.55228853 0.572713435 0.805743515
v 1.55071402 0.575161934 0.805732429
v 1.54934144 0.577674091 0.805726409
v 1.54807639 0.580226779 0.805728316
v 1.54653072 0.582768679 0.80575037
v 1.54534173 0.58557409 0.805770874
v 1.54474497 0.588587165 0.805783927
v 1.54450846 0.591705501 0.805797875
v 1.54463053 0.594893575 0.805813313
v 1.54459834 0.598324537 0.805848241
v 1.54477477 0.602010846 0.805893481
v 1.54522014 0.60600394 0.805950165
v 1.54597569 0.610389173 0.806021214
v 1.54789519 0.614330947 0.806071341
v 1.55017734 0.618550003 0.806137979
v 1.55327678 0.622409344 0.806198716
v 1.55709743 0.625812411 0.806255162
v 1.56139874 0.629443109 0.806333721
v 1.56650543 0.631295621 0.806372166
v 1.57194376 0.632318735 0.806405067
v 1.5776341 0.632840276 0.806444526
v 1.58319569 0.631684542 0.80645299
v 1.58857226 0.629771352 0.806459427
v 1.59365129 0.627128124 0.806463838
v 1.59836268 0.623848021 0.806467772
v 1.60284686 0.62019068 0.806480587
v 1.60691881 0.615996957 0.806495309
v 1.61059618 0.611349165 0.806515157
v 1.61374331 0.606225967 0.806536019
v 1.61637497 0.600701511 0.80656153
v 1.61829567 0.59479022 0.8065871
v 1.62048936 0.588587165 0.803355038
v 1.62012768 0.582152724 0.803353906
v 1.61870027 0.5758757 0.803361595
v 1.61610126 0.570014417 0.803382576
v 1.61247659 0.564791203 0.803416193
v 1.60836458 0.56012696 0.803447366
v 1.60374832 0.556137145 0.803479552
v 1.59863043 0.553002656 0.803518653
v 1.59288359 0.551255703 0.803581953
v 1.58708596 0.55056113 0.803652346
v 1.58148336 0.550759554 0.803724468
v 1.5762279 0.551705837 0.803795874
v 1.57141542 0.553253829 0.803864658
v 1.56709218 0.55520618 0.803927362
v 1.563308 0.557740748 0.803992927
v 1.56005073 0.560452223 0.80405128
v 1.55735707 0.563435793 0.80410856
v 1.55508208 0.566352904 0.804155529
v 1.55324268 0.569307387 0.804197609
v 1.55162668 0.572091758 0.804227233
v 1.54983807 0.574525476 0.804232776
v 1.54844379 0.577180684 0.804240644
v 1.54699349 0.579797983 0.804234207
v 1.54560113 0.582530022 0.804218769
v 1.54444122 0.585460365 0.804199934
v 1.54366946 0.588587165 0.804181516
v 1.54336548 0.591849864 0.804165125
v 1.54342389 0.5952034 0.804146707
v 1.54359674 0.598721147 0.804117143
v 1.54396915 0.602453768 0.80407691
v 1.54456639 0.606478989 0.804023802
v 1.54528213 0.611040533 0.803948164
v 1.54711318 0.615276456 0.803889275
v 1.54958797 0.619478583 0.80382669
v 1.55287766 0.623257816 0.803771079
v 1.55682111 0.626662254 0.803716123
v 1.56124592 0.630244851 0.803640068
v 1.56643558 0.632406473 0.803592026
v 1.57200599 0.633306682 0.803563058
v 1.57777262 0.633565962 0.803531706
v 1.583529 0.632710159 0.803512394
v 1.58910108 0.630894899 0.803500652
v 1.59422588 0.628033698 0.803501666
v 1.5991075 0.624748647 0.803494632
v 1.60379601 0.621082008 0.803477585
v 1.60791206 0.61671859 0.803465247
v 1.61165309 0.611930132 0.803446114
v 1.614959 0.606707215 0.803421974
v 1.61770678 0.601043522 0.803394318
v 1.61974978 0.594973922 0.803365827
v 1.62183595 0.588587105 0.799920797
v 1.62167764 0.581956923 0.799896002
v 1.620327 0.575458288 0.799907327
v 1.61756468 0.56943512 0.799981534
v 1.61364079 0.564151108 0.800106823
v 1.60907912 0.559607744 0.800243318
v 1.60434389 0.555577636 0.800347447
v 1.59899402 0.552563131 0.800489306
v 1.59316635 0.550810397 0.800683618
v 1.58731008 0.550085247 0.800895035
v 1.58166265 0.550207257 0.80110693
v 1.57631874 0.551229179 0.801331103
v 1.57143903 0.552877009 0.801548183
v 1.56706858 0.554830909 0.80173707
v 1.56320572 0.557204425 0.801917911
v 1.55983901 0.559800327 0.802080035
v 1.55707073 0.562827408 0.802253544
v 1.55465293 0.56567657 0.80238229
v 1.55269933 0.568650603 0.802504003
v 1.55093598 0.5714432 0.802584052
v 1.54897881 0.573901057 0.802589595
v 1.54728961 0.576546013 0.802588701
v 1.54590297 0.579366267 0.802583396
v 1.54472351 0.582304657 0.802562833
v 1.54375029 0.585373104 0.802526236
v 1.54267168 0.588587165 0.802441657
v 1.54216361 0.592001736 0.80237186
v 1.54214621 0.595531464 0.802306235
v 1.54242659 0.599184394 0.802222908
v 1.54302263 0.602974176 0.802119017
v 1.54384303 0.607004523 0.801977277
v 1.5448451 0.611450791 0.801777959
v 1.54653168 0.615979135 0.801570535
v 1.54909945 0.620248556 0.801382422
v 1.5525167 0.624024987 0.801221609
v 1.55658746 0.627381027 0.801064968
v 1.56114888 0.630753279 0.800858974
v 1.56639338 0.633077562 0.800699532
v 1.572052 0.634039581 0.80060643
v 1.57790089 0.634238124 0.800516605
v 1.58371425 0.633280635 0.800466537
v 1.58945131 0.631639361 0.800410092
v 1.59468079 0.628750563 0.800411224
v 1.59975195 0.625527442 0.800374627
v 1.60456109 0.621800303 0.800318897
v 1.60874677 0.617324889 0.800283074
v 1.61256146 0.61242938 0.800225556
v 1.61599112 0.607115984 0.800144732
v 1.61882377 0.60133028 0.800057232
v 1.62100005 0.595131755 0.799962342
v 1.62301111 0.588586986 0.796298683
v 1.6231432 0.581771553 0.796207905
v 1.6215384 0.575147212 0.796262145
v 1.6186924 0.5689888 0.796392441
v 1.61451936 0.56366843 0.796637237
v 1.60960507 0.559225321 0.796923697
v 1.6046648 0.555276215 0.797132611
v 1.59917736 0.55234164 0.797394574
v 1.59332132 0.550566018 0.797719419
v 1.58747315 0.549738288 0.798058271
v 1.58181119 0.54975009 0.798397899
v 1.57638025 0.550907016 0.798798323
v 1.57145643 0.552600563 0.799170434
v 1.56705332 0.554589033 0.799492538
v 1.56312728 0.556793511 0.799767137
v 1.5596714 0.559285104 0.800018847
v 1.55679297 0.562236965 0.800291777
v 1.55431676 0.565147221 0.800511718
v 1.55226278 0.568122864 0.800706148
v 1.55039167 0.570932269 0.800830305
v 1.54818106 0.573321462 0.800801098
v 1.54595184 0.575810611 0.800712287
v 1.54473639 0.57890439 0.800747573
v 1.54381466 0.582071304 0.800764084
v 1.54290748 0.58526659 0.800716639
v 1.54165959 0.588587165 0.800548673
v 1.54095244 0.592154741 0.800398052
v 1.54084229 0.595866263 0.800267875
v 1.54129505 0.599632502 0.800149143
v 1.54200888 0.60353142 0.799984813
v 1.54302812 0.607596576 0.799771428
v 1.54438639 0.611881673 0.799498439
v 1.5460062 0.616614401 0.799119115
v 1.54866219 0.620937884 0.798805416
v 1.55220985 0.624676704 0.79855144
v 1.55639029 0.627987504 0.798302054
v 1.56107259 0.631153107 0.797994137
v 1.56637716 0.633334875 0.797751248
v 1.57207227 0.634361565 0.797584832
v 1.5779705 0.634604156 0.797426105
v 1.58381319 0.633584976 0.797350705
v 1.58964992 0.632061362 0.797232091
v 1.59500504 0.629261553 0.797211528
v 1.60023928 0.626116395 0.797125399
v 1.60515094 0.62235415 0.797025204
v 1.60947132 0.617851317 0.796950817
v 1.61331105 0.612841666 0.796860158
v 1.61676812 0.607423663 0.796726763
v 1.61968589 0.601551533 0.796571255
v 1.62197328 0.5952546 0.796398818
v 1.62386966 0.588587105 0.792521
v 1.62428212 0.581627607 0.792327166
v 1.62252808 0.574892938 0.792432189
v 1.61963987 0.568613648 0.79261601
v 1.61509037 0.563354671 0.793045521
v 1.60999632 0.558941126 0.793488801
v 1.60473013 0.555215001 0.793873608
v 1.59914947 0.552375376 0.794273317
v 1.59337354 0.550482988 0.794699311
v 1.5875442 0.549587131 0.795162141
v 1.58186054 0.549598396 0.795642972
v 1.57641435 0.550727427 0.796202898
v 1.57147121 0.55236578 0.796716332
v 1.56703949 0.554370463 0.797174811
v 1.56307244 0.556504965 0.797545373
v 1.55955839 0.558936656 0.797884166
v 1.55652618 0.561670244 0.798210144
v 1.55403495 0.564702809 0.798543394
v 1.55190396 0.56768924 0.798809469
v 1.54986811 0.57044059 0.79894948
v 1.54740095 0.572754741 0.798852086
v 1.54487133 0.575216591 0.798665345
v 1.54374099 0.578510284 0.798752129
v 1.54289603 0.581835449 0.798803329
v 1.54202104 0.585154653 0.79874891
v 1.54066658 0.588587165 0.798489153
v 1.53978062 0.59230274 0.798233569
v 1.53956223 0.596194863 0.7980178
v 1.54006314 0.600120246 0.797849238
v 1.5410521 0.604057431 0.797670543
v 1.54225373 0.608159304 0.797399938
v 1.54380941 0.61242348 0.797052562
v 1.54556847 0.617143452 0.796541035
v 1.5482862 0.621530294 0.796094656
v 1.551965 0.625197172 0.795764983
v 1.55625772 0.628395736 0.795446277
v 1.56105089 0.631266952 0.795083046
v 1.56638193 0.633258939 0.794783831
v 1.57208061 0.634494543 0.794501305
v 1.57799649 0.634740412 0.79427588
v 1.58383226 0.633643746 0.794187009
v 1.58970189 0.632171929 0.794005752
v 1.59521055 0.629585087 0.79391712
v 1.60053658 0.62647593 0.793776751
v 1.60556483 0.622742832 0.793612361
v 1.61003113 0.618258119 0.793479085
v 1.61387086 0.613149464 0.793362975
v 1.617311 0.607638717 0.793187141
v 1.62030602 0.601710737 0.792954922
v 1.62286448 0.595367432 0.792652607
v 1.62444401 0.588587224 0.7886011
v 1.6250484 0.58153075 0.788290262
v 1.62319827 0.57472086 0.788451433
v 1.62008905 0.568435967 0.788753152
v 1.61545753 0.56315273 0.789330065
v 1.6101284 0.55884546 0.789981961
v 1.60464358 0.555296421 0.790566564
v 1.59903622 0.552512169 0.791104555
v 1.59334016 0.550536036 0.791624784
v 1.58757234 0.549527466 0.792188227
v 1.58184004 0.549661577 0.792852461
v 1.57643294 0.550630569 0.793531418
v 1.57147908 0.552242637 0.794191778
v 1.56703115 0.554234743 0.794784188
v 1.56303287 0.556298196 0.795243979
v 1.55950332 0.558767557 0.795694232
v 1.55641174 0.561427176 0.796091139
v 1.55383396 0.564386189 0.796492934
v 1.55154181 0.567251444 0.796781659
v 1.5492847 0.569892704 0.796894729
v 1.54654884 0.572135746 0.796693027
v 1.5442462 0.574872911 0.796550989
v 1.54320431 0.578297734 0.796704292
v 1.54213667 0.581640422 0.796709538
v 1.54113007 0.585042059 0.796605051
v 1.53973389 0.588587165 0.79625684
v 1.53890395 0.592413485 0.795938969
v 1.53837943 0.596498609 0.795558095
v 1.53895283 0.600559771 0.795347214
v 1.54010439 0.604578376 0.795148253
v 1.54142547 0.608761072 0.794813514
v 1.54312372 0.613067269 0.794386446
v 1.54525232 0.617525458 0.793853223
v 1.54804111 0.621916294 0.793284297
v 1.5518167 0.625512302 0.792887986
v 1.55621386 0.6285308 0.792534769
v 1.56104565 0.63129431 0.792096138
v 1.56638932 0.633141756 0.791750193
v 1.57206988 0.634325266 0.791398227
v 1.57795191 0.634505451 0.791125715
v 1.58383846 0.633662999 0.790932894
v 1.58965588 0.632074296 0.790735662
v 1.59530902 0.629740238 0.790534496
v 1.60072446 0.626702905 0.790318251
v 1.60585046 0.623011112 0.790074527
v 1.61036539 0.618500888 0.789894879
v 1.6142087 0.613335192 0.789753139
v 1.61763883 0.607768416 0.789535344
v 1.62067032 0.601804197 0.789225996
v 1.62331629 0.595424592 0.788808286
v 1.62461996 0.588587165 0.784601033
v 1.62509084 0.581525505 0.784265041
v 1.62337685 0.574674964 0.784413338
v 1.61989546 0.56851244 0.784931421
v 1.615237 0.563273966 0.785662889
v 1.60986352 0.559038103 0.786498845
v 1.60440731 0.55551815 0.787221611
v 1.59886622 0.552717566 0.787867785
v 1.59318781 0.550776482 0.7885198
v 1.58746791 0.549749196 0.789204061
v 1.58174682 0.54994899 0.790049136
v 1.57639885 0.550809085 0.790846586
v 1.57147527 0.552298963 0.791619182
v 1.56703019 0.554221094 0.792327821
v 1.56301904 0.556225955 0.792875946
v 1.55949545 0.558743656 0.793452084
v 1.5563333 0.561260283 0.793885589
v 1.55362725 0.564060569 0.794309735
v 1.55117607 0.566809237 0.79459846
v 1.54865813 0.569304347 0.794633567
v 1.54608226 0.571796715 0.794487536
v 1.54407048 0.574776292 0.794449806
v 1.54277825 0.578129113 0.794545114
v 1.5415988 0.581502378 0.794515908
v 1.54038501 0.584948003 0.794314325
v 1.53905272 0.588587165 0.793908238
v 1.53813744 0.592510283 0.793480635
v 1.53766608 0.596681774 0.793021679
v 1.53801584 0.60093087 0.792660117
v 1.53931379 0.605013013 0.792452157
v 1.5406723 0.609308183 0.79202652
v 1.54254985 0.613606155 0.791549861
v 1.54491186 0.617937267 0.790981829
v 1.54789686 0.622143447 0.790374041
v 1.55176091 0.625631273 0.789933443
v 1.55617952 0.628636539 0.789502919
v 1.56106687 0.631182671 0.789041698
v 1.56639361 0.633077145 0.788594902
v 1.57205963 0.634161174 0.788195133
v 1.57786727 0.634062231 0.787963152
v 1.58377099 0.633455396 0.787638307
v 1.58956623 0.631883502 0.787390411
v 1.59528232 0.629698098 0.787081122
v 1.60076833 0.626755536 0.786769748
v 1.60592008 0.623076797 0.786458015
v 1.61043191 0.618549407 0.786240041
v 1.61435413 0.613415122 0.786033928
v 1.61774635 0.607811093 0.785782278
v 1.62079096 0.601835132 0.785395563
v 1.62322974 0.595413387 0.784955382
v 1.62411523 0.588587165 0.780687034
v 1.62456703 0.581591785 0.780292451
v 1.6225214 0.574894547 0.780627847
v 1.61915565 0.568805337 0.781212389
v 1.61444879 0.563707292 0.782138646
v 1.60933256 0.559423864 0.783036828
v 1.60402131 0.555880547 0.783849657
v 1.5985651 0.553081453 0.784601092
v 1.59292364 0.551192522 0.785394251
v 1.58722901 0.550256908 0.786247551
v 1.58160281 0.550391555 0.787221789
v 1.57633376 0.551150501 0.788129151
v 1.57146096 0.552528262 0.789006233
v 1.56703615 0.554316103 0.789799154
v 1.56304717 0.556372881 0.790482461
v 1.55951095 0.558790922 0.791131198
v 1.55627298 0.561132133 0.791568041
v 1.5533874 0.563682556 0.791942775
v 1.55076766 0.566315591 0.792204559
v 1.54812884 0.568807185 0.79220891
v 1.54570937 0.571525872 0.792150795
v 1.5437696 0.574610889 0.792157531
v 1.54238248 0.577972353 0.792235613
v 1.54103899 0.581358671 0.792133033
v 1.53996515 0.584894955 0.791959107
v 1.53855848 0.588587165 0.791439176
v 1.53761601 0.592576206 0.790911019
v 1.53735113 0.596762598 0.790447772
v 1.53765702 0.601072967 0.789985716
v 1.53903461 0.605166733 0.789765358
v 1.54017234 0.609671414 0.789120972
v 1.54219532 0.613939166 0.788605869
v 1.54466295 0.61823827 0.78796494
v 1.54800725 0.621969461 0.787497818
v 1.55174041 0.625674844 0.786855578
v 1.55618668 0.628614366 0.786369503
v 1.56112838 0.630859017 0.785950243
v 1.56641603 0.632716835 0.785426497
v 1.57203627 0.633788228 0.78495115
v 1.57779813 0.633699775 0.784669697
v 1.58363175 0.633026481 0.784315288
v 1.58940792 0.63154763 0.783982038
v 1.5950861 0.629388511 0.783607781
v 1.60064006 0.626600564 0.783160686
v 1.60578322 0.622948229 0.78278017
v 1.61023521 0.618406236 0.782542765
v 1.61418009 0.613319278 0.782274902
v 1.61758614 0.607747674 0.781959116
v 1.62053347 0.601769209 0.781535447
v 1.62277198 0.59535557 0.781093836
v 1.62304854 0.588587165 0.776903987
v 1.62322426 0.581761301 0.776588082
v 1.62142611 0.575175822 0.776866019
v 1.61793709 0.569287956 0.777648747
v 1.61333895 0.564317465 0.77871716
v 1.60849142 0.560034811 0.779658139
v 1.60340476 0.556459427 0.780515611
v 1.59801054 0.553751647 0.781413555
v 1.59253049 0.551812172 0.782276809
v 1.58693051 0.550891995 0.78326565
v 1.58141994 0.550954878 0.784356773
v 1.5762372 0.551656544 0.785385907
v 1.57144117 0.552842319 0.786314964
v 1.56705022 0.554540873 0.787202835
v 1.56308937 0.55659461 0.788008511
v 1.55954337 0.55889082 0.788710117
v 1.55627823 0.561143279 0.789176524
v 1.55322838 0.563431978 0.789456904
v 1.55028844 0.565736294 0.789528072
v 1.54769158 0.568396568 0.789612412
v 1.54533124 0.571251094 0.789612949
v 1.54345989 0.574440658 0.789680481
v 1.54220629 0.577902615 0.789857984
v 1.54074502 0.581283152 0.78967762
v 1.53975272 0.584868133 0.78951937
v 1.53833628 0.588587165 0.788902521
v 1.5375886 0.592579663 0.788381219
v 1.53717422 0.596808076 0.787754297
v 1.53774977 0.601036191 0.787357271
v 1.53887963 0.605251908 0.786953449
v 1.54017091 0.609672427 0.78628546
v 1.54199386 0.614128411 0.78553462
v 1.54473758 0.61814791 0.784984767
v 1.54810452 0.621816218 0.784467936
v 1.55190372 0.625327528 0.783816338
v 1.55631804 0.628210366 0.783264697
v 1.56123376 0.6303069 0.782842338
v 1.56645131 0.632155836 0.782225132
v 1.57200766 0.63333416 0.781609178
v 1.57771778 0.633278906 0.781263709
v 1.5834887 0.632586241 0.780863941
v 1.58919764 0.631100893 0.780487061
v 1.59481049 0.628954768 0.780056715
v 1.60032701 0.626222432 0.77951771
v 1.60544705 0.622632802 0.779053688
v 1.60984659 0.618124008 0.778784394
v 1.61367345 0.613040566 0.778519034
v 1.61710858 0.60755831 0.77811408
v 1.61990118 0.601606965 0.777686775
v 1.62196445 0.595253766 0.777249753
v 1.62152481 0.588587165 0.773276508
v 1.62132525 0.582001269 0.77314657
v 1.61978722 0.575596571 0.77333504
v 1.61641693 0.569889307 0.774209678
v 1.61212397 0.564985096 0.775300503
v 1.60738778 0.560836673 0.776379645
v 1.60254645 0.55726546 0.777262986
v 1.59727263 0.55464375 0.778294921
v 1.59193754 0.552746177 0.779266775
v 1.58654189 0.551717281 0.780298233
v 1.58117843 0.551697731 0.781486511
v 1.57610917 0.552327633 0.782622814
v 1.57141471 0.553264797 0.783544958
v 1.56707716 0.554965973 0.784578323
v 1.56314659 0.556893826 0.785440922
v 1.55960393 0.559077084 0.786190271
v 1.55631542 0.561222136 0.786666334
v 1.55319643 0.563381553 0.786902964
v 1.55007267 0.565475345 0.786816657
v 1.54746318 0.568182111 0.786930203
v 1.54511881 0.571096778 0.786961496
v 1.54338861 0.574401498 0.787149608
v 1.54213405 0.577874064 0.787358224
v 1.54073191 0.581279755 0.787187517
v 1.53971934 0.584863901 0.786991417
v 1.53844047 0.588587165 0.786358178
v 1.53762698 0.592574835 0.785712957
v 1.53720522 0.596800089 0.784980655
v 1.53786635 0.600990117 0.78457576
v 1.53902888 0.605169713 0.784133732
v 1.54045415 0.609466732 0.783466101
v 1.54236388 0.613780916 0.782689452
v 1.54500866 0.617820144 0.782000959
v 1.5482738 0.621549606 0.781333983
v 1.55214143 0.624822676 0.780723572
v 1.55654621 0.62750864 0.780191302
v 1.56139231 0.629477084 0.779765368
v 1.56651282 0.631178975 0.779129684
v 1.57195663 0.632521689 0.778314114
v 1.57759333 0.632626951 0.77782166
v 1.58330178 0.632011533 0.777321279
v 1.58889174 0.630450547 0.776952446
v 1.59442663 0.628350019 0.776450813
v 1.59983468 0.625627637 0.775857985
v 1.60487103 0.622091949 0.775330305
v 1.60920644 0.617659092 0.775018036
v 1.61284757 0.612586617 0.774801075
v 1.61620402 0.607200146 0.774349213
v 1.61886096 0.601339757 0.773914039
v 1.62079239 0.595105767 0.773471296
v 1.61935115 0.588587224 0.770009696
v 1.61899137 0.582296133 0.769985378
v 1.61738443 0.576213241 0.770293891
v 1.61440134 0.570687175 0.771083713
v 1.61053777 0.565857232 0.772089183
v 1.60604191 0.561814606 0.773227394
v 1.60144234 0.558302283 0.774139404
v 1.59641123 0.555685043 0.775213063
v 1.59123397 0.553855181 0.776305497
v 1.58604074 0.552782655 0.777397394
v 1.58086276 0.552669406 0.778655827
v 1.57595491 0.553136706 0.779825151
v 1.57137251 0.553936303 0.780781329
v 1.56710792 0.555455565 0.781843364
v 1.56322265 0.557292342 0.782776296
v 1.55969405 0.559354424 0.783559084
v 1.55641723 0.561438501 0.784070373
v 1.55325508 0.56347394 0.784252107
v 1.54999304 0.565379083 0.78398937
v 1.54745102 0.568170726 0.784195781
v 1.54530048 0.571228802 0.784400046
v 1.54352665 0.574477315 0.78456974
v 1.54221582 0.57790643 0.784761369
v 1.54094338 0.581334114 0.784655809
v 1.53988314 0.584884584 0.784392476
v 1.53879142 0.588587165 0.783793151
v 1.53805137 0.592521191 0.783104777
v 1.53758049 0.596703827 0.782233953
v 1.53819561 0.600859761 0.781745017
v 1.53925252 0.605046749 0.781167388
v 1.54094863 0.609107435 0.780647218
v 1.54283834 0.613335252 0.77978164
v 1.54549217 0.617235899 0.779064238
v 1.54868674 0.620899081 0.778305173
v 1.55257821 0.623894036 0.777781248
v 1.55687547 0.626494706 0.777196407
v 1.56159377 0.628419936 0.776713252
v 1.56658721 0.629994094 0.776059389
v 1.571877 0.631258845 0.775175095
v 1.57741046 0.631668687 0.774405599
v 1.58302593 0.631162643 0.773772299
v 1.58849168 0.629600286 0.77338165
v 1.59385633 0.627451062 0.772891462
v 1.59911633 0.62475878 0.772253573
v 1.60398006 0.62125504 0.771712124
v 1.60825443 0.61696732 0.771320343
v 1.6117239 0.611968875 0.771144867
v 1.61483669 0.606658876 0.770756245
v 1.61722779 0.600920498 0.770405591
v 1.61878347 0.594851911 0.770131409
v 1.61687279 0.588587165 0.766974568
v 1.61645126 0.582617164 0.767011583
v 1.6148591 0.576861739 0.767400861
v 1.61213493 0.571584582 0.768168747
v 1.60857916 0.566934109 0.769156754
v 1.60443807 0.562979817 0.770256579
v 1.60011721 0.559546709 0.771168172
v 1.595433 0.556867898 0.772170305
v 1.59042954 0.555122972 0.773392677
v 1.58538795 0.554169953 0.774666131
v 1.58048368 0.55383569 0.775860131
v 1.57578349 0.554034829 0.776948214
v 1.57131505 0.554846227 0.778039038
v 1.56715274 0.556169927 0.779096901
v 1.56332922 0.557851315 0.780046821
v 1.5598371 0.559794962 0.780856967
v 1.55657959 0.561783671 0.781376243
v 1.5533812 0.563672781 0.781467974
v 1.5501895 0.565616727 0.781225741
v 1.54765582 0.568362951 0.781439602
v 1.5454874 0.571364641 0.781633317
v 1.54384184 0.574650586 0.78192997
v 1.54248118 0.578011513 0.782089829
v 1.54122734 0.581407011 0.781975091
v 1.54023767 0.584929407 0.781725347
v 1.53938651 0.588587165 0.781230032
v 1.53879571 0.592427135 0.780566275
v 1.53818631 0.596548319 0.779471219
v 1.53854346 0.600722075 0.778712571
v 1.53958654 0.604863167 0.778057635
v 1.54136825 0.608802497 0.777572513
v 1.54336381 0.612841725 0.776743829
v 1.54601097 0.6166085 0.775997937
v 1.54928493 0.619955897 0.775371671
v 1.55306005 0.622870147 0.774784207
v 1.55731392 0.625145495 0.774344981
v 1.56185651 0.627042234 0.773779809
v 1.56667638 0.628576219 0.773046434
v 1.57178068 0.629724085 0.772129118
v 1.57710528 0.630068064 0.771322548
v 1.58254075 0.629668772 0.77055198
v 1.58789968 0.628341734 0.769962013
v 1.59308791 0.626240075 0.769436061
v 1.59814358 0.623583078 0.768779457
v 1.60282278 0.620168209 0.768209219
v 1.60697508 0.616037667 0.767756283
v 1.61023045 0.61114794 0.767653465
v 1.61312389 0.605980694 0.7673195
v 1.61508918 0.600371361 0.767210126
v 1.61635947 0.594545543 0.767084599
v 1.61417699 0.588587105 0.764146924
v 1.61365986 0.582969666 0.764295161
v 1.61217308 0.577551663 0.764699221
v 1.60976648 0.5725227 0.765367627
v 1.60651994 0.568065882 0.766313732
v 1.60272264 0.564226091 0.767358959
v 1.59861851 0.560954571 0.768339694
v 1.59422612 0.558326364 0.769332588
v 1.58950734 0.556575656 0.770568073
v 1.58473086 0.555565953 0.771856427
v 1.58004522 0.555185497 0.773104191
v 1.57556605 0.555175662 0.774109423
v 1.57125139 0.555861831 0.775220811
v 1.56720614 0.557018697 0.776273549
v 1.56346965 0.558588326 0.777264357
v 1.56003118 0.560391724 0.778075278
v 1.55679607 0.562243819 0.778559148
v 1.55366778 0.564124107 0.778687239
v 1.55069375 0.566226125 0.778643727
v 1.54817677 0.568852186 0.778818011
v 1.54605579 0.571777582 0.7790277
v 1.54435635 0.574933469 0.779260695
v 1.54289365 0.57817477 0.779312134
v 1.5417347 0.581537306 0.779254436
v 1.54087019 0.585009336 0.779073715
v 1.54016209 0.588587224 0.778635621
v 1.53964615 0.592319727 0.777953804
v 1.5391891 0.596290708 0.776867807
v 1.53917623 0.600471377 0.775681555
v 1.54036832 0.604433537 0.775127709
v 1.54201174 0.608335078 0.774487853
v 1.54404831 0.612198949 0.773674667
v 1.54672956 0.61574012 0.772995591
v 1.54996729 0.618881047 0.772415102
v 1.55372405 0.621459484 0.772005856
v 1.55781388 0.623607039 0.771559119
v 1.56216359 0.625433862 0.770933628
v 1.5667851 0.626849473 0.77018249
v 1.57166505 0.627887189 0.769237995
v 1.57677484 0.62833488 0.768251002
v 1.58194089 0.627822995 0.767532885
v 1.58710837 0.626660049 0.76678586
v 1.59204984 0.624604702 0.766259134
v 1.59686518 0.622037947 0.765572965
v 1.60140467 0.618836522 0.764868617
v 1.60539293 0.61488837 0.764362156
v 1.60844159 0.610164404 0.764322937
v 1.61106229 0.60516423 0.764101923
v 1.61280489 0.599784732 0.764106452
v 1.61390662 0.594235718 0.76406914
v 1.61140513 0.588587165 0.761411965
v 1.61075473 0.583336651 0.761742234
v 1.60940194 0.578263164 0.762133121
v 1.60719728 0.573540151 0.762791574
v 1.60424089 0.569318891 0.763700247
v 1.60080838 0.565616906 0.764647722
v 1.59698415 0.562489331 0.765633523
v 1.59286928 0.559966564 0.766644716
v 1.58850813 0.558150053 0.767776489
v 1.58399701 0.557125866 0.769096494
v 1.57956386 0.556667149 0.770343602
v 1.57531452 0.556493938 0.771263599
v 1.57118654 0.556889534 0.772204578
v 1.56726408 0.55793637 0.773287594
v 1.56363463 0.559452772 0.774373591
v 1.56025887 0.561092913 0.77514863
v 1.55708313 0.562853396 0.775632799
v 1.55406117 0.564744353 0.775841057
v 1.55128002 0.566934824 0.775982797
v 1.54886198 0.569495738 0.776201665
v 1.54684782 0.572353065 0.776480913
v 1.54512215 0.575354576 0.776637614
v 1.54366326 0.578479528 0.776648223
v 1.54252934 0.581741333 0.776575446
v 1.54175329 0.585120857 0.776441991
v 1.54104877 0.588587165 0.775939703
v 1.54061174 0.592197776 0.775253773
v 1.54029226 0.596007526 0.774190366
v 1.54045653 0.599964499 0.773086667
v 1.54158854 0.603762567 0.772473156
v 1.54310918 0.607537925 0.771708608
v 1.54495573 0.61134696 0.770668626
v 1.54759288 0.614696741 0.770009935
v 1.55078745 0.617588758 0.769532084
v 1.55444145 0.619934201 0.769227087
v 1.55836248 0.621917784 0.768812418
v 1.5625248 0.623539984 0.768257678
v 1.56691146 0.624843001 0.767488718
v 1.57153225 0.62577951 0.766519368
v 1.57636786 0.626202464 0.765458822
v 1.58124661 0.625686467 0.764720023
v 1.58609843 0.624514461 0.763999403
v 1.5908823 0.622765064 0.763201714
v 1.59545708 0.620335639 0.762453318
v 1.5997448 0.617277682 0.761723161
v 1.60342169 0.613456249 0.761311948
v 1.60628271 0.608977675 0.761294723
v 1.60862303 0.604198575 0.761208475
v 1.61028576 0.599138081 0.761190593
v 1.6113255 0.593909681 0.761148155
v 1.60847092 0.588587284 0.758860826
v 1.60777974 0.583712518 0.759311974
v 1.60645795 0.579018652 0.759805799
v 1.60443211 0.574634671 0.760478854
v 1.60180068 0.57066071 0.761289954
v 1.59867454 0.567167222 0.76219368
v 1.59518266 0.564180374 0.763118923
v 1.59140992 0.561730564 0.76405704
v 1.58735847 0.559961855 0.7651757
v 1.58315134 0.558922708 0.766489506
v 1.57902551 0.558324397 0.767622232
v 1.57501912 0.558042407 0.768473029
v 1.57110572 0.558173239 0.769203246
v 1.56733823 0.55911386 0.77031076
v 1.56383586 0.560507953 0.771422148
v 1.56054449 0.561972201 0.772127509
v 1.55748963 0.563717663 0.772713661
v 1.55459642 0.565587997 0.773002684
v 1.55197239 0.567771673 0.773266494
v 1.54959345 0.570182443 0.773417532
v 1.54765511 0.572939515 0.773728669
v 1.54601479 0.575845301 0.773931205
v 1.54467368 0.578879535 0.774023414
v 1.54355359 0.582004249 0.773906767
v 1.54277968 0.585250497 0.773727775
v 1.5421164 0.588587105 0.773194671
v 1.54178309 0.592049718 0.772547245
v 1.54163241 0.595663488 0.771576703
v 1.54190612 0.599390626 0.770527005
v 1.54292369 0.603028417 0.769787669
v 1.54440856 0.606593609 0.769014955
v 1.54610515 0.610267341 0.767797291
v 1.54864502 0.613424897 0.767134964
v 1.55172396 0.616112947 0.766705573
v 1.55520558 0.618310332 0.766413152
v 1.55895233 0.620102882 0.766074657
v 1.56291461 0.62149626 0.765645981
v 1.5670495 0.62264818 0.764911175
v 1.57138872 0.62349993 0.763908446
v 1.57591248 0.623816609 0.762871623
v 1.58049893 0.623385131 0.762021303
v 1.58503819 0.622261405 0.761284232
v 1.58958626 0.620722651 0.760291755
v 1.5938437 0.618385255 0.759572446
v 1.59774661 0.615401745 0.758987784
v 1.6010592 0.611739635 0.758730948
v 1.60383725 0.607632995 0.758560121
v 1.60599399 0.603157818 0.758505642
v 1.60752702 0.598429978 0.758508682
v 1.6084311 0.593544066 0.758540988
v 1.60535097 0.588587105 0.756550431
v 1.60468817 0.584102929 0.757061183
v 1.60341096 0.579800785 0.757663071
v 1.60158396 0.575761974 0.758320391
v 1.59924936 0.572063446 0.759042561
v 1.59640265 0.568817675 0.759933889
v 1.59324169 0.566003025 0.760795176
v 1.58974957 0.56373775 0.761787832
v 1.58603573 0.562045991 0.76288116
v 1.58220029 0.560944021 0.764065564
v 1.57838774 0.560286641 0.765128791
v 1.57464767 0.559988499 0.765989602
v 1.57099342 0.559956849 0.766562402
v 1.56743598 0.560667753 0.76751703
v 1.5640893 0.561836123 0.768510222
v 1.56092167 0.563132942 0.769138634
v 1.55801034 0.564824283 0.769810736
v 1.55528045 0.566665649 0.770211697
v 1.55272818 0.568685472 0.770391583
v 1.55049324 0.571027458 0.770629168
v 1.54865432 0.57366544 0.770984411
v 1.54711223 0.576448679 0.771238804
v 1.54586005 0.57934922 0.771375418
v 1.54484177 0.582334876 0.771313667
v 1.54405951 0.585412204 0.771056712
v 1.54345298 0.588587224 0.770511329
v 1.54320598 0.59187001 0.769903719
v 1.54327035 0.595243096 0.769140184
v 1.54360986 0.598716199 0.768132329
v 1.54455733 0.602130473 0.767331719
v 1.54592133 0.605494618 0.766458154
v 1.5477159 0.608754933 0.765524268
v 1.55003595 0.611743569 0.764731646
v 1.55290866 0.614246786 0.76428026
v 1.55612421 0.61635828 0.763875842
v 1.55962443 0.618034244 0.763513327
v 1.56333447 0.619296908 0.76311022
v 1.56719851 0.620279372 0.762451828
v 1.57123232 0.621012688 0.761467159
v 1.57543397 0.621307552 0.760367453
v 1.57971454 0.620970845 0.759377003
v 1.58392835 0.619902611 0.758627832
v 1.58802938 0.618269384 0.757895231
v 1.59193707 0.616080761 0.75718832
v 1.5955379 0.613327622 0.756573915
v 1.59853339 0.609904647 0.756404519
v 1.60110927 0.606133461 0.756198168
v 1.60305882 0.601995707 0.756196618
v 1.6044209 0.597632349 0.756267488
v 1.60528445 0.593146503 0.756256163
v 1.60194945 0.588587046 0.754675508
v 1.60138249 0.5845204 0.755154073
v 1.60026193 0.580609441 0.755719841
v 1.59863901 0.576928496 0.75634402
v 1.59653974 0.573553205 0.757056653
v 1.59402919 0.570542037 0.757836699
v 1.5911634 0.567954779 0.758697212
v 1.58802414 0.565823495 0.759612918
v 1.58464622 0.564235806 0.76069212
v 1.58116245 0.563149512 0.761810422
v 1.5776825 0.562456846 0.762790382
v 1.57424092 0.562121212 0.763608277
v 1.57085705 0.562127113 0.764269948
v 1.56756043 0.56264931 0.765073061
v 1.56442833 0.563613474 0.765941381
v 1.56145048 0.564760029 0.766510963
v 1.55868173 0.566251457 0.767076731
v 1.55613732 0.568015933 0.767570019
v 1.55378723 0.56996572 0.767871916
v 1.5516932 0.572154343 0.768121183
v 1.5499289 0.574591577 0.7684201
v 1.54851484 0.577219725 0.768749893
v 1.54729009 0.579915583 0.768810928
v 1.54627466 0.582702875 0.768649995
v 1.54545975 0.585589111 0.768250465
v 1.54495168 0.588587224 0.767759681
v 1.54475975 0.591673791 0.767166734
v 1.54497409 0.594805658 0.766587019
v 1.54540992 0.598003328 0.765703559
v 1.54624462 0.601202548 0.76477015
v 1.54758883 0.604283094 0.763976753
v 1.54938984 0.607183218 0.763266921
v 1.55157566 0.609882176 0.762541175
v 1.55420899 0.612197518 0.762040317
v 1.55714631 0.614186704 0.761535585
v 1.56039858 0.615651608 0.761281788
v 1.56380725 0.616817534 0.760848463
v 1.56735873 0.617734253 0.760133386
v 1.57106686 0.618380547 0.759138286
v 1.57490897 0.618555188 0.758129895
v 1.57881761 0.618210316 0.757147968
v 1.58265495 0.61719656 0.756424844
v 1.58636975 0.615654528 0.755749106
v 1.58989382 0.613610506 0.755105674
v 1.59306598 0.611005664 0.754687309
v 1.5958755 0.607973576 0.754330993
v 1.59820437 0.604536593 0.754138172
v 1.59992695 0.600755513 0.754216969
v 1.6011405 0.596789956 0.754327059
v 1.60187221 0.592715502 0.754395485
v 1.59843612 0.588587165 0.753073335
v 1.59799004 0.584949136 0.753459811
v 1.59702039 0.581442177 0.753985226
v 1.59560013 0.578131676 0.754567921
v 1.59375572 0.575083494 0.755227864
v 1.59155202 0.572341979 0.755925119
v 1.58901811 0.569969475 0.756708205
v 1.5862174 0.568007231 0.757573664
v 1.58318925 0.566531539 0.758616269
v 1.58006668 0.565478206 0.759650946
v 1.57692409 0.564790666 0.760572016
v 1.57380128 0.564424813 0.761323631
v 1.5707128 0.5644207 0.762004972
v 1.56769872 0.564845264 0.762759984
v 1.56481218 0.565624475 0.76349169
v 1.56208181 0.56670332 0.764142513
v 1.55950689 0.568004966 0.764609039
v 1.55713892 0.569594085 0.765057564
v 1.5550189 0.571454287 0.765518129
v 1.55309868 0.573474228 0.765799165
v 1.55141997 0.575674832 0.765993237
v 1.55004215 0.578059435 0.766196549
v 1.54887867 0.580544472 0.766206324
v 1.54791689 0.583124638 0.765997648
v 1.54718685 0.585807264 0.765616357
v 1.5467329 0.588587165 0.765120447
v 1.54662275 0.591438413 0.764606416
v 1.54684496 0.594324946 0.764032543
v 1.54736423 0.597229481 0.763314605
v 1.54818439 0.60013628 0.762432396
v 1.54945445 0.602927566 0.761679351
v 1.55118656 0.60549587 0.761141121
v 1.55323792 0.607872665 0.760556459
v 1.55562139 0.609971285 0.760028541
v 1.55828142 0.611774266 0.759497344
v 1.56121564 0.613137364 0.759164155
v 1.56430888 0.614187837 0.758722901
v 1.56753206 0.614979684 0.758044481
v 1.57088399 0.615474164 0.757164896
v 1.57433605 0.615551889 0.756257117
v 1.5778296 0.615169525 0.755369782
v 1.58128119 0.614277124 0.754585087
v 1.58457971 0.612833738 0.754008889
v 1.58772445 0.610988379 0.753377736
v 1.59056067 0.608653009 0.752952099
v 1.59311318 0.605966628 0.75249815
v 1.59518313 0.60287559 0.752334714
v 1.59669638 0.599476397 0.752474368
v 1.59775376 0.595920146 0.752640665
v 1.59834647 0.592270136 0.752821326
v 1.59486675 0.588587165 0.751685143
v 1.59451747 0.585387826 0.75199306
v 1.59369206 0.582296908 0.752475441
v 1.59246898 0.579371512 0.753014982
v 1.59087253 0.576668262 0.753625154
v 1.58894157 0.574238181 0.754309177
v 1.58671808 0.572129428 0.755076587
v 1.58426332 0.570369959 0.755903125
v 1.58163762 0.568976581 0.756769121
v 1.57890201 0.567953229 0.757646322
v 1.57611465 0.567282557 0.758483887
v 1.57332397 0.566927016 0.759211004
v 1.57055521 0.566925287 0.759929419
v 1.56784964 0.567246079 0.760596514
v 1.56524014 0.567869365 0.761202753
v 1.56276584 0.568808317 0.761814713
v 1.56045079 0.570010483 0.76236701
v 1.55829716 0.571418941 0.762776434
v 1.55633974 0.573051095 0.76312995
v 1.5545845 0.574869692 0.763389349
v 1.55306101 0.576867104 0.7635957
v 1.55175853 0.579003036 0.763687789
v 1.55068016 0.581257999 0.763656139
v 1.54981494 0.583612025 0.763456941
v 1.54920578 0.586062253 0.763166785
v 1.54881668 0.588587165 0.762688875
v 1.54871488 0.591174185 0.762139082
v 1.5489192 0.5937922 0.761536956
v 1.54952455 0.596374094 0.761074781
v 1.550385 0.598926723 0.76043272
v 1.55156517 0.601394296 0.759756207
v 1.5530839 0.603714049 0.759113371
v 1.55495882 0.605792284 0.758630633
v 1.55710268 0.607637525 0.758147597
v 1.55947542 0.609236658 0.757610559
v 1.56208777 0.61045295 0.757258177
v 1.56484175 0.611394942 0.756784916
v 1.56771493 0.612070441 0.756139636
v 1.57069111 0.612408459 0.75543642
v 1.57374239 0.612439156 0.754577518
v 1.57680798 0.612025678 0.753824949
v 1.57982802 0.611189365 0.753129065
v 1.5827136 0.609893441 0.752599001
v 1.58543348 0.608219504 0.752092779
v 1.58794236 0.606194377 0.751590908
v 1.59018993 0.603842199 0.751105607
v 1.59195495 0.601100504 0.751060724
v 1.59332037 0.598139763 0.751112938
v 1.59425688 0.595022321 0.751264691
v 1.59477758 0.591819346 0.751448214
v 1.5911727 0.588587165 0.750707865
v 1.59087873 0.585847497 0.751008689
v 1.59019089 0.583195984 0.751450777
v 1.58917522 0.580675721 0.751914978
v 1.58782434 0.578343987 0.752482533
v 1.58617759 0.576245964 0.753142238
v 1.58429146 0.574408174 0.753839254
v 1.58222175 0.572837651 0.754511058
v 1.58000588 0.571547985 0.755153477
v 1.57766938 0.570572734 0.755824924
v 1.57525969 0.569913805 0.756503403
v 1.57281756 0.569582164 0.757210732
v 1.57038808 0.569580317 0.757960021
v 1.56801152 0.569818914 0.758549929
v 1.56570816 0.570322752 0.759072542
v 1.56351471 0.571113408 0.759619415
v 1.56144762 0.572129011 0.760072887
v 1.55951023 0.573330641 0.760368109
v 1.55775833 0.57476604 0.760693192
v 1.55619812 0.576385021 0.760971665
v 1.55482745 0.578150213 0.761141956
v 1.55367136 0.580054522 0.761251032
v 1.55272579 0.582067788 0.761255741
v 1.55199218 0.584170938 0.761137128
v 1.55148506 0.586349964 0.760914564
v 1.55119276 0.588587165 0.760540485
v 1.55114341 0.590867341 0.760064542
v 1.55136132 0.5931651 0.759528875
v 1.55189872 0.59543401 0.759057701
v 1.55271149 0.597647786 0.758545101
v 1.55379319 0.599775791 0.757984698
v 1.55512619 0.601796448 0.757338285
v 1.55674171 0.603637516 0.756753147
v 1.55863214 0.605227232 0.75632143
v 1.5607276 0.606575608 0.755895793
v 1.56300068 0.607643306 0.755509794
v 1.56540632 0.608435154 0.755091429
v 1.56791019 0.608967066 0.754561782
v 1.57049131 0.609233022 0.753903449
v 1.57312727 0.609215081 0.753129721
v 1.5757637 0.608812749 0.752472341
v 1.57833409 0.608014405 0.751966953
v 1.58078527 0.606854796 0.751559138
v 1.58308697 0.605383039 0.751158953
v 1.58520555 0.603624165 0.750742912
v 1.58707213 0.601577163 0.750412762
v 1.58861423 0.599264205 0.750256956
v 1.58979607 0.596744597 0.75026381
v 1.59059978 0.594083548 0.750407696
v 1.59106326 0.591350436 0.750548542
v 1.58741593 0.588587165 0.750114262
v 1.58718801 0.586314142 0.750370264
v 1.58664894 0.584105253 0.750718176
v 1.58582687 0.58200115 0.751114964
v 1.58472896 0.580045402 0.751601279
v 1.58339453 0.578268349 0.752127767
v 1.58185291 0.576698422 0.752690315
v 1.58014584 0.575346529 0.753245354
v 1.57830787 0.574223399 0.753764689
v 1.57635212 0.573371947 0.754354656
v 1.57432508 0.572789848 0.754973471
v 1.57226729 0.572467566 0.755574763
v 1.57020903 0.572428524 0.756236255
v 1.56818771 0.572618365 0.75680995
v 1.56622267 0.573019445 0.757266998
v 1.56433821 0.573647261 0.757688224
v 1.56254268 0.574455798 0.757962584
v 1.56084681 0.575436532 0.758090794
v 1.55931163 0.576643586 0.758313954
v 1.55794024 0.578021049 0.758511245
v 1.55674958 0.579546988 0.758677721
v 1.55576587 0.581205964 0.758853137
v 1.55496478 0.582954109 0.758912146
v 1.55435586 0.584777713 0.758865595
v 1.5539465 0.58666116 0.758716762
v 1.55373454 0.588587165 0.758445084
v 1.55373764 0.590539336 0.758083224
v 1.55396867 0.592495859 0.757660985
v 1.55444717 0.594425082 0.757235587
v 1.55518842 0.596286178 0.756868124
v 1.5561409 0.598069906 0.756411076
v 1.55729413 0.599760592 0.755839884
v 1.55867267 0.601303816 0.755294085
v 1.5602777 0.602634549 0.754892707
v 1.5620575 0.603749156 0.754531682
v 1.56397462 0.604645848 0.754145265
v 1.56600261 0.60530901 0.753728271
v 1.56811404 0.605727077 0.753275573
v 1.57028222 0.60591048 0.752721727
v 1.57248378 0.605841279 0.752096176
v 1.57467175 0.605451763 0.751592517
v 1.57679844 0.604750514 0.751197159
v 1.57882428 0.603764772 0.750860572
v 1.58071876 0.602520108 0.750537634
v 1.58245492 0.601041138 0.750203311
v 1.58398008 0.599330902 0.7499488
v 1.58524299 0.597410917 0.749834657
v 1.58623981 0.595336735 0.749777019
v 1.58693147 0.593141913 0.749839842
v 1.58732152 0.590877295 0.749963999
v 1.58368015 0.588587165 0.749751925
v 1.58351755 0.586777568 0.749938011
v 1.58311605 0.585011542 0.75018084
v 1.58248687 0.583323777 0.750472724
v 1.58163881 0.581744909 0.750837684
v 1.58059859 0.580299914 0.751235425
v 1.57938457 0.579016209 0.75168097
v 1.57802129 0.577914894 0.752182066
v 1.576545 0.576999962 0.75267148
v 1.57498097 0.576284826 0.753153682
v 1.57335472 0.575776875 0.753635645
v 1.57169151 0.575486004 0.754139125
v 1.57002115 0.575413525 0.754664302
v 1.5683713 0.575536728 0.755135655
v 1.56676006 0.575837076 0.755501688
v 1.56520557 0.576317132 0.755800784
v 1.56372428 0.576966703 0.75602603
v 1.56232977 0.577773333 0.756159842
v 1.56105089 0.578745961 0.756293297
v 1.55990815 0.579868615 0.756432652
v 1.55891061 0.581116557 0.756535947
v 1.5580709 0.582473099 0.756603241
v 1.55740952 0.583922625 0.756673932
v 1.55691791 0.58543551 0.756673813
v 1.55658698 0.586994827 0.756548464
v 1.55643559 0.588587165 0.756354451
v 1.55647659 0.59019345 0.756124198
v 1.55670357 0.591794193 0.755830288
v 1.55712271 0.59336561 0.755497456
v 1.55774522 0.594880104 0.755186141
v 1.55855989 0.596312225 0.754883766
v 1.55953622 0.597655118 0.754485488
v 1.56068015 0.598877013 0.75407517
v 1.56199074 0.599935472 0.753750086
v 1.56343746 0.600817442 0.753456593
v 1.56498837 0.60152638 0.753117979
v 1.56662369 0.60205251 0.752726138
v 1.56832457 0.602377534 0.752308726
v 1.57006741 0.602494836 0.751859605
v 1.57182598 0.602392554 0.751404822
v 1.57356715 0.602051854 0.751012087
v 1.57525754 0.601476669 0.750677943
v 1.57686472 0.600676954 0.750396371
v 1.5783627 0.599671841 0.750137448
v 1.57972956 0.59848249 0.749876738
v 1.58093476 0.597118974 0.749652326
v 1.58194184 0.595596671 0.74951756
v 1.58273101 0.593947172 0.749471426
v 1.58328295 0.592205107 0.749524295
v 1.58359814 0.590406895 0.749628365
v 1.57998037 0.588587165 0.749606192
v 1.57986379 0.587237716 0.74976784
v 1.5795722 0.585921228 0.749972284
v 1.57911563 0.584658563 0.750198364
v 1.57850146 0.583469629 0.750453353
v 1.57773972 0.582377017 0.750750661
v 1.57684469 0.581401169 0.751096129
v 1.57583904 0.580553234 0.751457632
v 1.57474184 0.579841793 0.751818299
v 1.57357168 0.579279959 0.752186775
v 1.5723474 0.57887733 0.752579391
v 1.57109213 0.578628182 0.752941966
v 1.56982517 0.578531325 0.753263891
v 1.56856322 0.578588843 0.753560007
v 1.56732583 0.578802645 0.753851235
v 1.56613016 0.579162836 0.754118919
v 1.56498837 0.579652727 0.754300892
v 1.56391191 0.580266237 0.754396677
v 1.56291747 0.581002533 0.754453063
v 1.56202793 0.581859052 0.754531443
v 1.56125069 0.58281678 0.75459522
v 1.56059217 0.583858967 0.754608154
v 1.56006312 0.584972799 0.754583895
v 1.55966926 0.586141229 0.75451529
v 1.55942035 0.58735162 0.754424036
v 1.55932283 0.588587165 0.754322946
v 1.55938005 0.589827836 0.754214644
v 1.559587 0.591054082 0.75407809
v 1.55994153 0.592249572 0.753911853
v 1.56043768 0.593400002 0.753701508
v 1.5610745 0.594485283 0.753477216
v 1.56184578 0.595485985 0.753250003
v 1.56273842 0.596388102 0.753011107
v 1.56373954 0.597179472 0.752750576
v 1.56483674 0.597843826 0.752472937
v 1.5660131 0.598372281 0.75217104
v 1.5672524 0.598757207 0.751838923
v 1.56853819 0.598984003 0.75151068
v 1.56985021 0.599043667 0.751201868
v 1.57116604 0.598933637 0.750914693
v 1.57246399 0.598656118 0.750641286
v 1.57372189 0.598213553 0.750374675
v 1.57491755 0.597608984 0.750132024
v 1.57602835 0.596849859 0.74993062
v 1.577034 0.59595114 0.749763191
v 1.57791853 0.594927847 0.749617755
v 1.57866406 0.593795061 0.749501228
v 1.57925344 0.592570186 0.749438703
v 1.57967305 0.591278493 0.749437928
v 1.579916 0.58994323 0.749496937
v 1.57630134 0.588587165 0.749861777
v 1.576231 0.587698519 0.749975443
v 1.57604647 0.586826682 0.750115335
v 1.57575226 0.585989356 0.750278592
v 1.57535458 0.5851987 0.750459075
v 1.57486081 0.584468007 0.750656247
v 1.57427979 0.58381021 0.75087285
v 1.57362247 0.583233058 0.751094639
v 1.57290125 0.582743406 0.751312733
v 1.57212806 0.582348645 0.751524508
v 1.57131481 0.582055271 0.751730561
v 1.57047439 0.581866324 0.751932204
v 1.56962037 0.581783891 0.752129555
v 1.56876588 0.581808746 0.752323031
v 1.56792426 0.581939876 0.752510846
v 1.56710768 0.582172096 0.75268501
v 1.56632876 0.582501054 0.752837539
v 1.56559634 0.582920909 0.752949119
v 1.56492043 0.583424389 0.753021479
v 1.56431055 0.58400315 0.753054976
v 1.56377292 0.584649086 0.753043592
v 1.56331563 0.585355759 0.75298667
v 1.56294823 0.586113989 0.752912819
v 1.56267953 0.586913764 0.752849042
v 1.56251597 0.587744176 0.752806962
v 1.56245995 0.588587165 0.752781212
v 1.56250882 0.589431047 0.752750337
v 1.56265926 0.590265155 0.752684593
v 1.56290865 0.59107554 0.752584457
v 1.56325603 0.591851294 0.752461672
v 1.5636971 0.592580438 0.752316475
v 1.56422591 0.593250573 0.752156556
v 1.56483555 0.59385252 0.751988292
v 1.56551766 0.594376683 0.7518121
v 1.56626248 0.594813824 0.751624823
v 1.56705761 0.59515667 0.751422346
v 1.56789303 0.595398605 0.751217127
v 1.56875539 0.595533967 0.751015484
v 1.5696311 0.595559716 0.750812709
v 1.57050657 0.595475733 0.750605464
v 1.57136798 0.595282614 0.750396967
v 1.57220054 0.594980836 0.75020051
v 1.5729897 0.594570816 0.750033379
v 1.57372093 0.594059765 0.749902606
v 1.57438016 0.593458354 0.749805033
v 1.57495689 0.592776179 0.749736965
v 1.57544088 0.592023194 0.74969703
v 1.57582331 0.591212988 0.749686718
v 1.57609677 0.590360641 0.749711752
v 1.57625675 0.589479089 0.749772072
v 1.57270336 0.588587165 0.750310183
v 1.57267141 0.588146031 0.750380516
v 1.57258391 0.587718189 0.750459313
v 1.57244301 0.587302566 0.750544727
v 1.57225084 0.586906731 0.750635326
v 1.57201099 0.586538434 0.750729203
v 1.57172799 0.586205602 0.750824809
v 1.57140541 0.58591336 0.750920951
v 1.57104945 0.585662127 0.751016855
v 1.57066536 0.58545655 0.751112282
v 1.57025957 0.585301697 0.751207054
v 1.56983829 0.585200071 0.751301289
v 1.56940842 0.585152388 0.751394629
v 1.56897664 0.585158467 0.751485944
v 1.56854963 0.585217834 0.751573086
v 1.56813383 0.585329831 0.751652479
v 1.56773591 0.585492134 0.751720607
v 1.56736135 0.585701227 0.751774371
v 1.56701565 0.585955918 0.751812279
v 1.56670403 0.586250126 0.751834095
v 1.56643105 0.586580276 0.751838088
v 1.56620121 0.586943507 0.751826167
v 1.56601691 0.587332249 0.751802623
v 1.56588221 0.58773905 0.751771092
v 1.56579971 0.588156998 0.751734436
v 1.56577015 0.588587165 0.751694024
v 1.56579423 0.589017987 0.751650214
v 1.56587172 0.589437962 0.751601934
v 1.56600142 0.58984828 0.751544833
v 1.56618094 0.59024173 0.751477242
v 1.5664084 0.590610564 0.75140059
v 1.56667995 0.590946972 0.751316011
v 1.56699157 0.59124589 0.751225471
v 1.56733918 0.591505945 0.751132488
v 1.56771731 0.591721892 0.751038194
v 1.56812 0.591888785 0.750943065
v 1.56854105 0.592002928 0.75084734
v 1.56897378 0.592063129 0.750751674
v 1.56941128 0.59206897 0.750656664
v 1.56984711 0.592020214 0.750563204
v 1.57027411 0.591916323 0.750472784
v 1.57068515 0.591759622 0.750387788
v 1.57107377 0.591552615 0.750311315
v 1.57143331 0.591295958 0.750247538
v 1.57175708 0.590996206 0.750199795
v 1.57204032 0.590656996 0.750170887
v 1.57227731 0.590282321 0.750161946
v 1.57246518 0.589880526 0.750173211
v 1.57259989 0.589460194 0.750203788
v 1.57267952 0.589029372 0.750250638
g 
f 1 3 4 1
f 1 4 5 1
f 1 5 6 1
f 1 6 7 1
f 1 7 8 1
f 1 8 9 1
f 1 9 10 1
f 1 10 11 1
f 1 11 12 1
f 1 12 13 1
f 1 13 14 1
f 1 14 15 1
f 1 15 16 1
f 1 16 17 1
f 1 17 18 1
f 1 18 19 1
f 1 19 20 1
f 1 20 21 1
f 1 21 22 1
f 1 22 23 1
f 1 23 24 1
f 1 24 25 1
f 1 25 26 1
f 1 26 27 1
f 1 27 28 1
f 1 28 29 1
f 1 29 30 1
f 1 30 31 1
f 1 31 32 1
f 1 32 33 1
f 1 33 34 1
f 1 34 35 1
f 1 35 36 1
f 1 36 37 1
f 1 37 38 1
f 1 38 39 1
f 1 39 40 1
f 1 40 41 1
f 1 41 42 1
f 1 42 43 1
f 1 43 44 1
f 1 44 45 1
f 1 45 46 1
f 1 46 47 1
f 1 47 48 1
f 1 48 49 1
f 1 49 50 1
f 1 50 51 1
f 1 51 52 1
f 1 52 3 1
f 3 53 54 4
f 4 54 55 5
f 5 55 56 6
f 6 56 57 7
f 7 57 58 8
f 8 58 59 9
f 9 59 60 10
f 10 60 61 11
f 11 61 62 12
f 12 62 63 13
f 13 63 64 14
f 14 64 65 15
f 15 65 66 16
f 16 66 67 17
f 17 67 68 18
f 18 68 69 19
f 19 69 70 20
f 20 70 71 21
f 21 71 72 22
f 22 72 73 23
f 23 73 74 24
f 24 74 75 25
f 25 75 76 26
f 26 76 77 27
f 27 77 78 28
f 28 78 79 29
f 29 79 80 30
f 30 80 81 31
f 31 81 82 32
f 32 82 83 33
f 33 83 84 34
f 34 84 85 35
f 35 85 86 36
f 36 86 87 37
f 37 87 88 38
f 38 88 89 39
f 39 89 90 40
f 40 90 91 41
f 41 91 92 42
f 42 92 93 43
f 43 93 94 44
f 44 94 95 45
f 45 95 96 46
f 46 96 97 47
f 47 97 98 48
f 48 98 99 49
f 49 99 100 50
f 50 100 101 51
f 51 101 102 52
f 52 102 53 3
f 53 103 104 54
f 54 104 105 55
f 55 105 106 56
f 56 106 107 57
f 57 107 108 58
f 58 108 109 59
f 59 109 110 60
f 60 110 111 61
f 61 111 112 62
f 62 112 113 63
f 63 113 114 64
f 64 114 115 65
f 65 115 116 66
f 66 116 117 67
f 67 117 118 68
f 68 118 119 69
f 69 119 120 70
f 70 120 121 71
f 71 121 122 72
f 72 122 123 73
f 73 123 124 74
f 74 124 125 75
f 75 125 126 76
f 76 126 127 77
f 77 127 128 78
f 78 128 129 79
f 79 129 130 80
f 80 130 131 81
f 81 131 132 82
f 82 132 133 83
f 83 133 134 84
f 84 134 135 85
f 85 135 136 86
f 86 136 137 87
f 87 137 138 88
f 88 138 139 89
f 89 139 140 90
f 90 140 141 91
f 91 141 142 92
f 92 142 143 93
f 93 143 144 94
f 94 144 145 95
f 95 145 146 96
f 96 146 147 97
f 97 147 148 98
f 98 148 149 99
f 99 149 150 100
f 100 150 151 101
f 101 151 152 102
f 102 152 103 53
f 103 153 154 104
f 104 154 155 105
f 105 155 156 106
f 106 156 157 107
f 107 157 158 108
f 108 158 159 109
f 109 159 160 110
f 110 160 161 111
f 111 161 162 112
f 112 162 163 113
f 113 163 164 114
f 114 164 165 115
f 115 165 166 116
f 116 166 167 117
f 117 167 168 118
f 118 168 169 119
f 119 169 170 120
f 120 170 171 121
f 121 171 172 122
f 122 172 173 123
f 123 173 174 124
f 124 174 175 125
f 125 175 176 126
f 126 176 177 127
f 127 177 178 128
f 128 178 179 129
f 129 179 180 130
f 130 180 181 131
f 131 181 182 132
f 132 182 183 133
f 133 183 184 134
f 134 184 185 135
f 135 185 186 136
f 136 186 187 137
f 137 187 188 138
f 138 188 189 139
f 139 189 190 140
f 140 190 191 141
f 141 191 192 142
f 142 192 193 143
f 143 193 194 144
f 144 194 195 145
f 145 195 196 146
f 146 196 197 147
f 147 197 198 148
f 148 198 199 149
f 149 199 200 150
f 150 200 201 151
f 151 201 202 152
f 152 202 153 103
f 153 203 204 154
f 154 204 205 155
f 155 205 206 156
f 156 206 207 157
f 157 207 208 158
f 158 208 209 159
f 159 209 210 160
f 160 210 211 161
f 161 211 212 162
f 162 212 213 163
f 163 213 214 164
f 164 214 215 165
f 165 215 216 166
f 166 216 217 167
f 167 217 218 168
f 168 218 219 169
f 169 219 220 170
f 170 220 221 171
f 171 221 222 172
f 172 222 223 173
f 173 223 224 174
f 174 224 225 175
f 175 225 226 176
f 176 226 227 177
f 177 227 228 178
f 178 228 229 179
f 179 229 230 180
f 180 230 231 181
f 181 231 232 182
f 182 232 233 183
f 183 233 234 184
f 184 234 235 185
f 185 235 236 186
f 186 236 237 187
f 187 237 238 188
f 188 238 239 189
f 189 239 240 190
f 190 240 241 191
f 191 241 242 192
f 192 242 243 193
f 193 243 244 194
f 194 244 245 195
f 195 245 246 196
f 196 246 247 197
f 197 247 248 198
f 198 248 249 199
f 199 249 250 200
f 200 250 251 201
f 201 251 252 202
f 202 252 203 153
f 203 253 254 204
f 204 254 255 205
f 205 255 256 206
f 206 256 257 207
f 207 257 258 208
f 208 258 259 209
f 209 259 260 210
f 210 260 261 211
f 211 261 262 212
f 212 262 263 213
f 213 263 264 214
f 214 264 265 215
f 215 265 266 216
f 216 266 267 217
f 217 267 268 218
f 218 268 269 219
f 219 269 270 220
f 220 270 271 221
f 221 271 272 222
f 222 272 273 223
f 223 273 274 224
f 224 274 275 225
f 225 275 276 226
f 226 276 277 227
f 227 277 278 228
f 228 278 279 229
f 229 279 280 230
f 230 280 281 231
f 231 281 282 232
f 232 282 283 233
f 233 283 284 234
f 234 284 285 235
f 235 285 286 236
f 236 286 287 237
f 237 287 288 238
f 238 288 289 239
f 239 289 290 240
f 240 290 291 241
f 241 291 292 242
f 242 292 293 243
f 243 293 294 244
f 244 294 295 245
f 245 295 296 246
f 246 296 297 247
f 247 297 298 248
f 248 298 299 249
f 249 299 300 250
f 250 300 301 251
f 251 301 302 252
f 252 302 253 203
f 253 303 304 254
f 254 304 305 255
f 255 305 306 256
f 256 306 307 257
f 257 307 308 258
f 258 308 309 259
f 259 309 310 260
f 260 310 311 261
f 261 311 312 262
f 262 312 313 263
f 263 313 314 264
f 264 314 315 265
f 265 315 316 266
f 266 316 317 267
f 267 317 318 268
f 268 318 319 269
f 269 319 320 270
f 270 320 321 271
f 271 321 322 272
f 272 322 323 273
f 273 323 324 274
f 274 324 325 275
f 275 325 326 276
f 276 326 327 277
f 277 327 328 278
f 278 328 329 279
f 279 329 330 280
f 280 330 331 281
f 281 331 332 282
f 282 332 333 283
f 283 333 334 284
f 284 334 335 285
f 285 335 336 286
f 286 336 337 287
f 287 337 338 288
f 288 338 339 289
f 289 339 340 290
f 290 340 341 291
f 291 341 342 292
f 292 342 343 293
f 293 343 344 294
f 294 344 345 295
f 295 345 346 296
f 296 346 347 297
f 297 347 348 298
f 298 348 349 299
f 299 349 350 300
f 300 350 351 301
f 301 351 352 302
f 302 352 303 253
f 303 353 354 304
f 304 354 355 305
f 305 355 356 306
f 306 356 357 307
f 307 357 358 308
f 308 358 359 309
f 309 359 360 310
f 310 360 361 311
f 311 361 362 312
f 312 362 363 313
f 313 363 364 314
f 314 364 365 315
f 315 365 366 316
f 316 366 367 317
f 317 367 368 318
f 318 368 369 319
f 319 369 370 320
f 320 370 371 321
f 321 371 372 322
f 322 372 373 323
f 323 373 374 324
f 324 374 375 325
f 325 375 376 326
f 326 376 377 327
f 327 377 378 328
f 328 378 379 329
f 329 379 380 330
f 330 380 381 331
f 331 381 382 332
f 332 382 383 333
f 333 383 384 334
f 334 384 385 335
f 335 385 386 336
f 336 386 387 337
f 337 387 388 338
f 338 388 389 339
f 339 389 390 340
f 340 390 391 341
f 341 391 392 342
f 342 392 393 343
f 343 393 394 344
f 344 394 395 345
f 345 395 396 346
f 346 396 397 347
f 347 397 398 348
f 348 398 399 349
f 349 399 400 350
f 350 400 401 351
f 351 401 402 352
f 352 402 353 303
f 353 403 404 354
f 354 404 405 355
f 355 405 406 356
f 356 406 407 357
f 357 407 408 358
f 358 408 409 359
f 359 409 410 360
f 360 410 411 361
f 361 411 412 362
f 362 412 413 363
f 363 413 414 364
f 364 414 415 365
f 365 415 416 366
f 366 416 417 367
f 367 417 418 368
f 368 418 419 369
f 369 419 420 370
f 370 420 421 371
f 371 421 422 372
f 372 422 423 373
f 373 423 424 374
f 374 424 425 375
f 375 425 426 376
f 376 426 427 377
f 377 427 428 378
f 378 428 429 379
f 379 429 430 380
f 380 430 431 381
f 381 431 432 382
f 382 432 433 383
f 383 433 434 384
f 384 434 435 385
f 385 435 436 386
f 386 436 437 387
f 387 437 438 388
f 388 438 439 389
f 389 439 440 390
f 390 440 441 391
f 391 441 442 392
f 392 442 443 393
f 393 443 444 394
f 394 444 445 395
f 395 445 446 396
f 396 446 447 397
f 397 447 448 398
f 398 448 449 399
f 399 449 450 400
f 400 450 451 401
f 401 451 452 402
f 402 452 403 353
f 403 453 454 404
f 404 454 455 405
f 405 455 456 406
f 406 456 457 407
f 407 457 458 408
f 408 458 459 409
f 409 459 460 410
f 410 460 461 411
f 411 461 462 412
f 412 462 463 413
f 413 463 464 414
f 414 464 465 415
f 415 465 466 416
f 416 466 467 417
f 417 467 468 418
f 418 468 469 419
f 419 469 470 420
f 420 470 471 421
f 421 471 472 422
f 422 472 473 423
f 423 473 474 424
f 424 474 475 425
f 425 475 476 426
f 426 476 477 427
f 427 477 478 428
f 428 478 479 429
f 429 479 480 430
f 430 480 481 431
f 431 481 482 432
f 432 482 483 433
f 433 483 484 434
f 434 484 485 435
f 435 485 486 436
f 436 486 487 437
f 437 487 488 438
f 438 488 489 439
f 439 489 490 440
f 440 490 491 441
f 441 491 492 442
f 442 492 493 443
f 443 493 494 444
f 444 494 495 445
f 445 495 496 446
f 446 496 497 447
f 447 497 498 448
f 448 498 499 449
f 449 499 500 450
f 450 500 501 451
f 451 501 502 452
f 452 502 453 403
f 453 503 504 454
f 454 504 505 455
f 455 505 506 456
f 456 506 507 457
f 457 507 508 458
f 458 508 509 459
f 459 509 510 460
f 460 510 511 461
f 461 511 512 462
f 462 512 513 463
f 463 513 514 464
f 464 514 515 465
f 465 515 516 466
f 466 516 517 467
f 467 517 518 468
f 468 518 519 469
f 469 519 520 470
f 470 520 521 471
f 471 521 522 472
f 472 522 523 473
f 473 523 524 474
f 474 524 525 475
f 475 525 526 476
f 476 526 527 477
f 477 527 528 478
f 478 528 529 479
f 479 529 530 480
f 480 530 531 481
f 481 531 532 482
f 482 532 533 483
f 483 533 534 484
f 484 534 535 485
f 485 535 536 486
f 486 536 537 487
f 487 537 538 488
f 488 538 539 489
f 489 539 540 490
f 490 540 541 491
f 491 541 542 492
f 492 542 543 493
f 493 543 544 494
f 494 544 545 495
f 495 545 546 496
f 496 546 547 497
f 497 547 548 498
f 498 548 549 499
f 499 549 550 500
f 500 550 551 501
f 501 551 552 502
f 502 552 503 453
f 503 553 554 504
f 504 554 555 505
f 505 555 556 506
f 506 556 557 507
f 507 557 558 508
f 508 558 559 509
f 509 559 560 510
f 510 560 561 511
f 511 561 562 512
f 512 562 563 513
f 513 563 564 514
f 514 564 565 515
f 515 565 566 516
f 516 566 567 517
f 517 567 568 518
f 518 568 569 519
f 519 569 570 520
f 520 570 571 521
f 521 571 572 522
f 522 572 573 523
f 523 573 574 524
f 524 574 575 525
f 525 575 576 526
f 526 576 577 527
f 527 577 578 528
f 528 578 579 529
f 529 579 580 530
f 530 580 581 531
f 531 581 582 532
f 532 582 583 533
f 533 583 584 534
f 534 584 585 535
f 535 585 586 536
f 536 586 587 537
f 537 587 588 538
f 538 588 589 539
f 539 589 590 540
f 540 590 591 541
f 541 591 592 542
f 542 592 593 543
f 543 593 594 544
f 544 594 595 545
f 545 595 596 546
f 546 596 597 547
f 547 597 598 548
f 548 598 599 549
f 549 599 600 550
f 550 600 601 551
f 551 601 602 552
f 552 602 553 503
f 553 603 604 554
f 554 604 605 555
f 555 605 606 556
f 556 606 607 557
f 557 607 608 558
f 558 608 609 559
f 559 609 610 560
f 560 610 611 561
f 561 611 612 562
f 562 612 613 563
f 563 613 614 564
f 564 614 615 565
f 565 615 616 566
f 566 616 617 567
f 567 617 618 568
f 568 618 619 569
f 569 619 620 570
f 570 620 621 571
f 571 621 622 572
f 572 622 623 573
f 573 623 624 574
f 574 624 625 575
f 575 625 626 576
f 576 626 627 577
f 577 627 628 578
f 578 628 629 579
f 579 629 630 580
f 580 630 631 581
f 581 631 632 582
f 582 632 633 583
f 583 633 634 584
f 584 634 635 585
f 585 635 636 586
f 586 636 637 587
f 587 637 638 588
f 588 638 639 589
f 589 639 640 590
f 590 640 641 591
f 591 641 642 592
f 592 642 643 593
f 593 643 644 594
f 594 644 645 595
f 595 645 646 596
f 596 646 647 597
f 597 647 648 598
f 598 648 649 599
f 599 649 650 600
f 600 650 651 601
f 601 651 652 602
f 602 652 603 553
f 603 653 654 604
f 604 654 655 605
f 605 655 656 606
f 606 656 657 607
f 607 657 658 608
f 608 658 659 609
f 609 659 660 610
f 610 660 661 611
f 611 661 662 612
f 612 662 663 613
f 613 663 664 614
f 614 664 665 615
f 615 665 666 616
f 616 666 667 617
f 617 667 668 618
f 618 668 669 619
f 619 669 670 620
f 620 670 671 621
f 621 671 672 622
f 622 672 673 623
f 623 673 674 624
f 624 674 675 625
f 625 675 676 626
f 626 676 677 627
f 627 677 678 628
f 628 678 679 629
f 629 679 680 630
f 630 680 681 631
f 631 681 682 632
f 632 682 683 633
f 633 683 684 634
f 634 684 685 635
f 635 685 686 636
f 636 686 687 637
f 637 687 688 638
f 638 688 689 639
f 639 689 690 640
f 640 690 691 641
f 641 691 692 642
f 642 692 693 643
f 643 693 694 644
f 644 694 695 645
f 645 695 696 646
f 646 696 697 647
f 647 697 698 648
f 648 698 699 649
f 649 699 700 650
f 650 700 701 651
f 651 701 702 652
f 652 702 653 603
f 653 703 704 654
f 654 704 705 655
f 655 705 706 656
f 656 706 707 657
f 657 707 708 658
f 658 708 709 659
f 659 709 710 660
f 660 710 711 661
f 661 711 712 662
f 662 712 713 663
f 663 713 714 664
f 664 714 715 665
f 665 715 716 666
f 666 716 717 667
f 667 717 718 668
f 668 718 719 669
f 669 719 720 670
f 670 720 721 671
f 671 721 722 672
f 672 722 723 673
f 673 723 724 674
f 674 724 725 675
f 675 725 726 676
f 676 726 727 677
f 677 727 728 678
f 678 728 729 679
f 679 729 730 680
f 680 730 731 681
f 681 731 732 682
f 682 732 733 683
f 683 733 734 684
f 684 734 735 685
f 685 735 736 686
f 686 736 737 687
f 687 737 738 688
f 688 738 739 689
f 689 739 740 690
f 690 740 741 691
f 691 741 742 692
f 692 742 743 693
f 693 743 744 694
f 694 744 745 695
f 695 745 746 696
f 696 746 747 697
f 697 747 748 698
f 698 748 749 699
f 699 749 750 700
f 700 750 751 701
f 701 751 752 702
f 702 752 703 653
f 703 753 754 704
f 704 754 755 705
f 705 755 756 706
f 706 756 757 707
f 707 757 758 708
f 708 758 759 709
f 709 759 760 710
f 710 760 761 711
f 711 761 762 712
f 712 762 763 713
f 713 763 764 714
f 714 764 765 715
f 715 765 766 716
f 716 766 767 717
f 717 767 768 718
f 718 768 769 719
f 719 769 770 720
f 720 770 771 721
f 721 771 772 722
f 722 772 773 723
f 723 773 774 724
f 724 774 775 725
f 725 775 776 726
f 726 776 777 727
f 727 777 778 728
f 728 778 779 729
f 729 779 780 730
f 730 780 781 731
f 731 781 782 732
f 732 782 783 733
f 733 783 784 734
f 734 784 785 735
f 735 785 786 736
f 736 786 787 737
f 737 787 788 738
f 738 788 789 739
f 739 789 790 740
f 740 790 791 741
f 741 791 792 742
f 742 792 793 743
f 743 793 794 744
f 744 794 795 745
f 745 795 796 746
f 746 796 797 747
f 747 797 798 748
f 748 798 799 749
f 749 799 800 750
f 750 800 801 751
f 751 801 802 752
f 752 802 753 703
f 753 803 804 754
f 754 804 805 755
f 755 805 806 756
f 756 806 807 757
f 757 807 808 758
f 758 808 809 759
f 759 809 810 760
f 760 810 811 761
f 761 811 812 762
f 762 812 813 763
f 763 813 814 764
f 764 814 815 765
f 765 815 816 766
f 766 816 817 767
f 767 817 818 768
f 768 818 819 769
f 769 819 820 770
f 770 820 821 771
f 771 821 822 772
f 772 822 823 773
f 773 823 824 774
f 774 824 825 775
f 775 825 826 776
f 776 826 827 777
f 777 827 828 778
f 778 828 829 779
f 779 829 830 780
f 780 830 831 781
f 781 831 832 782
f 782 832 833 783
f 783 833 834 784
f 784 834 835 785
f 785 835 836 786
f 786 836 837 787
f 787 837 838 788
f 788 838 839 789
f 789 839 840 790
f 790 840 841 791
f 791 841 842 792
f 792 842 843 793
f 793 843 844 794
f 794 844 845 795
f 795 845 846 796
f 796 846 847 797
f 797 847 848 798
f 798 848 849 799
f 799 849 850 800
f 800 850 851 801
f 801 851 852 802
f 802 852 803 753
f 803 853 854 804
f 804 854 855 805
f 805 855 856 806
f 806 856 857 807
f 807 857 858 808
f 808 858 859 809
f 809 859 860 810
f 810 860 861 811
f 811 861 862 812
f 812 862 863 813
f 813 863 864 814
f 814 864 865 815
f 815 865 866 816
f 816 866 867 817
f 817 867 868 818
f 818 868 869 819
f 819 869 870 820
f 820 870 871 821
f 821 871 872 822
f 822 872 873 823
f 823 873 874 824
f 824 874 875 825
f 825 875 876 826
f 826 876 877 827
f 827 877 878 828
f 828 878 879 829
f 829 879 880 830
f 830 880 881 831
f 831 881 882 832
f 832 882 883 833
f 833 883 884 834
f 834 884 885 835
f 835 885 886 836
f 836 886 887 837
f 837 887 888 838
f 838 888 889 839
f 839 889 890 840
f 840 890 891 841
f 841 891 892 842
f 842 892 893 843
f 843 893 894 844
f 844 894 895 845
f 845 895 896 846
f 846 896 897 847
f 847 897 898 848
f 848 898 899 849
f 849 899 900 850
f 850 900 901 851
f 851 901 902 852
f 852 902 853 803
f 853 903 904 854
f 854 904 905 855
f 855 905 906 856
f 856 906 907 857
f 857 907 908 858
f 858 908 909 859
f 859 909 910 860
f 860 910 911 861
f 861 911 912 862
f 862 912 913 863
f 863 913 914 864
f 864 914 915 865
f 865 915 916 866
f 866 916 917 867
f 867 917 918 868
f 868 918 919 869
f 869 919 920 870
f 870 920 921 871
f 871 921 922 872
f 872 922 923 873
f 873 923 924 874
f 874 924 925 875
f 875 925 926 876
f 876 926 927 877
f 877 927 928 878
f 878 928 929 879
f 879 929 930 880
f 880 930 931 881
f 881 931 932 882
f 882 932 933 883
f 883 933 934 884
f 884 934 935 885
f 885 935 936 886
f 886 936 937 887
f 887 937 938 888
f 888 938 939 889
f 889 939 940 890
f 890 940 941 891
f 891 941 942 892
f 892 942 943 893
f 893 943 944 894
f 894 944 945 895
f 895 945 946 896
f 896 946 947 897
f 897 947 948 898
f 898 948 949 899
f 899 949 950 900
f 900 950 951 901
f 901 951 952 902
f 902 952 903 853
f 903 953 954 904
f 904 954 955 905
f 905 955 956 906
f 906 956 957 907
f 907 957 958 908
f 908 958 959 909
f 909 959 960 910
f 910 960 961 911
f 911 961 962 912
f 912 962 963 913
f 913 963 964 914
f 914 964 965 915
f 915 965 966 916
f 916 966 967 917
f 917 967 968 918
f 918 968 969 919
f 919 969 970 920
f 920 970 971 921
f 921 971 972 922
f 922 972 973 923
f 923 973 974 924
f 924 974 975 925
f 925 975 976 926
f 926 976 977 927
f 927 977 978 928
f 928 978 979 929
f 929 979 980 930
f 930 980 981 931
f 931 981 982 932
f 932 982 983 933
f 933 983 984 934
f 934 984 985 935
f 935 985 986 936
f 936 986 987 937
f 937 987 988 938
f 938 988 989 939
f 939 989 990 940
f 940 990 991 941
f 941 991 992 942
f 942 992 993 943
f 943 993 994 944
f 944 994 995 945
f 945 995 996 946
f 946 996 997 947
f 947 997 998 948
f 948 998 999 949
f 949 999 1000 950
f 950 1000 1001 951
f 951 1001 1002 952
f 952 1002 953 903
f 953 1003 1004 954
f 954 1004 1005 955
f 955 1005 1006 956
f 956 1006 1007 957
f 957 1007 1008 958
f 958 1008 1009 959
f 959 1009 1010 960
f 960 1010 1011 961
f 961 1011 1012 962
f 962 1012 1013 963
f 963 1013 1014 964
f 964 1014 1015 965
f 965 1015 1016 966
f 966 1016 1017 967
f 967 1017 1018 968
f 968 1018 1019 969
f 969 1019 1020 970
f 970 1020 1021 971
f 971 1021 1022 972
f 972 1022 1023 973
f 973 1023 1024 974
f 974 1024 1025 975
f 975 1025 1026 976
f 976 1026 1027 977
f 977 1027 1028 978
f 978 1028 1029 979
f 979 1029 1030 980
f 980 1030 1031 981
f 981 1031 1032 982
f 982 1032 1033 983
f 983 1033 1034 984
f 984 1034 1035 985
f 985 1035 1036 986
f 986 1036 1037 987
f 987 1037 1038 988
f 988 1038 1039 989
f 989 1039 1040 990
f 990 1040 1041 991
f 991 1041 1042 992
f 992 1042 1043 993
f 993 1043 1044 994
f 994 1044 1045 995
f 995 1045 1046 996
f 996 1046 1047 997
f 997 1047 1048 998
f 998 1048 1049 999
f 999 1049 1050 1000
f 1000 1050 1051 1001
f 1001 1051 1052 1002
f 1002 1052 1003 953
f 1003 1053 1054 1004
f 1004 1054 1055 1005
f 1005 1055 1056 1006
f 1006 1056 1057 1007
f 1007 1057 1058 1008
f 1008 1058 1059 1009
f 1009 1059 1060 1010
f 1010 1060 1061 1011
f 1011 1061 1062 1012
f 1012 1062 1063 1013
f 1013 1063 1064 1014
f 1014 1064 1065 1015
f 1015 1065 1066 1016
f 1016 1066 1067 1017
f 1017 1067 1068 1018
f 1018 1068 1069 1019
f 1019 1069 1070 1020
f 1020 1070 1071 1021
f 1021 1071 1072 1022
f 1022 1072 1073 1023
f 1023 1073 1074 1024
f 1024 1074 1075 1025
f 1025 1075 1076 1026
f 1026 1076 1077 1027
f 1027 1077 1078 1028
f 1028 1078 1079 1029
f 1029 1079 1080 1030
f 1030 1080 1081 1031
f 1031 1081 1082 1032
f 1032 1082 1083 1033
f 1033 1083 1084 1034
f 1034 1084 1085 1035
f 1035 1085 1086 1036
f 1036 1086 1087 1037
f 1037 1087 1088 1038
f 1038 1088 1089 1039
f 1039 1089 1090 1040
f 1040 1090 1091 1041
f 1041 1091 1092 1042
f 1042 1092 1093 1043
f 1043 1093 1094 1044
f 1044 1094 1095 1045
f 1045 1095 1096 1046
f 1046 1096 1097 1047
f 1047 1097 1098 1048
f 1048 1098 1099 1049
f 1049 1099 1100 1050
f 1050 1100 1101 1051
f 1051 1101 1102 1052
f 1052 1102 1053 1003
f 1053 1103 1104 1054
f 1054 1104 1105 1055
f 1055 1105 1106 1056
f 1056 1106 1107 1057
f 1057 1107 1108 1058
f 1058 1108 1109 1059
f 1059 1109 1110 1060
f 1060 1110 1111 1061
f 1061 1111 1112 1062
f 1062 1112 1113 1063
f 1063 1113 1114 1064
f 1064 1114 1115 1065
f 1065 1115 1116 1066
f 1066 1116 1117 1067
f 1067 1117 1118 1068
f 1068 1118 1119 1069
f 1069 1119 1120 1070
f 1070 1120 1121 1071
f 1071 1121 1122 1072
f 1072 1122 1123 1073
f 1073 1123 1124 1074
f 1074 1124 1125 1075
f 1075 1125 1126 1076
f 1076 1126 1127 1077
f 1077 1127 1128 1078
f 1078 1128 1129 1079
f 1079 1129 1130 1080
f 1080 1130 1131 1081
f 1081 1131 1132 1082
f 1082 1132 1133 1083
f 1083 1133 1134 1084
f 1084 1134 1135 1085
f 1085 1135 1136 1086
f 1086 1136 1137 1087
f 1087 1137 1138 1088
f 1088 1138 1139 1089
f 1089 1139 1140 1090
f 1090 1140 1141 1091
f 1091 1141 1142 1092
f 1092 1142 1143 1093
f 1093 1143 1144 1094
f 1094 1144 1145 1095
f 1095 1145 1146 1096
f 1096 1146 1147 1097
f 1097 1147 1148 1098
f 1098 1148 1149 1099
f 1099 1149 1150 1100
f 1100 1150 1151 1101
f 1101 1151 1152 1102
f 1102 1152 1103 1053
f 1103 1153 1154 1104
f 1104 1154 1155 1105
f 1105 1155 1156 1106
f 1106 1156 1157 1107
f 1107 1157 1158 1108
f 1108 1158 1159 1109
f 1109 1159 1160 1110
f 1110 1160 1161 1111
f 1111 1161 1162 1112
f 1112 1162 1163 1113
f 1113 1163 1164 1114
f 1114 1164 1165 1115
f 1115 1165 1166 1116
f 1116 1166 1167 1117
f 1117 1167 1168 1118
f 1118 1168 1169 1119
f 1119 1169 1170 1120
f 1120 1170 1171 1121
f 1121 1171 1172 1122
f 1122 1172 1173 1123
f 1123 1173 1174 1124
f 1124 1174 1175 1125
f 1125 1175 1176 1126
f 1126 1176 1177 1127
f 1127 1177 1178 1128
f 1128 1178 1179 1129
f 1129 1179 1180 1130
f 1130 1180 1181 1131
f 1131 1181 1182 1132
f 1132 1182 1183 1133
f 1133 1183 1184 1134
f 1134 1184 1185 1135
f 1135 1185 1186 1136
f 1136 1186 1187 1137
f 1137 1187 1188 1138
f 1138 1188 1189 1139
f 1139 1189 1190 1140
f 1140 1190 1191 1141
f 1141 1191 1192 1142
f 1142 1192 1193 1143
f 1143 1193 1194 1144
f 1144 1194 1195 1145
f 1145 1195 1196 1146
f 1146 1196 1197 1147
f 1147 1197 1198 1148
f 1148 1198 1199 1149
f 1149 1199 1200 1150
f 1150 1200 1201 1151
f 1151 1201 1202 1152
f 1152 1202 1153 1103
f 1153 1203 1204 1154
f 1154 1204 1205 1155
f 1155 1205 1206 1156
f 1156 1206 1207 1157
f 1157 1207 1208 1158
f 1158 1208 1209 1159
f 1159 1209 1210 1160
f 1160 1210 1211 1161
f 1161 1211 1212 1162
f 1162 1212 1213 1163
f 1163 1213 1214 1164
f 1164 1214 1215 1165
f 1165 1215 1216 1166
f 1166 1216 1217 1167
f 1167 1217 1218 1168
f 1168 1218 1219 1169
f 1169 1219 1220 1170
f 1170 1220 1221 1171
f 1171 1221 1222 1172
f 1172 1222 1223 1173
f 1173 1223 1224 1174
f 1174 1224 1225 1175
f 1175 1225 1226 1176
f 1176 1226 1227 1177
f 1177 1227 1228 1178
f 1178 1228 1229 1179
f 1179 1229 1230 1180
f 1180 1230 1231 1181
f 1181 1231 1232 1182
f 1182 1232 1233 1183
f 1183 1233 1234 1184
f 1184 1234 1235 1185
f 1185 1235 1236 1186
f 1186 1236 1237 1187
f 1187 1237 1238 1188
f 1188 1238 1239 1189
f 1189 1239 1240 1190
f 1190 1240 1241 1191
f 1191 1241 1242 1192
f 1192 1242 1243 1193
f 1193 1243 1244 1194
f 1194 1244 1245 1195
f 1195 1245 1246 1196
f 1196 1246 1247 1197
f 1197 1247 1248 1198
f 1198 1248 1249 1199
f 1199 1249 1250 1200
f 1200 1250 1251 1201
f 1201 1251 1252 1202
f 1202 1252 1203 1153
f 1203 1253 1254 1204
f 1204 1254 1255 1205
f 1205 1255 1256 1206
f 1206 1256 1257 1207
f 1207 1257 1258 1208
f 1208 1258 1259 1209
f 1209 1259 1260 1210
f 1210 1260 1261 1211
f 1211 1261 1262 1212
f 1212 1262 1263 1213
f 1213 1263 1264 1214
f 1214 1264 1265 1215
f 1215 1265 1266 1216
f 1216 1266 1267 1217
f 1217 1267 1268 1218
f 1218 1268 1269 1219
f 1219 1269 1270 1220
f 1220 1270 1271 1221
f 1221 1271 1272 1222
f 1222 1272 1273 1223
f 1223 1273 1274 1224
f 1224 1274 1275 1225
f 1225 1275 1276 1226
f 1226 1276 1277 1227
f 1227 1277 1278 1228
f 1228 1278 1279 1229
f 1229 1279 1280 1230
f 1230 1280 1281 1231
f 1231 1281 1282 1232
f 1232 1282 1283 1233
f 1233 1283 1284 1234
f 1234 1284 1285 1235
f 1235 1285 1286 1236
f 1236 1286 1287 1237
f 1237 1287 1288 1238
f 1238 1288 1289 1239
f 1239 1289 1290 1240
f 1240 1290 1291 1241
f 1241 1291 1292 1242
f 1242 1292 1293 1243
f 1243 1293 1294 1244
f 1244 1294 1295 1245
f 1245 1295 1296 1246
f 1246 1296 1297 1247
f 1247 1297 1298 1248
f 1248 1298 1299 1249
f 1249 1299 1300 1250
f 1250 1300 1301 1251
f 1251 1301 1302 1252
f 1252 1302 1253 1203
f 1253 1303 1304 1254
f 1254 1304 1305 1255
f 1255 1305 1306 1256
f 1256 1306 1307 1257
f 1257 1307 1308 1258
f 1258 1308 1309 1259
f 1259 1309 1310 1260
f 1260 1310 1311 1261
f 1261 1311 1312 1262
f 1262 1312 1313 1263
f 1263 1313 1314 1264
f 1264 1314 1315 1265
f 1265 1315 1316 1266
f 1266 1316 1317 1267
f 1267 1317 1318 1268
f 1268 1318 1319 1269
f 1269 1319 1320 1270
f 1270 1320 1321 1271
f 1271 1321 1322 1272
f 1272 1322 1323 1273
f 1273 1323 1324 1274
f 1274 1324 1325 1275
f 1275 1325 1326 1276
f 1276 1326 1327 1277
f 1277 1327 1328 1278
f 1278 1328 1329 1279
f 1279 1329 1330 1280
f 1280 1330 1331 1281
f 1281 1331 1332 1282
f 1282 1332 1333 1283
f 1283 1333 1334 1284
f 1284 1334 1335 1285
f 1285 1335 1336 1286
f 1286 1336 1337 1287
f 1287 1337 1338 1288
f 1288 1338 1339 1289
f 1289 1339 1340 1290
f 1290 1340 1341 1291
f 1291 1341 1342 1292
f 1292 1342 1343 1293
f 1293 1343 1344 1294
f 1294 1344 1345 1295
f 1295 1345 1346 1296
f 1296 1346 1347 1297
f 1297 1347 1348 1298
f 1298 1348 1349 1299
f 1299 1349 1350 1300
f 1300 1350 1351 1301
f 1301 1351 1352 1302
f 1302 1352 1303 1253
f 1303 1353 1354 1304
f 1304 1354 1355 1305
f 1305 1355 1356 1306
f 1306 1356 1357 1307
f 1307 1357 1358 1308
f 1308 1358 1359 1309
f 1309 1359 1360 1310
f 1310 1360 1361 1311
f 1311 1361 1362 1312
f 1312 1362 1363 1313
f 1313 1363 1364 1314
f 1314 1364 1365 1315
f 1315 1365 1366 1316
f 1316 1366 1367 1317
f 1317 1367 1368 1318
f 1318 1368 1369 1319
f 1319 1369 1370 1320
f 1320 1370 1371 1321
f 1321 1371 1372 1322
f 1322 1372 1373 1323
f 1323 1373 1374 1324
f 1324 1374 1375 1325
f 1325 1375 1376 1326
f 1326 1376 1377 1327
f 1327 1377 1378 1328
f 1328 1378 1379 1329
f 1329 1379 1380 1330
f 1330 1380 1381 1331
f 1331 1381 1382 1332
f 1332 1382 1383 1333
f 1333 1383 1384 1334
f 1334 1384 1385 1335
f 1335 1385 1386 1336
f 1336 1386 1387 1337
f 1337 1387 1388 1338
f 1338 1388 1389 1339
f 1339 1389 1390 1340
f 1340 1390 1391 1341
f 1341 1391 1392 1342
f 1342 1392 1393 1343
f 1343 1393 1394 1344
f 1344 1394 1395 1345
f 1345 1395 1396 1346
f 1346 1396 1397 1347
f 1347 1397 1398 1348
f 1348 1398 1399 1349
f 1349 1399 1400 1350
f 1350 1400 1401 1351
f 1351 1401 1402 1352
f 1352 1402 1353 1303
f 1353 1403 1404 1354
f 1354 1404 1405 1355
f 1355 1405 1406 1356
f 1356 1406 1407 1357
f 1357 1407 1408 1358
f 1358 1408 1409 1359
f 1359 1409 1410 1360
f 1360 1410 1411 1361
f 1361 1411 1412 1362
f 1362 1412 1413 1363
f 1363 1413 1414 1364
f 1364 1414 1415 1365
f 1365 1415 1416 1366
f 1366 1416 1417 1367
f 1367 1417 1418 1368
f 1368 1418 1419 1369
f 1369 1419 1420 1370
f 1370 1420 1421 1371
f 1371 1421 1422 1372
f 1372 1422 1423 1373
f 1373 1423 1424 1374
f 1374 1424 1425 1375
f 1375 1425 1426 1376
f 1376 1426 1427 1377
f 1377 1427 1428 1378
f 1378 1428 1429 1379
f 1379 1429 1430 1380
f 1380 1430 1431 1381
f 1381 1431 1432 1382
f 1382 1432 1433 1383
f 1383 1433 1434 1384
f 1384 1434 1435 1385
f 1385 1435 1436 1386
f 1386 1436 1437 1387
f 1387 1437 1438 1388
f 1388 1438 1439 1389
f 1389 1439 1440 1390
f 1390 1440 1441 1391
f 1391 1441 1442 1392
f 1392 1442 1443 1393
f 1393 1443 1444 1394
f 1394 1444 1445 1395
f 1395 1445 1446 1396
f 1396 1446 1447 1397
f 1397 1447 1448 1398
f 1398 1448 1449 1399
f 1399 1449 1450 1400
f 1400 1450 1451 1401
f 1401 1451 1452 1402
f 1402 1452 1403 1353
f 1403 1453 1454 1404
f 1404 1454 1455 1405
f 1405 1455 1456 1406
f 1406 1456 1457 1407
f 1407 1457 1458 1408
f 1408 1458 1459 1409
f 1409 1459 1460 1410
f 1410 1460 1461 1411
f 1411 1461 1462 1412
f 1412 1462 1463 1413
f 1413 1463 1464 1414
f 1414 1464 1465 1415
f 1415 1465 1466 1416
f 1416 1466 1467 1417
f 1417 1467 1468 1418
f 1418 1468 1469 1419
f 1419 1469 1470 1420
f 1420 1470 1471 1421
f 1421 1471 1472 1422
f 1422 1472 1473 1423
f 1423 1473 1474 1424
f 1424 1474 1475 1425
f 1425 1475 1476 1426
f 1426 1476 1477 1427
f 1427 1477 1478 1428
f 1428 1478 1479 1429
f 1429 1479 1480 1430
f 1430 1480 1481 1431
f 1431 1481 1482 1432
f 1432 1482 1483 1433
f 1433 1483 1484 1434
f 1434 1484 1485 1435
f 1435 1485 1486 1436
f 1436 1486 1487 1437
f 1437 1487 1488 1438
f 1438 1488 1489 1439
f 1439 1489 1490 1440
f 1440 1490 1491 1441
f 1441 1491 1492 1442
f 1442 1492 1493 1443
f 1443 1493 1494 1444
f 1444 1494 1495 1445
f 1445 1495 1496 1446
f 1446 1496 1497 1447
f 1447 1497 1498 1448
f 1448 1498 1499 1449
f 1449 1499 1500 1450
f 1450 1500 1501 1451
f 1451 1501 1502 1452
f 1452 1502 1453 1403
f 1453 1503 1504 1454
f 1454 1504 1505 1455
f 1455 1505 1506 1456
f 1456 1506 1507 1457
f 1457 1507 1508 1458
f 1458 1508 1509 1459
f 1459 1509 1510 1460
f 1460 1510 1511 1461
f 1461 1511 1512 1462
f 1462 1512 1513 1463
f 1463 1513 1514 1464
f 1464 1514 1515 1465
f 1465 1515 1516 1466
f 1466 1516 1517 1467
f 1467 1517 1518 1468
f 1468 1518 1519 1469
f 1469 1519 1520 1470
f 1470 1520 1521 1471
f 1471 1521 1522 1472
f 1472 1522 1523 1473
f 1473 1523 1524 1474
f 1474 1524 1525 1475
f 1475 1525 1526 1476
f 1476 1526 1527 1477
f 1477 1527 1528 1478
f 1478 1528 1529 1479
f 1479 1529 1530 1480
f 1480 1530 1531 1481
f 1481 1531 1532 1482
f 1482 1532 1533 1483
f 1483 1533 1534 1484
f 1484 1534 1535 1485
f 1485 1535 1536 1486
f 1486 1536 1537 1487
f 1487 1537 1538 1488
f 1488 1538 1539 1489
f 1489 1539 1540 1490
f 1490 1540 1541 1491
f 1491 1541 1542 1492
f 1492 1542 1543 1493
f 1493 1543 1544 1494
f 1494 1544 1545 1495
f 1495 1545 1546 1496
f 1496 1546 1547 1497
f 1497 1547 1548 1498
f 1498 1548 1549 1499
f 1499 1549 1550 1500
f 1500 1550 1551 1501
f 1501 1551 1552 1502
f 1502 1552 1503 1453
f 1503 1553 1554 1504
f 1504 1554 1555 1505
f 1505 1555 1556 1506
f 1506 1556 1557 1507
f 1507 1557 1558 1508
f 1508 1558 1559 1509
f 1509 1559 1560 1510
f 1510 1560 1561 1511
f 1511 1561 1562 1512
f 1512 1562 1563 1513
f 1513 1563 1564 1514
f 1514 1564 1565 1515
f 1515 1565 1566 1516
f 1516 1566 1567 1517
f 1517 1567 1568 1518
f 1518 1568 1569 1519
f 1519 1569 1570 1520
f 1520 1570 1571 1521
f 1521 1571 1572 1522
f 1522 1572 1573 1523
f 1523 1573 1574 1524
f 1524 1574 1575 1525
f 1525 1575 1576 1526
f 1526 1576 1577 1527
f 1527 1577 1578 1528
f 1528 1578 1579 1529
f 1529 1579 1580 1530
f 1530 1580 1581 1531
f 1531 1581 1582 1532
f 1532 1582 1583 1533
f 1533 1583 1584 1534
f 1534 1584 1585 1535
f 1535 1585 1586 1536
f 1536 1586 1587 1537
f 1537 1587 1588 1538
f 1538 1588 1589 1539
f 1539 1589 1590 1540
f 1540 1590 1591 1541
f 1541 1591 1592 1542
f 1542 1592 1593 1543
f 1543 1593 1594 1544
f 1544 1594 1595 1545
f 1545 1595 1596 1546
f 1546 1596 1597 1547
f 1547 1597 1598 1548
f 1548 1598 1599 1549
f 1549 1599 1600 1550
f 1550 1600 1601 1551
f 1551 1601 1602 1552
f 1552 1602 1553 1503
f 1553 1603 1604 1554
f 1554 1604 1605 1555
f 1555 1605 1606 1556
f 1556 1606 1607 1557
f 1557 1607 1608 1558
f 1558 1608 1609 1559
f 1559 1609 1610 1560
f 1560 1610 1611 1561
f 1561 1611 1612 1562
f 1562 1612 1613 1563
f 1563 1613 1614 1564
f 1564 1614 1615 1565
f 1565 1615 1616 1566
f 1566 1616 1617 1567
f 1567 1617 1618 1568
f 1568 1618 1619 1569
f 1569 1619 1620 1570
f 1570 1620 1621 1571
f 1571 1621 1622 1572
f 1572 1622 1623 1573
f 1573 1623 1624 1574
f 1574 1624 1625 1575
f 1575 1625 1626 1576
f 1576 1626 1627 1577
f 1577 1627 1628 1578
f 1578 1628 1629 1579
f 1579 1629 1630 1580
f 1580 1630 1631 1581
f 1581 1631 1632 1582
f 1582 1632 1633 1583
f 1583 1633 1634 1584
f 1584 1634 1635 1585
f 1585 1635 1636 1586
f 1586 1636 1637 1587
f 1587 1637 1638 1588
f 1588 1638 1639 1589
f 1589 1639 1640 1590
f 1590 1640 1641 1591
f 1591 1641 1642 1592
f 1592 1642 1643 1593
f 1593 1643 1644 1594
f 1594 1644 1645 1595
f 1595 1645 1646 1596
f 1596 1646 1647 1597
f 1597 1647 1648 1598
f 1598 1648 1649 1599
f 1599 1649 1650 1600
f 1600 1650 1651 1601
f 1601 1651 1652 1602
f 1602 1652 1603 1553
f 1603 1653 1654 1604
f 1604 1654 1655 1605
f 1605 1655 1656 1606
f 1606 1656 1657 1607
f 1607 1657 1658 1608
f 1608 1658 1659 1609
f 1609 1659 1660 1610
f 1610 1660 1661 1611
f 1611 1661 1662 1612
f 1612 1662 1663 1613
f 1613 1663 1664 1614
f 1614 1664 1665 1615
f 1615 1665 1666 1616
f 1616 1666 1667 1617
f 1617 1667 1668 1618
f 1618 1668 1669 1619
f 1619 1669 1670 1620
f 1620 1670 1671 1621
f 1621 1671 1672 1622
f 1622 1672 1673 1623
f 1623 1673 1674 1624
f 1624 1674 1675 1625
f 1625 1675 1676 1626
f 1626 1676 1677 1627
f 1627 1677 1678 1628
f 1628 1678 1679 1629
f 1629 1679 1680 1630
f 1630 1680 1681 1631
f 1631 1681 1682 1632
f 1632 1682 1683 1633
f 1633 1683 1684 1634
f 1634 1684 1685 1635
f 1635 1685 1686 1636
f 1636 1686 1687 1637
f 1637 1687 1688 1638
f 1638 1688 1689 1639
f 1639 1689 1690 1640
f 1640 1690 1691 1641
f 1641 1691 1692 1642
f 1642 1692 1693 1643
f 1643 1693 1694 1644
f 1644 1694 1695 1645
f 1645 1695 1696 1646
f 1646 1696 1697 1647
f 1647 1697 1698 1648
f 1648 1698 1699 1649
f 1649 1699 1700 1650
f 1650 1700 1701 1651
f 1651 1701 1702 1652
f 1652 1702 1653 1603
f 1653 1703 1704 1654
f 1654 1704 1705 1655
f 1655 1705 1706 1656
f 1656 1706 1707 1657
f 1657 1707 1708 1658
f 1658 1708 1709 1659
f 1659 1709 1710 1660
f 1660 1710 1711 1661
f 1661 1711 1712 1662
f 1662 1712 1713 1663
f 1663 1713 1714 1664
f 1664 1714 1715 1665
f 1665 1715 1716 1666
f 1666 1716 1717 1667
f 1667 1717 1718 1668
f 1668 1718 1719 1669
f 1669 1719 1720 1670
f 1670 1720 1721 1671
f 1671 1721 1722 1672
f 1672 1722 1723 1673
f 1673 1723 1724 1674
f 1674 1724 1725 1675
f 1675 1725 1726 1676
f 1676 1726 1727 1677
f 1677 1727 1728 1678
f 1678 1728 1729 1679
f 1679 1729 1730 1680
f 1680 1730 1731 1681
f 1681 1731 1732 1682
f 1682 1732 1733 1683
f 1683 1733 1734 1684
f 1684 1734 1735 1685
f 1685 1735 1736 1686
f 1686 1736 1737 1687
f 1687 1737 1738 1688
f 1688 1738 1739 1689
f 1689 1739 1740 1690
f 1690 1740 1741 1691
f 1691 1741 1742 1692
f 1692 1742 1743 1693
f 1693 1743 1744 1694
f 1694 1744 1745 1695
f 1695 1745 1746 1696
f 1696 1746 1747 1697
f 1697 1747 1748 1698
f 1698 1748 1749 1699
f 1699 1749 1750 1700
f 1700 1750 1751 1701
f 1701 1751 1752 1702
f 1702 1752 1703 1653
f 1703 1753 1754 1704
f 1704 1754 1755 1705
f 1705 1755 1756 1706
f 1706 1756 1757 1707
f 1707 1757 1758 1708
f 1708 1758 1759 1709
f 1709 1759 1760 1710
f 1710 1760 1761 1711
f 1711 1761 1762 1712
f 1712 1762 1763 1713
f 1713 1763 1764 1714
f 1714 1764 1765 1715
f 1715 1765 1766 1716
f 1716 1766 1767 1717
f 1717 1767 1768 1718
f 1718 1768 1769 1719
f 1719 1769 1770 1720
f 1720 1770 1771 1721
f 1721 1771 1772 1722
f 1722 1772 1773 1723
f 1723 1773 1774 1724
f 1724 1774 1775 1725
f 1725 1775 1776 1726
f 1726 1776 1777 1727
f 1727 1777 1778 1728
f 1728 1778 1779 1729
f 1729 1779 1780 1730
f 1730 1780 1781 1731
f 1731 1781 1782 1732
f 1732 1782 1783 1733
f 1733 1783 1784 1734
f 1734 1784 1785 1735
f 1735 1785 1786 1736
f 1736 1786 1787 1737
f 1737 1787 1788 1738
f 1738 1788 1789 1739
f 1739 1789 1790 1740
f 1740 1790 1791 1741
f 1741 1791 1792 1742
f 1742 1792 1793 1743
f 1743 1793 1794 1744
f 1744 1794 1795 1745
f 1745 1795 1796 1746
f 1746 1796 1797 1747
f 1747 1797 1798 1748
f 1748 1798 1799 1749
f 1749 1799 1800 1750
f 1750 1800 1801 1751
f 1751 1801 1802 1752
f 1752 1802 1753 1703
f 1753 1803 1804 1754
f 1754 1804 1805 1755
f 1755 1805 1806 1756
f 1756 1806 1807 1757
f 1757 1807 1808 1758
f 1758 1808 1809 1759
f 1759 1809 1810 1760
f 1760 1810 1811 1761
f 1761 1811 1812 1762
f 1762 1812 1813 1763
f 1763 1813 1814 1764
f 1764 1814 1815 1765
f 1765 1815 1816 1766
f 1766 1816 1817 1767
f 1767 1817 1818 1768
f 1768 1818 1819 1769
f 1769 1819 1820 1770
f 1770 1820 1821 1771
f 1771 1821 1822 1772
f 1772 1822 1823 1773
f 1773 1823 1824 1774
f 1774 1824 1825 1775
f 1775 1825 1826 1776
f 1776 1826 1827 1777
f 1777 1827 1828 1778
f 1778 1828 1829 1779
f 1779 1829 1830 1780
f 1780 1830 1831 1781
f 1781 1831 1832 1782
f 1782 1832 1833 1783
f 1783 1833 1834 1784
f 1784 1834 1835 1785
f 1785 1835 1836 1786
f 1786 1836 1837 1787
f 1787 1837 1838 1788
f 1788 1838 1839 1789
f 1789 1839 1840 1790
f 1790 1840 1841 1791
f 1791 1841 1842 1792
f 1792 1842 1843 1793
f 1793 1843 1844 1794
f 1794 1844 1845 1795
f 1795 1845 1846 1796
f 1796 1846 1847 1797
f 1797 1847 1848 1798
f 1798 1848 1849 1799
f 1799 1849 1850 1800
f 1800 1850 1851 1801
f 1801 1851 1852 1802
f 1802 1852 1803 1753
f 1803 1853 1854 1804
f 1804 1854 1855 1805
f 1805 1855 1856 1806
f 1806 1856 1857 1807
f 1807 1857 1858 1808
f 1808 1858 1859 1809
f 1809 1859 1860 1810
f 1810 1860 1861 1811
f 1811 1861 1862 1812
f 1812 1862 1863 1813
f 1813 1863 1864 1814
f 1814 1864 1865 1815
f 1815 1865 1866 1816
f 1816 1866 1867 1817
f 1817 1867 1868 1818
f 1818 1868 1869 1819
f 1819 1869 1870 1820
f 1820 1870 1871 1821
f 1821 1871 1872 1822
f 1822 1872 1873 1823
f 1823 1873 1874 1824
f 1824 1874 1875 1825
f 1825 1875 1876 1826
f 1826 1876 1877 1827
f 1827 1877 1878 1828
f 1828 1878 1879 1829
f 1829 1879 1880 1830
f 1830 1880 1881 1831
f 1831 1881 1882 1832
f 1832 1882 1883 1833
f 1833 1883 1884 1834
f 1834 1884 1885 1835
f 1835 1885 1886 1836
f 1836 1886 1887 1837
f 1837 1887 1888 1838
f 1838 1888 1889 1839
f 1839 1889 1890 1840
f 1840 1890 1891 1841
f 1841 1891 1892 1842
f 1842 1892 1893 1843
f 1843 1893 1894 1844
f 1844 1894 1895 1845
f 1845 1895 1896 1846
f 1846 1896 1897 1847
f 1847 1897 1898 1848
f 1848 1898 1899 1849
f 1849 1899 1900 1850
f 1850 1900 1901 1851
f 1851 1901 1902 1852
f 1852 1902 1853 1803
f 1853 1903 1904 1854
f 1854 1904 1905 1855
f 1855 1905 1906 1856
f 1856 1906 1907 1857
f 1857 1907 1908 1858
f 1858 1908 1909 1859
f 1859 1909 1910 1860
f 1860 1910 1911 1861
f 1861 1911 1912 1862
f 1862 1912 1913 1863
f 1863 1913 1914 1864
f 1864 1914 1915 1865
f 1865 1915 1916 1866
f 1866 1916 1917 1867
f 1867 1917 1918 1868
f 1868 1918 1919 1869
f 1869 1919 1920 1870
f 1870 1920 1921 1871
f 1871 1921 1922 1872
f 1872 1922 1923 1873
f 1873 1923 1924 1874
f 1874 1924 1925 1875
f 1875 1925 1926 1876
f 1876 1926 1927 1877
f 1877 1927 1928 1878
f 1878 1928 1929 1879
f 1879 1929 1930 1880
f 1880 1930 1931 1881
f 1881 1931 1932 1882
f 1882 1932 1933 1883
f 1883 1933 1934 1884
f 1884 1934 1935 1885
f 1885 1935 1936 1886
f 1886 1936 1937 1887
f 1887 1937 1938 1888
f 1888 1938 1939 1889
f 1889 1939 1940 1890
f 1890 1940 1941 1891
f 1891 1941 1942 1892
f 1892 1942 1943 1893
f 1893 1943 1944 1894
f 1894 1944 1945 1895
f 1895 1945 1946 1896
f 1896 1946 1947 1897
f 1897 1947 1948 1898
f 1898 1948 1949 1899
f 1899 1949 1950 1900
f 1900 1950 1951 1901
f 1901 1951 1952 1902
f 1902 1952 1903 1853
f 1903 1953 1954 1904
f 1904 1954 1955 1905
f 1905 1955 1956 1906
f 1906 1956 1957 1907
f 1907 1957 1958 1908
f 1908 1958 1959 1909
f 1909 1959 1960 1910
f 1910 1960 1961 1911
f 1911 1961 1962 1912
f 1912 1962 1963 1913
f 1913 1963 1964 1914
f 1914 1964 1965 1915
f 1915 1965 1966 1916
f 1916 1966 1967 1917
f 1917 1967 1968 1918
f 1918 1968 1969 1919
f 1919 1969 1970 1920
f 1920 1970 1971 1921
f 1921 1971 1972 1922
f 1922 1972 1973 1923
f 1923 1973 1974 1924
f 1924 1974 1975 1925
f 1925 1975 1976 1926
f 1926 1976 1977 1927
f 1927 1977 1978 1928
f 1928 1978 1979 1929
f 1929 1979 1980 1930
f 1930 1980 1981 1931
f 1931 1981 1982 1932
f 1932 1982 1983 1933
f 1933 1983 1984 1934
f 1934 1984 1985 1935
f 1935 1985 1986 1936
f 1936 1986 1987 1937
f 1937 1987 1988 1938
f 1938 1988 1989 1939
f 1939 1989 1990 1940
f 1940 1990 1991 1941
f 1941 1991 1992 1942
f 1942 1992 1993 1943
f 1943 1993 1994 1944
f 1944 1994 1995 1945
f 1945 1995 1996 1946
f 1946 1996 1997 1947
f 1947 1997 1998 1948
f 1948 1998 1999 1949
f 1949 1999 2000 1950
f 1950 2000 2001 1951
f 1951 2001 2002 1952
f 1952 2002 1953 1903
f 1953 2003 2004 1954
f 1954 2004 2005 1955
f 1955 2005 2006 1956
f 1956 2006 2007 1957
f 1957 2007 2008 1958
f 1958 2008 2009 1959
f 1959 2009 2010 1960
f 1960 2010 2011 1961
f 1961 2011 2012 1962
f 1962 2012 2013 1963
f 1963 2013 2014 1964
f 1964 2014 2015 1965
f 1965 2015 2016 1966
f 1966 2016 2017 1967
f 1967 2017 2018 1968
f 1968 2018 2019 1969
f 1969 2019 2020 1970
f 1970 2020 2021 1971
f 1971 2021 2022 1972
f 1972 2022 2023 1973
f 1973 2023 2024 1974
f 1974 2024 2025 1975
f 1975 2025 2026 1976
f 1976 2026 2027 1977
f 1977 2027 2028 1978
f 1978 2028 2029 1979
f 1979 2029 2030 1980
f 1980 2030 2031 1981
f 1981 2031 2032 1982
f 1982 2032 2033 1983
f 1983 2033 2034 1984
f 1984 2034 2035 1985
f 1985 2035 2036 1986
f 1986 2036 2037 1987
f 1987 2037 2038 1988
f 1988 2038 2039 1989
f 1989 2039 2040 1990
f 1990 2040 2041 1991
f 1991 2041 2042 1992
f 1992 2042 2043 1993
f 1993 2043 2044 1994
f 1994 2044 2045 1995
f 1995 2045 2046 1996
f 1996 2046 2047 1997
f 1997 2047 2048 1998
f 1998 2048 2049 1999
f 1999 2049 2050 2000
f 2000 2050 2051 2001
f 2001 2051 2052 2002
f 2002 2052 2003 1953
f 2003 2053 2054 2004
f 2004 2054 2055 2005
f 2005 2055 2056 2006
f 2006 2056 2057 2007
f 2007 2057 2058 2008
f 2008 2058 2059 2009
f 2009 2059 2060 2010
f 2010 2060 2061 2011
f 2011 2061 2062 2012
f 2012 2062 2063 2013
f 2013 2063 2064 2014
f 2014 2064 2065 2015
f 2015 2065 2066 2016
f 2016 2066 2067 2017
f 2017 2067 2068 2018
f 2018 2068 2069 2019
f 2019 2069 2070 2020
f 2020 2070 2071 2021
f 2021 2071 2072 2022
f 2022 2072 2073 2023
f 2023 2073 2074 2024
f 2024 2074 2075 2025
f 2025 2075 2076 2026
f 2026 2076 2077 2027
f 2027 2077 2078 2028
f 2028 2078 2079 2029
f 2029 2079 2080 2030
f 2030 2080 2081 2031
f 2031 2081 2082 2032
f 2032 2082 2083 2033
f 2033 2083 2084 2034
f 2034 2084 2085 2035
f 2035 2085 2086 2036
f 2036 2086 2087 2037
f 2037 2087 2088 2038
f 2038 2088 2089 2039
f 2039 2089 2090 2040
f 2040 2090 2091 2041
f 2041 2091 2092 2042
f 2042 2092 2093 2043
f 2043 2093 2094 2044
f 2044 2094 2095 2045
f 2045 2095 2096 2046
f 2046 2096 2097 2047
f 2047 2097 2098 2048
f 2048 2098 2099 2049
f 2049 2099 2100 2050
f 2050 2100 2101 2051
f 2051 2101 2102 2052
f 2052 2102 2053 2003
f 2053 2103 2104 2054
f 2054 2104 2105 2055
f 2055 2105 2106 2056
f 2056 2106 2107 2057
f 2057 2107 2108 2058
f 2058 2108 2109 2059
f 2059 2109 2110 2060
f 2060 2110 2111 2061
f 2061 2111 2112 2062
f 2062 2112 2113 2063
f 2063 2113 2114 2064
f 2064 2114 2115 2065
f 2065 2115 2116 2066
f 2066 2116 2117 2067
f 2067 2117 2118 2068
f 2068 2118 2119 2069
f 2069 2119 2120 2070
f 2070 2120 2121 2071
f 2071 2121 2122 2072
f 2072 2122 2123 2073
f 2073 2123 2124 2074
f 2074 2124 2125 2075
f 2075 2125 2126 2076
f 2076 2126 2127 2077
f 2077 2127 2128 2078
f 2078 2128 2129 2079
f 2079 2129 2130 2080
f 2080 2130 2131 2081
f 2081 2131 2132 2082
f 2082 2132 2133 2083
f 2083 2133 2134 2084
f 2084 2134 2135 2085
f 2085 2135 2136 2086
f 2086 2136 2137 2087
f 2087 2137 2138 2088
f 2088 2138 2139 2089
f 2089 2139 2140 2090
f 2090 2140 2141 2091
f 2091 2141 2142 2092
f 2092 2142 2143 2093
f 2093 2143 2144 2094
f 2094 2144 2145 2095
f 2095 2145 2146 2096
f 2096 2146 2147 2097
f 2097 2147 2148 2098
f 2098 2148 2149 2099
f 2099 2149 2150 2100
f 2100 2150 2151 2101
f 2101 2151 2152 2102
f 2102 2152 2103 2053
f 2103 2153 2154 2104
f 2104 2154 2155 2105
f 2105 2155 2156 2106
f 2106 2156 2157 2107
f 2107 2157 2158 2108
f 2108 2158 2159 2109
f 2109 2159 2160 2110
f 2110 2160 2161 2111
f 2111 2161 2162 2112
f 2112 2162 2163 2113
f 2113 2163 2164 2114
f 2114 2164 2165 2115
f 2115 2165 2166 2116
f 2116 2166 2167 2117
f 2117 2167 2168 2118
f 2118 2168 2169 2119
f 2119 2169 2170 2120
f 2120 2170 2171 2121
f 2121 2171 2172 2122
f 2122 2172 2173 2123
f 2123 2173 2174 2124
f 2124 2174 2175 2125
f 2125 2175 2176 2126
f 2126 2176 2177 2127
f 2127 2177 2178 2128
f 2128 2178 2179 2129
f 2129 2179 2180 2130
f 2130 2180 2181 2131
f 2131 2181 2182 2132
f 2132 2182 2183 2133
f 2133 2183 2184 2134
f 2134 2184 2185 2135
f 2135 2185 2186 2136
f 2136 2186 2187 2137
f 2137 2187 2188 2138
f 2138 2188 2189 2139
f 2139 2189 2190 2140
f 2140 2190 2191 2141
f 2141 2191 2192 2142
f 2142 2192 2193 2143
f 2143 2193 2194 2144
f 2144 2194 2195 2145
f 2145 2195 2196 2146
f 2146 2196 2197 2147
f 2147 2197 2198 2148
f 2148 2198 2199 2149
f 2149 2199 2200 2150
f 2150 2200 2201 2151
f 2151 2201 2202 2152
f 2152 2202 2153 2103
f 2153 2203 2204 2154
f 2154 2204 2205 2155
f 2155 2205 2206 2156
f 2156 2206 2207 2157
f 2157 2207 2208 2158
f 2158 2208 2209 2159
f 2159 2209 2210 2160
f 2160 2210 2211 2161
f 2161 2211 2212 2162
f 2162 2212 2213 2163
f 2163 2213 2214 2164
f 2164 2214 2215 2165
f 2165 2215 2216 2166
f 2166 2216 2217 2167
f 2167 2217 2218 2168
f 2168 2218 2219 2169
f 2169 2219 2220 2170
f 2170 2220 2221 2171
f 2171 2221 2222 2172
f 2172 2222 2223 2173
f 2173 2223 2224 2174
f 2174 2224 2225 2175
f 2175 2225 2226 2176
f 2176 2226 2227 2177
f 2177 2227 2228 2178
f 2178 2228 2229 2179
f 2179 2229 2230 2180
f 2180 2230 2231 2181
f 2181 2231 2232 2182
f 2182 2232 2233 2183
f 2183 2233 2234 2184
f 2184 2234 2235 2185
f 2185 2235 2236 2186
f 2186 2236 2237 2187
f 2187 2237 2238 2188
f 2188 2238 2239 2189
f 2189 2239 2240 2190
f 2190 2240 2241 2191
f 2191 2241 2242 2192
f 2192 2242 2243 2193
f 2193 2243 2244 2194
f 2194 2244 2245 2195
f 2195 2245 2246 2196
f 2196 2246 2247 2197
f 2197 2247 2248 2198
f 2198 2248 2249 2199
f 2199 2249 2250 2200
f 2200 2250 2251 2201
f 2201 2251 2252 2202
f 2202 2252 2203 2153
f 2203 2253 2254 2204
f 2204 2254 2255 2205
f 2205 2255 2256 2206
f 2206 2256 2257 2207
f 2207 2257 2258 2208
f 2208 2258 2259 2209
f 2209 2259 2260 2210
f 2210 2260 2261 2211
f 2211 2261 2262 2212
f 2212 2262 2263 2213
f 2213 2263 2264 2214
f 2214 2264 2265 2215
f 2215 2265 2266 2216
f 2216 2266 2267 2217
f 2217 2267 2268 2218
f 2218 2268 2269 2219
f 2219 2269 2270 2220
f 2220 2270 2271 2221
f 2221 2271 2272 2222
f 2222 2272 2273 2223
f 2223 2273 2274 2224
f 2224 2274 2275 2225
f 2225 2275 2276 2226
f 2226 2276 2277 2227
f 2227 2277 2278 2228
f 2228 2278 2279 2229
f 2229 2279 2280 2230
f 2230 2280 2281 2231
f 2231 2281 2282 2232
f 2232 2282 2283 2233
f 2233 2283 2284 2234
f 2234 2284 2285 2235
f 2235 2285 2286 2236
f 2236 2286 2287 2237
f 2237 2287 2288 2238
f 2238 2288 2289 2239
f 2239 2289 2290 2240
f 2240 2290 2291 2241
f 2241 2291 2292 2242
f 2242 2292 2293 2243
f 2243 2293 2294 2244
f 2244 2294 2295 2245
f 2245 2295 2296 2246
f 2246 2296 2297 2247
f 2247 2297 2298 2248
f 2248 2298 2299 2249
f 2249 2299 2300 2250
f 2250 2300 2301 2251
f 2251 2301 2302 2252
f 2252 2302 2253 2203
f 2253 2303 2304 2254
f 2254 2304 2305 2255
f 2255 2305 2306 2256
f 2256 2306 2307 2257
f 2257 2307 2308 2258
f 2258 2308 2309 2259
f 2259 2309 2310 2260
f 2260 2310 2311 2261
f 2261 2311 2312 2262
f 2262 2312 2313 2263
f 2263 2313 2314 2264
f 2264 2314 2315 2265
f 2265 2315 2316 2266
f 2266 2316 2317 2267
f 2267 2317 2318 2268
f 2268 2318 2319 2269
f 2269 2319 2320 2270
f 2270 2320 2321 2271
f 2271 2321 2322 2272
f 2272 2322 2323 2273
f 2273 2323 2324 2274
f 2274 2324 2325 2275
f 2275 2325 2326 2276
f 2276 2326 2327 2277
f 2277 2327 2328 2278
f 2278 2328 2329 2279
f 2279 2329 2330 2280
f 2280 2330 2331 2281
f 2281 2331 2332 2282
f 2282 2332 2333 2283
f 2283 2333 2334 2284
f 2284 2334 2335 2285
f 2285 2335 2336 2286
f 2286 2336 2337 2287
f 2287 2337 2338 2288
f 2288 2338 2339 2289
f 2289 2339 2340 2290
f 2290 2340 2341 2291
f 2291 2341 2342 2292
f 2292 2342 2343 2293
f 2293 2343 2344 2294
f 2294 2344 2345 2295
f 2295 2345 2346 2296
f 2296 2346 2347 2297
f 2297 2347 2348 2298
f 2298 2348 2349 2299
f 2299 2349 2350 2300
f 2300 2350 2351 2301
f 2301 2351 2352 2302
f 2302 2352 2303 2253
f 2303 2353 2354 2304
f 2304 2354 2355 2305
f 2305 2355 2356 2306
f 2306 2356 2357 2307
f 2307 2357 2358 2308
f 2308 2358 2359 2309
f 2309 2359 2360 2310
f 2310 2360 2361 2311
f 2311 2361 2362 2312
f 2312 2362 2363 2313
f 2313 2363 2364 2314
f 2314 2364 2365 2315
f 2315 2365 2366 2316
f 2316 2366 2367 2317
f 2317 2367 2368 2318
f 2318 2368 2369 2319
f 2319 2369 2370 2320
f 2320 2370 2371 2321
f 2321 2371 2372 2322
f 2322 2372 2373 2323
f 2323 2373 2374 2324
f 2324 2374 2375 2325
f 2325 2375 2376 2326
f 2326 2376 2377 2327
f 2327 2377 2378 2328
f 2328 2378 2379 2329
f 2329 2379 2380 2330
f 2330 2380 2381 2331
f 2331 2381 2382 2332
f 2332 2382 2383 2333
f 2333 2383 2384 2334
f 2334 2384 2385 2335
f 2335 2385 2386 2336
f 2336 2386 2387 2337
f 2337 2387 2388 2338
f 2338 2388 2389 2339
f 2339 2389 2390 2340
f 2340 2390 2391 2341
f 2341 2391 2392 2342
f 2342 2392 2393 2343
f 2343 2393 2394 2344
f 2344 2394 2395 2345
f 2345 2395 2396 2346
f 2346 2396 2397 2347
f 2347 2397 2398 2348
f 2348 2398 2399 2349
f 2349 2399 2400 2350
f 2350 2400 2401 2351
f 2351 2401 2402 2352
f 2352 2402 2353 2303
f 2353 2 2 2354
f 2354 2 2 2355
f 2355 2 2 2356
f 2356 2 2 2357
f 2357 2 2 2358
f 2358 2 2 2359
f 2359 2 2 2360
f 2360 2 2 2361
f 2361 2 2 2362
f 2362 2 2 2363
f 2363 2 2 2364
f 2364 2 2 2365
f 2365 2 2 2366
f 2366 2 2 2367
f 2367 2 2 2368
f 2368 2 2 2369
f 2369 2 2 2370
f 2370 2 2 2371
f 2371 2 2 2372
f 2372 2 2 2373
f 2373 2 2 2374
f 2374 2 2 2375
f 2375 2 2 2376
f 2376 2 2 2377
f 2377 2 2 2378
f 2378 2 2 2379
f 2379 2 2 2380
f 2380 2 2 2381
f 2381 2 2 2382
f 2382 2 2 2383
f 2383 2 2 2384
f 2384 2 2 2385
f 2385 2 2 2386
f 2386 2 2 2387
f 2387 2 2 2388
f 2388 2 2 2389
f 2389 2 2 2390
f 2390 2 2 2391
f 2391 2 2 2392
f 2392 2 2 2393
f 2393 2 2 2394
f 2394 2 2 2395
f 2395 2 2 2396
f 2396 2 2 2397
f 2397 2 2 2398
f 2398 2 2 2399
f 2399 2 2 2400
f 2400 2 2 2401
f 2401 2 2 2402
f 2402 2 2 2353
f 2403 2405 2406 2403
f 2403 2406 2407 2403
f 2403 2407 2408 2403
f 2403 2408 2409 2403
f 2403 2409 2410 2403
f 2403 2410 2411 2403
f 2403 2411 2412 2403
f 2403 2412 2413 2403
f 2403 2413 2414 2403
f 2403 2414 2415 2403
f 2403 2415 2416 2403
f 2403 2416 2417 2403
f 2403 2417 2418 2403
f 2403 2418 2419 2403
f 2403 2419 2420 2403
f 2403 2420 2421 2403
f 2403 2421 2422 2403
f 2403 2422 2423 2403
f 2403 2423 2424 2403
f 2403 2424 2425 2403
f 2403 2425 2426 2403
f 2403 2426 2427 2403
f 2403 2427 2428 2403
f 2403 2428 2429 2403
f 2403 2429 2430 2403
f 2403 2430 2431 2403
f 2403 2431 2432 2403
f 2403 2432 2433 2403
f 2403 2433 2434 2403
f 2403 2434 2435 2403
f 2403 2435 2436 2403
f 2403 2436 2437 2403
f 2403 2437 2438 2403
f 2403 2438 2439 2403
f 2403 2439 2440 2403
f 2403 2440 2441 2403
f 2403 2441 2442 2403
f 2403 2442 2443 2403
f 2403 2443 2444 2403
f 2403 2444 2445 2403
f 2403 2445 2446 2403
f 2403 2446 2447 2403
f 2403 2447 2448 2403
f 2403 2448 2449 2403
f 2403 2449 2450 2403
f 2403 2450 2451 2403
f 2403 2451 2452 2403
f 2403 2452 2453 2403
f 2403 2453 2454 2403
f 2403 2454 2405 2403
f 2405 2455 2456 2406
f 2406 2456 2457 2407
f 2407 2457 2458 2408
f 2408 2458 2459 2409
f 2409 2459 2460 2410
f 2410 2460 2461 2411
f 2411 2461 2462 2412
f 2412 2462 2463 2413
f 2413 2463 2464 2414
f 2414 2464 2465 2415
f 2415 2465 2466 2416
f 2416 2466 2467 2417
f 2417 2467 2468 2418
f 2418 2468 2469 2419
f 2419 2469 2470 2420
f 2420 2470 2471 2421
f 2421 2471 2472 2422
f 2422 2472 2473 2423
f 2423 2473 2474 2424
f 2424 2474 2475 2425
f 2425 2475 2476 2426
f 2426 2476 2477 2427
f 2427 2477 2478 2428
f 2428 2478 2479 2429
f 2429 2479 2480 2430
f 2430 2480 2481 2431
f 2431 2481 2482 2432
f 2432 2482 2483 2433
f 2433 2483 2484 2434
f 2434 2484 2485 2435
f 2435 2485 2486 2436
f 2436 2486 2487 2437
f 2437 2487 2488 2438
f 2438 2488 2489 2439
f 2439 2489 2490 2440
f 2440 2490 2491 2441
f 2441 2491 2492 2442
f 2442 2492 2493 2443
f 2443 2493 2494 2444
f 2444 2494 2495 2445
f 2445 2495 2496 2446
f 2446 2496 2497 2447
f 2447 2497 2498 2448
f 2448 2498 2499 2449
f 2449 2499 2500 2450
f 2450 2500 2501 2451
f 2451 2501 2502 2452
f 2452 2502 2503 2453
f 2453 2503 2504 2454
f 2454 2504 2455 2405
f 2455 2505 2506 2456
f 2456 2506 2507 2457
f 2457 2507 2508 2458
f 2458 2508 2509 2459
f 2459 2509 2510 2460
f 2460 2510 2511 2461
f 2461 2511 2512 2462
f 2462 2512 2513 2463
f 2463 2513 2514 2464
f 2464 2514 2515 2465
f 2465 2515 2516 2466
f 2466 2516 2517 2467
f 2467 2517 2518 2468
f 2468 2518 2519 2469
f 2469 2519 2520 2470
f 2470 2520 2521 2471
f 2471 2521 2522 2472
f 2472 2522 2523 2473
f 2473 2523 2524 2474
f 2474 2524 2525 2475
f 2475 2525 2526 2476
f 2476 2526 2527 2477
f 2477 2527 2528 2478
f 2478 2528 2529 2479
f 2479 2529 2530 2480
f 2480 2530 2531 2481
f 2481 2531 2532 2482
f 2482 2532 2533 2483
f 2483 2533 2534 2484
f 2484 2534 2535 2485
f 2485 2535 2536 2486
f 2486 2536 2537 2487
f 2487 2537 2538 2488
f 2488 2538 2539 2489
f 2489 2539 2540 2490
f 2490 2540 2541 2491
f 2491 2541 2542 2492
f 2492 2542 2543 2493
f 2493 2543 2544 2494
f 2494 2544 2545 2495
f 2495 2545 2546 2496
f 2496 2546 2547 2497
f 2497 2547 2548 2498
f 2498 2548 2549 2499
f 2499 2549 2550 2500
f 2500 2550 2551 2501
f 2501 2551 2552 2502
f 2502 2552 2553 2503
f 2503 2553 2554 2504
f 2504 2554 2505 2455
f 2505 2555 2556 2506
f 2506 2556 2557 2507
f 2507 2557 2558 2508
f 2508 2558 2559 2509
f 2509 2559 2560 2510
f 2510 2560 2561 2511
f 2511 2561 2562 2512
f 2512 2562 2563 2513
f 2513 2563 2564 2514
f 2514 2564 2565 2515
f 2515 2565 2566 2516
f 2516 2566 2567 2517
f 2517 2567 2568 2518
f 2518 2568 2569 2519
f 2519 2569 2570 2520
f 2520 2570 2571 2521
f 2521 2571 2572 2522
f 2522 2572 2573 2523
f 2523 2573 2574 2524
f 2524 2574 2575 2525
f 2525 2575 2576 2526
f 2526 2576 2577 2527
f 2527 2577 2578 2528
f 2528 2578 2579 2529
f 2529 2579 2580 2530
f 2530 2580 2581 2531
f 2531 2581 2582 2532
f 2532 2582 2583 2533
f 2533 2583 2584 2534
f 2534 2584 2585 2535
f 2535 2585 2586 2536
f 2536 2586 2587 2537
f 2537 2587 2588 2538
f 2538 2588 2589 2539
f 2539 2589 2590 2540
f 2540 2590 2591 2541
f 2541 2591 2592 2542
f 2542 2592 2593 2543
f 2543 2593 2594 2544
f 2544 2594 2595 2545
f 2545 2595 2596 2546
f 2546 2596 2597 2547
f 2547 2597 2598 2548
f 2548 2598 2599 2549
f 2549 2599 2600 2550
f 2550 2600 2601 2551
f 2551 2601 2602 2552
f 2552 2602 2603 2553
f 2553 2603 2604 2554
f 2554 2604 2555 2505
f 2555 2605 2606 2556
f 2556 2606 2607 2557
f 2557 2607 2608 2558
f 2558 2608 2609 2559
f 2559 2609 2610 2560
f 2560 2610 2611 2561
f 2561 2611 2612 2562
f 2562 2612 2613 2563
f 2563 2613 2614 2564
f 2564 2614 2615 2565
f 2565 2615 2616 2566
f 2566 2616 2617 2567
f 2567 2617 2618 2568
f 2568 2618 2619 2569
f 2569 2619 2620 2570
f 2570 2620 2621 2571
f 2571 2621 2622 2572
f 2572 2622 2623 2573
f 2573 2623 2624 2574
f 2574 2624 2625 2575
f 2575 2625 2626 2576
f 2576 2626 2627 2577
f 2577 2627 2628 2578
f 2578 2628 2629 2579
f 2579 2629 2630 2580
f 2580 2630 2631 2581
f 2581 2631 2632 2582
f 2582 2632 2633 2583
f 2583 2633 2634 2584
f 2584 2634 2635 2585
f 2585 2635 2636 2586
f 2586 2636 2637 2587
f 2587 2637 2638 2588
f 2588 2638 2639 2589
f 2589 2639 2640 2590
f 2590 2640 2641 2591
f 2591 2641 2642 2592
f 2592 2642 2643 2593
f 2593 2643 2644 2594
f 2594 2644 2645 2595
f 2595 2645 2646 2596
f 2596 2646 2647 2597
f 2597 2647 2648 2598
f 2598 2648 2649 2599
f 2599 2649 2650 2600
f 2600 2650 2651 2601
f 2601 2651 2652 2602
f 2602 2652 2653 2603
f 2603 2653 2654 2604
f 2604 2654 2605 2555
f 2605 2655 2656 2606
f 2606 2656 2657 2607
f 2607 2657 2658 2608
f 2608 2658 2659 2609
f 2609 2659 2660 2610
f 2610 2660 2661 2611
f 2611 2661 2662 2612
f 2612 2662 2663 2613
f 2613 2663 2664 2614
f 2614 2664 2665 2615
f 2615 2665 2666 2616
f 2616 2666 2667 2617
f 2617 2667 2668 2618
f 2618 2668 2669 2619
f 2619 2669 2670 2620
f 2620 2670 2671 2621
f 2621 2671 2672 2622
f 2622 2672 2673 2623
f 2623 2673 2674 2624
f 2624 2674 2675 2625
f 2625 2675 2676 2626
f 2626 2676 2677 2627
f 2627 2677 2678 2628
f 2628 2678 2679 2629
f 2629 2679 2680 2630
f 2630 2680 2681 2631
f 2631 2681 2682 2632
f 2632 2682 2683 2633
f 2633 2683 2684 2634
f 2634 2684 2685 2635
f 2635 2685 2686 2636
f 2636 2686 2687 2637
f 2637 2687 2688 2638
f 2638 2688 2689 2639
f 2639 2689 2690 2640
f 2640 2690 2691 2641
f 2641 2691 2692 2642
f 2642 2692 2693 2643
f 2643 2693 2694 2644
f 2644 2694 2695 2645
f 2645 2695 2696 2646
f 2646 2696 2697 2647
f 2647 2697 2698 2648
f 2648 2698 2699 2649
f 2649 2699 2700 2650
f 2650 2700 2701 2651
f 2651 2701 2702 2652
f 2652 2702 2703 2653
f 2653 2703 2704 2654
f 2654 2704 2655 2605
f 2655 2705 2706 2656
f 2656 2706 2707 2657
f 2657 2707 2708 2658
f 2658 2708 2709 2659
f 2659 2709 2710 2660
f 2660 2710 2711 2661
f 2661 2711 2712 2662
f 2662 2712 2713 2663
f 2663 2713 2714 2664
f 2664 2714 2715 2665
f 2665 2715 2716 2666
f 2666 2716 2717 2667
f 2667 2717 2718 2668
f 2668 2718 2719 2669
f 2669 2719 2720 2670
f 2670 2720 2721 2671
f 2671 2721 2722 2672
f 2672 2722 2723 2673
f 2673 2723 2724 2674
f 2674 2724 2725 2675
f 2675 2725 2726 2676
f 2676 2726 2727 2677
f 2677 2727 2728 2678
f 2678 2728 2729 2679
f 2679 2729 2730 2680
f 2680 2730 2731 2681
f 2681 2731 2732 2682
f 2682 2732 2733 2683
f 2683 2733 2734 2684
f 2684 2734 2735 2685
f 2685 2735 2736 2686
f 2686 2736 2737 2687
f 2687 2737 2738 2688
f 2688 2738 2739 2689
f 2689 2739 2740 2690
f 2690 2740 2741 2691
f 2691 2741 2742 2692
f 2692 2742 2743 2693
f 2693 2743 2744 2694
f 2694 2744 2745 2695
f 2695 2745 2746 2696
f 2696 2746 2747 2697
f 2697 2747 2748 2698
f 2698 2748 2749 2699
f 2699 2749 2750 2700
f 2700 2750 2751 2701
f 2701 2751 2752 2702
f 2702 2752 2753 2703
f 2703 2753 2754 2704
f 2704 2754 2705 2655
f 2705 2755 2756 2706
f 2706 2756 2757 2707
f 2707 2757 2758 2708
f 2708 2758 2759 2709
f 2709 2759 2760 2710
f 2710 2760 2761 2711
f 2711 2761 2762 2712
f 2712 2762 2763 2713
f 2713 2763 2764 2714
f 2714 2764 2765 2715
f 2715 2765 2766 2716
f 2716 2766 2767 2717
f 2717 2767 2768 2718
f 2718 2768 2769 2719
f 2719 2769 2770 2720
f 2720 2770 2771 2721
f 2721 2771 2772 2722
f 2722 2772 2773 2723
f 2723 2773 2774 2724
f 2724 2774 2775 2725
f 2725 2775 2776 2726
f 2726 2776 2777 2727
f 2727 2777 2778 2728
f 2728 2778 2779 2729
f 2729 2779 2780 2730
f 2730 2780 2781 2731
f 2731 2781 2782 2732
f 2732 2782 2783 2733
f 2733 2783 2784 2734
f 2734 2784 2785 2735
f 2735 2785 2786 2736
f 2736 2786 2787 2737
f 2737 2787 2788 2738
f 2738 2788 2789 2739
f 2739 2789 2790 2740
f 2740 2790 2791 2741
f 2741 2791 2792 2742
f 2742 2792 2793 2743
f 2743 2793 2794 2744
f 2744 2794 2795 2745
f 2745 2795 2796 2746
f 2746 2796 2797 2747
f 2747 2797 2798 2748
f 2748 2798 2799 2749
f 2749 2799 2800 2750
f 2750 2800 2801 2751
f 2751 2801 2802 2752
f 2752 2802 2803 2753
f 2753 2803 2804 2754
f 2754 2804 2755 2705
f 2755 2805 2806 2756
f 2756 2806 2807 2757
f 2757 2807 2808 2758
f 2758 2808 2809 2759
f 2759 2809 2810 2760
f 2760 2810 2811 2761
f 2761 2811 2812 2762
f 2762 2812 2813 2763
f 2763 2813 2814 2764
f 2764 2814 2815 2765
f 2765 2815 2816 2766
f 2766 2816 2817 2767
f 2767 2817 2818 2768
f 2768 2818 2819 2769
f 2769 2819 2820 2770
f 2770 2820 2821 2771
f 2771 2821 2822 2772
f 2772 2822 2823 2773
f 2773 2823 2824 2774
f 2774 2824 2825 2775
f 2775 2825 2826 2776
f 2776 2826 2827 2777
f 2777 2827 2828 2778
f 2778 2828 2829 2779
f 2779 2829 2830 2780
f 2780 2830 2831 2781
f 2781 2831 2832 2782
f 2782 2832 2833 2783
f 2783 2833 2834 2784
f 2784 2834 2835 2785
f 2785 2835 2836 2786
f 2786 2836 2837 2787
f 2787 2837 2838 2788
f 2788 2838 2839 2789
f 2789 2839 2840 2790
f 2790 2840 2841 2791
f 2791 2841 2842 2792
f 2792 2842 2843 2793
f 2793 2843 2844 2794
f 2794 2844 2845 2795
f 2795 2845 2846 2796
f 2796 2846 2847 2797
f 2797 2847 2848 2798
f 2798 2848 2849 2799
f 2799 2849 2850 2800
f 2800 2850 2851 2801
f 2801 2851 2852 2802
f 2802 2852 2853 2803
f 2803 2853 2854 2804
f 2804 2854 2805 2755
f 2805 2855 2856 2806
f 2806 2856 2857 2807
f 2807 2857 2858 2808
f 2808 2858 2859 2809
f 2809 2859 2860 2810
f 2810 2860 2861 2811
f 2811 2861 2862 2812
f 2812 2862 2863 2813
f 2813 2863 2864 2814
f 2814 2864 2865 2815
f 2815 2865 2866 2816
f 2816 2866 2867 2817
f 2817 2867 2868 2818
f 2818 2868 2869 2819
f 2819 2869 2870 2820
f 2820 2870 2871 2821
f 2821 2871 2872 2822
f 2822 2872 2873 2823
f 2823 2873 2874 2824
f 2824 2874 2875 2825
f 2825 2875 2876 2826
f 2826 2876 2877 2827
f 2827 2877 2878 2828
f 2828 2878 2879 2829
f 2829 2879 2880 2830
f 2830 2880 2881 2831
f 2831 2881 2882 2832
f 2832 2882 2883 2833
f 2833 2883 2884 2834
f 2834 2884 2885 2835
f 2835 2885 2886 2836
f 2836 2886 2887 2837
f 2837 2887 2888 2838
f 2838 2888 2889 2839
f 2839 2889 2890 2840
f 2840 2890 2891 2841
f 2841 2891 2892 2842
f 2842 2892 2893 2843
f 2843 2893 2894 2844
f 2844 2894 2895 2845
f 2845 2895 2896 2846
f 2846 2896 2897 2847
f 2847 2897 2898 2848
f 2848 2898 2899 2849
f 2849 2899 2900 2850
f 2850 2900 2901 2851
f 2851 2901 2902 2852
f 2852 2902 2903 2853
f 2853 2903 2904 2854
f 2854 2904 2855 2805
f 2855 2905 2906 2856
f 2856 2906 2907 2857
f 2857 2907 2908 2858
f 2858 2908 2909 2859
f 2859 2909 2910 2860
f 2860 2910 2911 2861
f 2861 2911 2912 2862
f 2862 2912 2913 2863
f 2863 2913 2914 2864
f 2864 2914 2915 2865
f 2865 2915 2916 2866
f 2866 2916 2917 2867
f 2867 2917 2918 2868
f 2868 2918 2919 2869
f 2869 2919 2920 2870
f 2870 2920 2921 2871
f 2871 2921 2922 2872
f 2872 2922 2923 2873
f 2873 2923 2924 2874
f 2874 2924 2925 2875
f 2875 2925 2926 2876
f 2876 2926 2927 2877
f 2877 2927 2928 2878
f 2878 2928 2929 2879
f 2879 2929 2930 2880
f 2880 2930 2931 2881
f 2881 2931 2932 2882
f 2882 2932 2933 2883
f 2883 2933 2934 2884
f 2884 2934 2935 2885
f 2885 2935 2936 2886
f 2886 2936 2937 2887
f 2887 2937 2938 2888
f 2888 2938 2939 2889
f 2889 2939 2940 2890
f 2890 2940 2941 2891
f 2891 2941 2942 2892
f 2892 2942 2943 2893
f 2893 2943 2944 2894
f 2894 2944 2945 2895
f 2895 2945 2946 2896
f 2896 2946 2947 2897
f 2897 2947 2948 2898
f 2898 2948 2949 2899
f 2899 2949 2950 2900
f 2900 2950 2951 2901
f 2901 2951 2952 2902
f 2902 2952 2953 2903
f 2903 2953 2954 2904
f 2904 2954 2905 2855
f 2905 2955 2956 2906
f 2906 2956 2957 2907
f 2907 2957 2958 2908
f 2908 2958 2959 2909
f 2909 2959 2960 2910
f 2910 2960 2961 2911
f 2911 2961 2962 2912
f 2912 2962 2963 2913
f 2913 2963 2964 2914
f 2914 2964 2965 2915
f 2915 2965 2966 2916
f 2916 2966 2967 2917
f 2917 2967 2968 2918
f 2918 2968 2969 2919
f 2919 2969 2970 2920
f 2920 2970 2971 2921
f 2921 2971 2972 2922
f 2922 2972 2973 2923
f 2923 2973 2974 2924
f 2924 2974 2975 2925
f 2925 2975 2976 2926
f 2926 2976 2977 2927
f 2927 2977 2978 2928
f 2928 2978 2979 2929
f 2929 2979 2980 2930
f 2930 2980 2981 2931
f 2931 2981 2982 2932
f 2932 2982 2983 2933
f 2933 2983 2984 2934
f 2934 2984 2985 2935
f 2935 2985 2986 2936
f 2936 2986 2987 2937
f 2937 2987 2988 2938
f 2938 2988 2989 2939
f 2939 2989 2990 2940
f 2940 2990 2991 2941
f 2941 2991 2992 2942
f 2942 2992 2993 2943
f 2943 2993 2994 2944
f 2944 2994 2995 2945
f 2945 2995 2996 2946
f 2946 2996 2997 2947
f 2947 2997 2998 2948
f 2948 2998 2999 2949
f 2949 2999 3000 2950
f 2950 3000 3001 2951
f 2951 3001 3002 2952
f 2952 3002 3003 2953
f 2953 3003 3004 2954
f 2954 3004 2955 2905
f 2955 3005 3006 2956
f 2956 3006 3007 2957
f 2957 3007 3008 2958
f 2958 3008 3009 2959
f 2959 3009 3010 2960
f 2960 3010 3011 2961
f 2961 3011 3012 2962
f 2962 3012 3013 2963
f 2963 3013 3014 2964
f 2964 3014 3015 2965
f 2965 3015 3016 2966
f 2966 3016 3017 2967
f 2967 3017 3018 2968
f 2968 3018 3019 2969
f 2969 3019 3020 2970
f 2970 3020 3021 2971
f 2971 3021 3022 2972
f 2972 3022 3023 2973
f 2973 3023 3024 2974
f 2974 3024 3025 2975
f 2975 3025 3026 2976
f 2976 3026 3027 2977
f 2977 3027 3028 2978
f 2978 3028 3029 2979
f 2979 3029 3030 2980
f 2980 3030 3031 2981
f 2981 3031 3032 2982
f 2982 3032 3033 2983
f 2983 3033 3034 2984
f 2984 3034 3035 2985
f 2985 3035 3036 2986
f 2986 3036 3037 2987
f 2987 3037 3038 2988
f 2988 3038 3039 2989
f 2989 3039 3040 2990
f 2990 3040 3041 2991
f 2991 3041 3042 2992
f 2992 3042 3043 2993
f 2993 3043 3044 2994
f 2994 3044 3045 2995
f 2995 3045 3046 2996
f 2996 3046 3047 2997
f 2997 3047 3048 2998
f 2998 3048 3049 2999
f 2999 3049 3050 3000
f 3000 3050 3051 3001
f 3001 3051 3052 3002
f 3002 3052 3053 3003
f 3003 3053 3054 3004
f 3004 3054 3005 2955
f 3005 3055 3056 3006
f 3006 3056 3057 3007
f 3007 3057 3058 3008
f 3008 3058 3059 3009
f 3009 3059 3060 3010
f 3010 3060 3061 3011
f 3011 3061 3062 3012
f 3012 3062 3063 3013
f 3013 3063 3064 3014
f 3014 3064 3065 3015
f 3015 3065 3066 3016
f 3016 3066 3067 3017
f 3017 3067 3068 3018
f 3018 3068 3069 3019
f 3019 3069 3070 3020
f 3020 3070 3071 3021
f 3021 3071 3072 3022
f 3022 3072 3073 3023
f 3023 3073 3074 3024
f 3024 3074 3075 3025
f 3025 3075 3076 3026
f 3026 3076 3077 3027
f 3027 3077 3078 3028
f 3028 3078 3079 3029
f 3029 3079 3080 3030
f 3030 3080 3081 3031
f 3031 3081 3082 3032
f 3032 3082 3083 3033
f 3033 3083 3084 3034
f 3034 3084 3085 3035
f 3035 3085 3086 3036
f 3036 3086 3087 3037
f 3037 3087 3088 3038
f 3038 3088 3089 3039
f 3039 3089 3090 3040
f 3040 3090 3091 3041
f 3041 3091 3092 3042
f 3042 3092 3093 3043
f 3043 3093 3094 3044
f 3044 3094 3095 3045
f 3045 3095 3096 3046
f 3046 3096 3097 3047
f 3047 3097 3098 3048
f 3048 3098 3099 3049
f 3049 3099 3100 3050
f 3050 3100 3101 3051
f 3051 3101 3102 3052
f 3052 3102 3103 3053
f 3053 3103 3104 3054
f 3054 3104 3055 3005
f 3055 3105 3106 3056
f 3056 3106 3107 3057
f 3057 3107 3108 3058
f 3058 3108 3109 3059
f 3059 3109 3110 3060
f 3060 3110 3111 3061
f 3061 3111 3112 3062
f 3062 3112 3113 3063
f 3063 3113 3114 3064
f 3064 3114 3115 3065
f 3065 3115 3116 3066
f 3066 3116 3117 3067
f 3067 3117 3118 3068
f 3068 3118 3119 3069
f 3069 3119 3120 3070
f 3070 3120 3121 3071
f 3071 3121 3122 3072
f 3072 3122 3123 3073
f 3073 3123 3124 3074
f 3074 3124 3125 3075
f 3075 3125 3126 3076
f 3076 3126 3127 3077
f 3077 3127 3128 3078
f 3078 3128 3129 3079
f 3079 3129 3130 3080
f 3080 3130 3131 3081
f 3081 3131 3132 3082
f 3082 3132 3133 3083
f 3083 3133 3134 3084
f 3084 3134 3135 3085
f 3085 3135 3136 3086
f 3086 3136 3137 3087
f 3087 3137 3138 3088
f 3088 3138 3139 3089
f 3089 3139 3140 3090
f 3090 3140 3141 3091
f 3091 3141 3142 3092
f 3092 3142 3143 3093
f 3093 3143 3144 3094
f 3094 3144 3145 3095
f 3095 3145 3146 3096
f 3096 3146 3147 3097
f 3097 3147 3148 3098
f 3098 3148 3149 3099
f 3099 3149 3150 3100
f 3100 3150 3151 3101
f 3101 3151 3152 3102
f 3102 3152 3153 3103
f 3103 3153 3154 3104
f 3104 3154 3105 3055
f 3105 3155 3156 3106
f 3106 3156 3157 3107
f 3107 3157 3158 3108
f 3108 3158 3159 3109
f 3109 3159 3160 3110
f 3110 3160 3161 3111
f 3111 3161 3162 3112
f 3112 3162 3163 3113
f 3113 3163 3164 3114
f 3114 3164 3165 3115
f 3115 3165 3166 3116
f 3116 3166 3167 3117
f 3117 3167 3168 3118
f 3118 3168 3169 3119
f 3119 3169 3170 3120
f 3120 3170 3171 3121
f 3121 3171 3172 3122
f 3122 3172 3173 3123
f 3123 3173 3174 3124
f 3124 3174 3175 3125
f 3125 3175 3176 3126
f 3126 3176 3177 3127
f 3127 3177 3178 3128
f 3128 3178 3179 3129
f 3129 3179 3180 3130
f 3130 3180 3181 3131
f 3131 3181 3182 3132
f 3132 3182 3183 3133
f 3133 3183 3184 3134
f 3134 3184 3185 3135
f 3135 3185 3186 3136
f 3136 3186 3187 3137
f 3137 3187 3188 3138
f 3138 3188 3189 3139
f 3139 3189 3190 3140
f 3140 3190 3191 3141
f 3141 3191 3192 3142
f 3142 3192 3193 3143
f 3143 3193 3194 3144
f 3144 3194 3195 3145
f 3145 3195 3196 3146
f 3146 3196 3197 3147
f 3147 3197 3198 3148
f 3148 3198 3199 3149
f 3149 3199 3200 3150
f 3150 3200 3201 3151
f 3151 3201 3202 3152
f 3152 3202 3203 3153
f 3153 3203 3204 3154
f 3154 3204 3155 3105
f 3155 3205 3206 3156
f 3156 3206 3207 3157
f 3157 3207 3208 3158
f 3158 3208 3209 3159
f 3159 3209 3210 3160
f 3160 3210 3211 3161
f 3161 3211 3212 3162
f 3162 3212 3213 3163
f 3163 3213 3214 3164
f 3164 3214 3215 3165
f 3165 3215 3216 3166
f 3166 3216 3217 3167
f 3167 3217 3218 3168
f 3168 3218 3219 3169
f 3169 3219 3220 3170
f 3170 3220 3221 3171
f 3171 3221 3222 3172
f 3172 3222 3223 3173
f 3173 3223 3224 3174
f 3174 3224 3225 3175
f 3175 3225 3226 3176
f 3176 3226 3227 3177
f 3177 3227 3228 3178
f 3178 3228 3229 3179
f 3179 3229 3230 3180
f 3180 3230 3231 3181
f 3181 3231 3232 3182
f 3182 3232 3233 3183
f 3183 3233 3234 3184
f 3184 3234 3235 3185
f 3185 3235 3236 3186
f 3186 3236 3237 3187
f 3187 3237 3238 3188
f 3188 3238 3239 3189
f 3189 3239 3240 3190
f 3190 3240 3241 3191
f 3191 3241 3242 3192
f 3192 3242 3243 3193
f 3193 3243 3244 3194
f 3194 3244 3245 3195
f 3195 3245 3246 3196
f 3196 3246 3247 3197
f 3197 3247 3248 3198
f 3198 3248 3249 3199
f 3199 3249 3250 3200
f 3200 3250 3251 3201
f 3201 3251 3252 3202
f 3202 3252 3253 3203
f 3203 3253 3254 3204
f 3204 3254 3205 3155
f 3205 3255 3256 3206
f 3206 3256 3257 3207
f 3207 3257 3258 3208
f 3208 3258 3259 3209
f 3209 3259 3260 3210
f 3210 3260 3261 3211
f 3211 3261 3262 3212
f 3212 3262 3263 3213
f 3213 3263 3264 3214
f 3214 3264 3265 3215
f 3215 3265 3266 3216
f 3216 3266 3267 3217
f 3217 3267 3268 3218
f 3218 3268 3269 3219
f 3219 3269 3270 3220
f 3220 3270 3271 3221
f 3221 3271 3272 3222
f 3222 3272 3273 3223
f 3223 3273 3274 3224
f 3224 3274 3275 3225
f 3225 3275 3276 3226
f 3226 3276 3277 3227
f 3227 3277 3278 3228
f 3228 3278 3279 3229
f 3229 3279 3280 3230
f 3230 3280 3281 3231
f 3231 3281 3282 3232
f 3232 3282 3283 3233
f 3233 3283 3284 3234
f 3234 3284 3285 3235
f 3235 3285 3286 3236
f 3236 3286 3287 3237
f 3237 3287 3288 3238
f 3238 3288 3289 3239
f 3239 3289 3290 3240
f 3240 3290 3291 3241
f 3241 3291 3292 3242
f 3242 3292 3293 3243
f 3243 3293 3294 3244
f 3244 3294 3295 3245
f 3245 3295 3296 3246
f 3246 3296 3297 3247
f 3247 3297 3298 3248
f 3248 3298 3299 3249
f 3249 3299 3300 3250
f 3250 3300 3301 3251
f 3251 3301 3302 3252
f 3252 3302 3303 3253
f 3253 3303 3304 3254
f 3254 3304 3255 3205
f 3255 3305 3306 3256
f 3256 3306 3307 3257
f 3257 3307 3308 3258
f 3258 3308 3309 3259
f 3259 3309 3310 3260
f 3260 3310 3311 3261
f 3261 3311 3312 3262
f 3262 3312 3313 3263
f 3263 3313 3314 3264
f 3264 3314 3315 3265
f 3265 3315 3316 3266
f 3266 3316 3317 3267
f 3267 3317 3318 3268
f 3268 3318 3319 3269
f 3269 3319 3320 3270
f 3270 3320 3321 3271
f 3271 3321 3322 3272
f 3272 3322 3323 3273
f 3273 3323 3324 3274
f 3274 3324 3325 3275
f 3275 3325 3326 3276
f 3276 3326 3327 3277
f 3277 3327 3328 3278
f 3278 3328 3329 3279
f 3279 3329 3330 3280
f 3280 3330 3331 3281
f 3281 3331 3332 3282
f 3282 3332 3333 3283
f 3283 3333 3334 3284
f 3284 3334 3335 3285
f 3285 3335 3336 3286
f 3286 3336 3337 3287
f 3287 3337 3338 3288
f 3288 3338 3339 3289
f 3289 3339 3340 3290
f 3290 3340 3341 3291
f 3291 3341 3342 3292
f 3292 3342 3343 3293
f 3293 3343 3344 3294
f 3294 3344 3345 3295
f 3295 3345 3346 3296
f 3296 3346 3347 3297
f 3297 3347 3348 3298
f 3298 3348 3349 3299
f 3299 3349 3350 3300
f 3300 3350 3351 3301
f 3301 3351 3352 3302
f 3302 3352 3353 3303
f 3303 3353 3354 3304
f 3304 3354 3305 3255
f 3305 3355 3356 3306
f 3306 3356 3357 3307
f 3307 3357 3358 3308
f 3308 3358 3359 3309
f 3309 3359 3360 3310
f 3310 3360 3361 3311
f 3311 3361 3362 3312
f 3312 3362 3363 3313
f 3313 3363 3364 3314
f 3314 3364 3365 3315
f 3315 3365 3366 3316
f 3316 3366 3367 3317
f 3317 3367 3368 3318
f 3318 3368 3369 3319
f 3319 3369 3370 3320
f 3320 3370 3371 3321
f 3321 3371 3372 3322
f 3322 3372 3373 3323
f 3323 3373 3374 3324
f 3324 3374 3375 3325
f 3325 3375 3376 3326
f 3326 3376 3377 3327
f 3327 3377 3378 3328
f 3328 3378 3379 3329
f 3329 3379 3380 3330
f 3330 3380 3381 3331
f 3331 3381 3382 3332
f 3332 3382 3383 3333
f 3333 3383 3384 3334
f 3334 3384 3385 3335
f 3335 3385 3386 3336
f 3336 3386 3387 3337
f 3337 3387 3388 3338
f 3338 3388 3389 3339
f 3339 3389 3390 3340
f 3340 3390 3391 3341
f 3341 3391 3392 3342
f 3342 3392 3393 3343
f 3343 3393 3394 3344
f 3344 3394 3395 3345
f 3345 3395 3396 3346
f 3346 3396 3397 3347
f 3347 3397 3398 3348
f 3348 3398 3399 3349
f 3349 3399 3400 3350
f 3350 3400 3401 3351
f 3351 3401 3402 3352
f 3352 3402 3403 3353
f 3353 3403 3404 3354
f 3354 3404 3355 3305
f 3355 3405 3406 3356
f 3356 3406 3407 3357
f 3357 3407 3408 3358
f 3358 3408 3409 3359
f 3359 3409 3410 3360
f 3360 3410 3411 3361
f 3361 3411 3412 3362
f 3362 3412 3413 3363
f 3363 3413 3414 3364
f 3364 3414 3415 3365
f 3365 3415 3416 3366
f 3366 3416 3417 3367
f 3367 3417 3418 3368
f 3368 3418 3419 3369
f 3369 3419 3420 3370
f 3370 3420 3421 3371
f 3371 3421 3422 3372
f 3372 3422 3423 3373
f 3373 3423 3424 3374
f 3374 3424 3425 3375
f 3375 3425 3426 3376
f 3376 3426 3427 3377
f 3377 3427 3428 3378
f 3378 3428 3429 3379
f 3379 3429 3430 3380
f 3380 3430 3431 3381
f 3381 3431 3432 3382
f 3382 3432 3433 3383
f 3383 3433 3434 3384
f 3384 3434 3435 3385
f 3385 3435 3436 3386
f 3386 3436 3437 3387
f 3387 3437 3438 3388
f 3388 3438 3439 3389
f 3389 3439 3440 3390
f 3390 3440 3441 3391
f 3391 3441 3442 3392
f 3392 3442 3443 3393
f 3393 3443 3444 3394
f 3394 3444 3445 3395
f 3395 3445 3446 3396
f 3396 3446 3447 3397
f 3397 3447 3448 3398
f 3398 3448 3449 3399
f 3399 3449 3450 3400
f 3400 3450 3451 3401
f 3401 3451 3452 3402
f 3402 3452 3453 3403
f 3403 3453 3454 3404
f 3404 3454 3405 3355
f 3405 3455 3456 3406
f 3406 3456 3457 3407
f 3407 3457 3458 3408
f 3408 3458 3459 3409
f 3409 3459 3460 3410
f 3410 3460 3461 3411
f 3411 3461 3462 3412
f 3412 3462 3463 3413
f 3413 3463 3464 3414
f 3414 3464 3465 3415
f 3415 3465 3466 3416
f 3416 3466 3467 3417
f 3417 3467 3468 3418
f 3418 3468 3469 3419
f 3419 3469 3470 3420
f 3420 3470 3471 3421
f 3421 3471 3472 3422
f 3422 3472 3473 3423
f 3423 3473 3474 3424
f 3424 3474 3475 3425
f 3425 3475 3476 3426
f 3426 3476 3477 3427
f 3427 3477 3478 3428
f 3428 3478 3479 3429
f 3429 3479 3480 3430
f 3430 3480 3481 3431
f 3431 3481 3482 3432
f 3432 3482 3483 3433
f 3433 3483 3484 3434
f 3434 3484 3485 3435
f 3435 3485 3486 3436
f 3436 3486 3487 3437
f 3437 3487 3488 3438
f 3438 3488 3489 3439
f 3439 3489 3490 3440
f 3440 3490 3491 3441
f 3441 3491 3492 3442
f 3442 3492 3493 3443
f 3443 3493 3494 3444
f 3444 3494 3495 3445
f 3445 3495 3496 3446
f 3446 3496 3497 3447
f 3447 3497 3498 3448
f 3448 3498 3499 3449
f 3449 3499 3500 3450
f 3450 3500 3501 3451
f 3451 3501 3502 3452
f 3452 3502 3503 3453
f 3453 3503 3504 3454
f 3454 3504 3455 3405
f 3455 3505 3506 3456
f 3456 3506 3507 3457
f 3457 3507 3508 3458
f 3458 3508 3509 3459
f 3459 3509 3510 3460
f 3460 3510 3511 3461
f 3461 3511 3512 3462
f 3462 3512 3513 3463
f 3463 3513 3514 3464
f 3464 3514 3515 3465
f 3465 3515 3516 3466
f 3466 3516 3517 3467
f 3467 3517 3518 3468
f 3468 3518 3519 3469
f 3469 3519 3520 3470
f 3470 3520 3521 3471
f 3471 3521 3522 3472
f 3472 3522 3523 3473
f 3473 3523 3524 3474
f 3474 3524 3525 3475
f 3475 3525 3526 3476
f 3476 3526 3527 3477
f 3477 3527 3528 3478
f 3478 3528 3529 3479
f 3479 3529 3530 3480
f 3480 3530 3531 3481
f 3481 3531 3532 3482
f 3482 3532 3533 3483
f 3483 3533 3534 3484
f 3484 3534 3535 3485
f 3485 3535 3536 3486
f 3486 3536 3537 3487
f 3487 3537 3538 3488
f 3488 3538 3539 3489
f 3489 3539 3540 3490
f 3490 3540 3541 3491
f 3491 3541 3542 3492
f 3492 3542 3543 3493
f 3493 3543 3544 3494
f 3494 3544 3545 3495
f 3495 3545 3546 3496
f 3496 3546 3547 3497
f 3497 3547 3548 3498
f 3498 3548 3549 3499
f 3499 3549 3550 3500
f 3500 3550 3551 3501
f 3501 3551 3552 3502
f 3502 3552 3553 3503
f 3503 3553 3554 3504
f 3504 3554 3505 3455
f 3505 3555 3556 3506
f 3506 3556 3557 3507
f 3507 3557 3558 3508
f 3508 3558 3559 3509
f 3509 3559 3560 3510
f 3510 3560 3561 3511
f 3511 3561 3562 3512
f 3512 3562 3563 3513
f 3513 3563 3564 3514
f 3514 3564 3565 3515
f 3515 3565 3566 3516
f 3516 3566 3567 3517
f 3517 3567 3568 3518
f 3518 3568 3569 3519
f 3519 3569 3570 3520
f 3520 3570 3571 3521
f 3521 3571 3572 3522
f 3522 3572 3573 3523
f 3523 3573 3574 3524
f 3524 3574 3575 3525
f 3525 3575 3576 3526
f 3526 3576 3577 3527
f 3527 3577 3578 3528
f 3528 3578 3579 3529
f 3529 3579 3580 3530
f 3530 3580 3581 3531
f 3531 3581 3582 3532
f 3532 3582 3583 3533
f 3533 3583 3584 3534
f 3534 3584 3585 3535
f 3535 3585 3586 3536
f 3536 3586 3587 3537
f 3537 3587 3588 3538
f 3538 3588 3589 3539
f 3539 3589 3590 3540
f 3540 3590 3591 3541
f 3541 3591 3592 3542
f 3542 3592 3593 3543
f 3543 3593 3594 3544
f 3544 3594 3595 3545
f 3545 3595 3596 3546
f 3546 3596 3597 3547
f 3547 3597 3598 3548
f 3548 3598 3599 3549
f 3549 3599 3600 3550
f 3550 3600 3601 3551
f 3551 3601 3602 3552
f 3552 3602 3603 3553
f 3553 3603 3604 3554
f 3554 3604 3555 3505
f 3555 3605 3606 3556
f 3556 3606 3607 3557
f 3557 3607 3608 3558
f 3558 3608 3609 3559
f 3559 3609 3610 3560
f 3560 3610 3611 3561
f 3561 3611 3612 3562
f 3562 3612 3613 3563
f 3563 3613 3614 3564
f 3564 3614 3615 3565
f 3565 3615 3616 3566
f 3566 3616 3617 3567
f 3567 3617 3618 3568
f 3568 3618 3619 3569
f 3569 3619 3620 3570
f 3570 3620 3621 3571
f 3571 3621 3622 3572
f 3572 3622 3623 3573
f 3573 3623 3624 3574
f 3574 3624 3625 3575
f 3575 3625 3626 3576
f 3576 3626 3627 3577
f 3577 3627 3628 3578
f 3578 3628 3629 3579
f 3579 3629 3630 3580
f 3580 3630 3631 3581
f 3581 3631 3632 3582
f 3582 3632 3633 3583
f 3583 3633 3634 3584
f 3584 3634 3635 3585
f 3585 3635 3636 3586
f 3586 3636 3637 3587
f 3587 3637 3638 3588
f 3588 3638 3639 3589
f 3589 3639 3640 3590
f 3590 3640 3641 3591
f 3591 3641 3642 3592
f 3592 3642 3643 3593
f 3593 3643 3644 3594
f 3594 3644 3645 3595
f 3595 3645 3646 3596
f 3596 3646 3647 3597
f 3597 3647 3648 3598
f 3598 3648 3649 3599
f 3599 3649 3650 3600
f 3600 3650 3651 3601
f 3601 3651 3652 3602
f 3602 3652 3653 3603
f 3603 3653 3654 3604
f 3604 3654 3605 3555
f 3605 3655 3656 3606
f 3606 3656 3657 3607
f 3607 3657 3658 3608
f 3608 3658 3659 3609
f 3609 3659 3660 3610
f 3610 3660 3661 3611
f 3611 3661 3662 3612
f 3612 3662 3663 3613
f 3613 3663 3664 3614
f 3614 3664 3665 3615
f 3615 3665 3666 3616
f 3616 3666 3667 3617
f 3617 3667 3668 3618
f 3618 3668 3669 3619
f 3619 3669 3670 3620
f 3620 3670 3671 3621
f 3621 3671 3672 3622
f 3622 3672 3673 3623
f 3623 3673 3674 3624
f 3624 3674 3675 3625
f 3625 3675 3676 3626
f 3626 3676 3677 3627
f 3627 3677 3678 3628
f 3628 3678 3679 3629
f 3629 3679 3680 3630
f 3630 3680 3681 3631
f 3631 3681 3682 3632
f 3632 3682 3683 3633
f 3633 3683 3684 3634
f 3634 3684 3685 3635
f 3635 3685 3686 3636
f 3636 3686 3687 3637
f 3637 3687 3688 3638
f 3638 3688 3689 3639
f 3639 3689 3690 3640
f 3640 3690 3691 3641
f 3641 3691 3692 3642
f 3642 3692 3693 3643
f 3643 3693 3694 3644
f 3644 3694 3695 3645
f 3645 3695 3696 3646
f 3646 3696 3697 3647
f 3647 3697 3698 3648
f 3648 3698 3699 3649
f 3649 3699 3700 3650
f 3650 3700 3701 3651
f 3651 3701 3702 3652
f 3652 3702 3703 3653
f 3653 3703 3704 3654
f 3654 3704 3655 3605
f 3655 3705 3706 3656
f 3656 3706 3707 3657
f 3657 3707 3708 3658
f 3658 3708 3709 3659
f 3659 3709 3710 3660
f 3660 3710 3711 3661
f 3661 3711 3712 3662
f 3662 3712 3713 3663
f 3663 3713 3714 3664
f 3664 3714 3715 3665
f 3665 3715 3716 3666
f 3666 3716 3717 3667
f 3667 3717 3718 3668
f 3668 3718 3719 3669
f 3669 3719 3720 3670
f 3670 3720 3721 3671
f 3671 3721 3722 3672
f 3672 3722 3723 3673
f 3673 3723 3724 3674
f 3674 3724 3725 3675
f 3675 3725 3726 3676
f 3676 3726 3727 3677
f 3677 3727 3728 3678
f 3678 3728 3729 3679
f 3679 3729 3730 3680
f 3680 3730 3731 3681
f 3681 3731 3732 3682
f 3682 3732 3733 3683
f 3683 3733 3734 3684
f 3684 3734 3735 3685
f 3685 3735 3736 3686
f 3686 3736 3737 3687
f 3687 3737 3738 3688
f 3688 3738 3739 3689
f 3689 3739 3740 3690
f 3690 3740 3741 3691
f 3691 3741 3742 3692
f 3692 3742 3743 3693
f 3693 3743 3744 3694
f 3694 3744 3745 3695
f 3695 3745 3746 3696
f 3696 3746 3747 3697
f 3697 3747 3748 3698
f 3698 3748 3749 3699
f 3699 3749 3750 3700
f 3700 3750 3751 3701
f 3701 3751 3752 3702
f 3702 3752 3753 3703
f 3703 3753 3754 3704
f 3704 3754 3705 3655
f 3705 3755 3756 3706
f 3706 3756 3757 3707
f 3707 3757 3758 3708
f 3708 3758 3759 3709
f 3709 3759 3760 3710
f 3710 3760 3761 3711
f 3711 3761 3762 3712
f 3712 3762 3763 3713
f 3713 3763 3764 3714
f 3714 3764 3765 3715
f 3715 3765 3766 3716
f 3716 3766 3767 3717
f 3717 3767 3768 3718
f 3718 3768 3769 3719
f 3719 3769 3770 3720
f 3720 3770 3771 3721
f 3721 3771 3772 3722
f 3722 3772 3773 3723
f 3723 3773 3774 3724
f 3724 3774 3775 3725
f 3725 3775 3776 3726
f 3726 3776 3777 3727
f 3727 3777 3778 3728
f 3728 3778 3779 3729
f 3729 3779 3780 3730
f 3730 3780 3781 3731
f 3731 3781 3782 3732
f 3732 3782 3783 3733
f 3733 3783 3784 3734
f 3734 3784 3785 3735
f 3735 3785 3786 3736
f 3736 3786 3787 3737
f 3737 3787 3788 3738
f 3738 3788 3789 3739
f 3739 3789 3790 3740
f 3740 3790 3791 3741
f 3741 3791 3792 3742
f 3742 3792 3793 3743
f 3743 3793 3794 3744
f 3744 3794 3795 3745
f 3745 3795 3796 3746
f 3746 3796 3797 3747
f 3747 3797 3798 3748
f 3748 3798 3799 3749
f 3749 3799 3800 3750
f 3750 3800 3801 3751
f 3751 3801 3802 3752
f 3752 3802 3803 3753
f 3753 3803 3804 3754
f 3754 3804 3755 3705
f 3755 3805 3806 3756
f 3756 3806 3807 3757
f 3757 3807 3808 3758
f 3758 3808 3809 3759
f 3759 3809 3810 3760
f 3760 3810 3811 3761
f 3761 3811 3812 3762
f 3762 3812 3813 3763
f 3763 3813 3814 3764
f 3764 3814 3815 3765
f 3765 3815 3816 3766
f 3766 3816 3817 3767
f 3767 3817 3818 3768
f 3768 3818 3819 3769
f 3769 3819 3820 3770
f 3770 3820 3821 3771
f 3771 3821 3822 3772
f 3772 3822 3823 3773
f 3773 3823 3824 3774
f 3774 3824 3825 3775
f 3775 3825 3826 3776
f 3776 3826 3827 3777
f 3777 3827 3828 3778
f 3778 3828 3829 3779
f 3779 3829 3830 3780
f 3780 3830 3831 3781
f 3781 3831 3832 3782
f 3782 3832 3833 3783
f 3783 3833 3834 3784
f 3784 3834 3835 3785
f 3785 3835 3836 3786
f 3786 3836 3837 3787
f 3787 3837 3838 3788
f 3788 3838 3839 3789
f 3789 3839 3840 3790
f 3790 3840 3841 3791
f 3791 3841 3842 3792
f 3792 3842 3843 3793
f 3793 3843 3844 3794
f 3794 3844 3845 3795
f 3795 3845 3846 3796
f 3796 3846 3847 3797
f 3797 3847 3848 3798
f 3798 3848 3849 3799
f 3799 3849 3850 3800
f 3800 3850 3851 3801
f 3801 3851 3852 3802
f 3802 3852 3853 3803
f 3803 3853 3854 3804
f 3804 3854 3805 3755
f 3805 3855 3856 3806
f 3806 3856 3857 3807
f 3807 3857 3858 3808
f 3808 3858 3859 3809
f 3809 3859 3860 3810
f 3810 3860 3861 3811
f 3811 3861 3862 3812
f 3812 3862 3863 3813
f 3813 3863 3864 3814
f 3814 3864 3865 3815
f 3815 3865 3866 3816
f 3816 3866 3867 3817
f 3817 3867 3868 3818
f 3818 3868 3869 3819
f 3819 3869 3870 3820
f 3820 3870 3871 3821
f 3821 3871 3872 3822
f 3822 3872 3873 3823
f 3823 3873 3874 3824
f 3824 3874 3875 3825
f 3825 3875 3876 3826
f 3826 3876 3877 3827
f 3827 3877 3878 3828
f 3828 3878 3879 3829
f 3829 3879 3880 3830
f 3830 3880 3881 3831
f 3831 3881 3882 3832
f 3832 3882 3883 3833
f 3833 3883 3884 3834
f 3834 3884 3885 3835
f 3835 3885 3886 3836
f 3836 3886 3887 3837
f 3837 3887 3888 3838
f 3838 3888 3889 3839
f 3839 3889 3890 3840
f 3840 3890 3891 3841
f 3841 3891 3892 3842
f 3842 3892 3893 3843
f 3843 3893 3894 3844
f 3844 3894 3895 3845
f 3845 3895 3896 3846
f 3846 3896 3897 3847
f 3847 3897 3898 3848
f 3848 3898 3899 3849
f 3849 3899 3900 3850
f 3850 3900 3901 3851
f 3851 3901 3902 3852
f 3852 3902 3903 3853
f 3853 3903 3904 3854
f 3854 3904 3855 3805
f 3855 3905 3906 3856
f 3856 3906 3907 3857
f 3857 3907 3908 3858
f 3858 3908 3909 3859
f 3859 3909 3910 3860
f 3860 3910 3911 3861
f 3861 3911 3912 3862
f 3862 3912 3913 3863
f 3863 3913 3914 3864
f 3864 3914 3915 3865
f 3865 3915 3916 3866
f 3866 3916 3917 3867
f 3867 3917 3918 3868
f 3868 3918 3919 3869
f 3869 3919 3920 3870
f 3870 3920 3921 3871
f 3871 3921 3922 3872
f 3872 3922 3923 3873
f 3873 3923 3924 3874
f 3874 3924 3925 3875
f 3875 3925 3926 3876
f 3876 3926 3927 3877
f 3877 3927 3928 3878
f 3878 3928 3929 3879
f 3879 3929 3930 3880
f 3880 3930 3931 3881
f 3881 3931 3932 3882
f 3882 3932 3933 3883
f 3883 3933 3934 3884
f 3884 3934 3935 3885
f 3885 3935 3936 3886
f 3886 3936 3937 3887
f 3887 3937 3938 3888
f 3888 3938 3939 3889
f 3889 3939 3940 3890
f 3890 3940 3941 3891
f 3891 3941 3942 3892
f 3892 3942 3943 3893
f 3893 3943 3944 3894
f 3894 3944 3945 3895
f 3895 3945 3946 3896
f 3896 3946 3947 3897
f 3897 3947 3948 3898
f 3898 3948 3949 3899
f 3899 3949 3950 3900
f 3900 3950 3951 3901
f 3901 3951 3952 3902
f 3902 3952 3953 3903
f 3903 3953 3954 3904
f 3904 3954 3905 3855
f 3905 3955 3956 3906
f 3906 3956 3957 3907
f 3907 3957 3958 3908
f 3908 3958 3959 3909
f 3909 3959 3960 3910
f 3910 3960 3961 3911
f 3911 3961 3962 3912
f 3912 3962 3963 3913
f 3913 3963 3964 3914
f 3914 3964 3965 3915
f 3915 3965 3966 3916
f 3916 3966 3967 3917
f 3917 3967 3968 3918
f 3918 3968 3969 3919
f 3919 3969 3970 3920
f 3920 3970 3971 3921
f 3921 3971 3972 3922
f 3922 3972 3973 3923
f 3923 3973 3974 3924
f 3924 3974 3975 3925
f 3925 3975 3976 3926
f 3926 3976 3977 3927
f 3927 3977 3978 3928
f 3928 3978 3979 3929
f 3929 3979 3980 3930
f 3930 3980 3981 3931
f 3931 3981 3982 3932
f 3932 3982 3983 3933
f 3933 3983 3984 3934
f 3934 3984 3985 3935
f 3935 3985 3986 3936
f 3936 3986 3987 3937
f 3937 3987 3988 3938
f 3938 3988 3989 3939
f 3939 3989 3990 3940
f 3940 3990 3991 3941
f 3941 3991 3992 3942
f 3942 3992 3993 3943
f 3943 3993 3994 3944
f 3944 3994 3995 3945
f 3945 3995 3996 3946
f 3946 3996 3997 3947
f 3947 3997 3998 3948
f 3948 3998 3999 3949
f 3949 3999 4000 3950
f 3950 4000 4001 3951
f 3951 4001 4002 3952
f 3952 4002 4003 3953
f 3953 4003 4004 3954
f 3954 4004 3955 3905
f 3955 4005 4006 3956
f 3956 4006 4007 3957
f 3957 4007 4008 3958
f 3958 4008 4009 3959
f 3959 4009 4010 3960
f 3960 4010 4011 3961
f 3961 4011 4012 3962
f 3962 4012 4013 3963
f 3963 4013 4014 3964
f 3964 4014 4015 3965
f 3965 4015 4016 3966
f 3966 4016 4017 3967
f 3967 4017 4018 3968
f 3968 4018 4019 3969
f 3969 4019 4020 3970
f 3970 4020 4021 3971
f 3971 4021 4022 3972
f 3972 4022 4023 3973
f 3973 4023 4024 3974
f 3974 4024 4025 3975
f 3975 4025 4026 3976
f 3976 4026 4027 3977
f 3977 4027 4028 3978
f 3978 4028 4029 3979
f 3979 4029 4030 3980
f 3980 4030 4031 3981
f 3981 4031 4032 3982
f 3982 4032 4033 3983
f 3983 4033 4034 3984
f 3984 4034 4035 3985
f 3985 4035 4036 3986
f 3986 4036 4037 3987
f 3987 4037 4038 3988
f 3988 4038 4039 3989
f 3989 4039 4040 3990
f 3990 4040 4041 3991
f 3991 4041 4042 3992
f 3992 4042 4043 3993
f 3993 4043 4044 3994
f 3994 4044 4045 3995
f 3995 4045 4046 3996
f 3996 4046 4047 3997
f 3997 4047 4048 3998
f 3998 4048 4049 3999
f 3999 4049 4050 4000
f 4000 4050 4051 4001
f 4001 4051 4052 4002
f 4002 4052 4053 4003
f 4003 4053 4054 4004
f 4004 4054 4005 3955
f 4005 4055 4056 4006
f 4006 4056 4057 4007
f 4007 4057 4058 4008
f 4008 4058 4059 4009
f 4009 4059 4060 4010
f 4010 4060 4061 4011
f 4011 4061 4062 4012
f 4012 4062 4063 4013
f 4013 4063 4064 4014
f 4014 4064 4065 4015
f 4015 4065 4066 4016
f 4016 4066 4067 4017
f 4017 4067 4068 4018
f 4018 4068 4069 4019
f 4019 4069 4070 4020
f 4020 4070 4071 4021
f 4021 4071 4072 4022
f 4022 4072 4073 4023
f 4023 4073 4074 4024
f 4024 4074 4075 4025
f 4025 4075 4076 4026
f 4026 4076 4077 4027
f 4027 4077 4078 4028
f 4028 4078 4079 4029
f 4029 4079 4080 4030
f 4030 4080 4081 4031
f 4031 4081 4082 4032
f 4032 4082 4083 4033
f 4033 4083 4084 4034
f 4034 4084 4085 4035
f 4035 4085 4086 4036
f 4036 4086 4087 4037
f 4037 4087 4088 4038
f 4038 4088 4089 4039
f 4039 4089 4090 4040
f 4040 4090 4091 4041
f 4041 4091 4092 4042
f 4042 4092 4093 4043
f 4043 4093 4094 4044
f 4044 4094 4095 4045
f 4045 4095 4096 4046
f 4046 4096 4097 4047
f 4047 4097 4098 4048
f 4048 4098 4099 4049
f 4049 4099 4100 4050
f 4050 4100 4101 4051
f 4051 4101 4102 4052
f 4052 4102 4103 4053
f 4053 4103 4104 4054
f 4054 4104 4055 4005
f 4055 4105 4106 4056
f 4056 4106 4107 4057
f 4057 4107 4108 4058
f 4058 4108 4109 4059
f 4059 4109 4110 4060
f 4060 4110 4111 4061
f 4061 4111 4112 4062
f 4062 4112 4113 4063
f 4063 4113 4114 4064
f 4064 4114 4115 4065
f 4065 4115 4116 4066
f 4066 4116 4117 4067
f 4067 4117 4118 4068
f 4068 4118 4119 4069
f 4069 4119 4120 4070
f 4070 4120 4121 4071
f 4071 4121 4122 4072
f 4072 4122 4123 4073
f 4073 4123 4124 4074
f 4074 4124 4125 4075
f 4075 4125 4126 4076
f 4076 4126 4127 4077
f 4077 4127 4128 4078
f 4078 4128 4129 4079
f 4079 4129 4130 4080
f 4080 4130 4131 4081
f 4081 4131 4132 4082
f 4082 4132 4133 4083
f 4083 4133 4134 4084
f 4084 4134 4135 4085
f 4085 4135 4136 4086
f 4086 4136 4137 4087
f 4087 4137 4138 4088
f 4088 4138 4139 4089
f 4089 4139 4140 4090
f 4090 4140 4141 4091
f 4091 4141 4142 4092
f 4092 4142 4143 4093
f 4093 4143 4144 4094
f 4094 4144 4145 4095
f 4095 4145 4146 4096
f 4096 4146 4147 4097
f 4097 4147 4148 4098
f 4098 4148 4149 4099
f 4099 4149 4150 4100
f 4100 4150 4151 4101
f 4101 4151 4152 4102
f 4102 4152 4153 4103
f 4103 4153 4154 4104
f 4104 4154 4105 4055
f 4105 4155 4156 4106
f 4106 4156 4157 4107
f 4107 4157 4158 4108
f 4108 4158 4159 4109
f 4109 4159 4160 4110
f 4110 4160 4161 4111
f 4111 4161 4162 4112
f 4112 4162 4163 4113
f 4113 4163 4164 4114
f 4114 4164 4165 4115
f 4115 4165 4166 4116
f 4116 4166 4167 4117
f 4117 4167 4168 4118
f 4118 4168 4169 4119
f 4119 4169 4170 4120
f 4120 4170 4171 4121
f 4121 4171 4172 4122
f 4122 4172 4173 4123
f 4123 4173 4174 4124
f 4124 4174 4175 4125
f 4125 4175 4176 4126
f 4126 4176 4177 4127
f 4127 4177 4178 4128
f 4128 4178 4179 4129
f 4129 4179 4180 4130
f 4130 4180 4181 4131
f 4131 4181 4182 4132
f 4132 4182 4183 4133
f 4133 4183 4184 4134
f 4134 4184 4185 4135
f 4135 4185 4186 4136
f 4136 4186 4187 4137
f 4137 4187 4188 4138
f 4138 4188 4189 4139
f 4139 4189 4190 4140
f 4140 4190 4191 4141
f 4141 4191 4192 4142
f 4142 4192 4193 4143
f 4143 4193 4194 4144
f 4144 4194 4195 4145
f 4145 4195 4196 4146
f 4146 4196 4197 4147
f 4147 4197 4198 4148
f 4148 4198 4199 4149
f 4149 4199 4200 4150
f 4150 4200 4201 4151
f 4151 4201 4202 4152
f 4152 4202 4203 4153
f 4153 4203 4204 4154
f 4154 4204 4155 4105
f 4155 4205 4206 4156
f 4156 4206 4207 4157
f 4157 4207 4208 4158
f 4158 4208 4209 4159
f 4159 4209 4210 4160
f 4160 4210 4211 4161
f 4161 4211 4212 4162
f 4162 4212 4213 4163
f 4163 4213 4214 4164
f 4164 4214 4215 4165
f 4165 4215 4216 4166
f 4166 4216 4217 4167
f 4167 4217 4218 4168
f 4168 4218 4219 4169
f 4169 4219 4220 4170
f 4170 4220 4221 4171
f 4171 4221 4222 4172
f 4172 4222 4223 4173
f 4173 4223 4224 4174
f 4174 4224 4225 4175
f 4175 4225 4226 4176
f 4176 4226 4227 4177
f 4177 4227 4228 4178
f 4178 4228 4229 4179
f 4179 4229 4230 4180
f 4180 4230 4231 4181
f 4181 4231 4232 4182
f 4182 4232 4233 4183
f 4183 4233 4234 4184
f 4184 4234 4235 4185
f 4185 4235 4236 4186
f 4186 4236 4237 4187
f 4187 4237 4238 4188
f 4188 4238 4239 4189
f 4189 4239 4240 4190
f 4190 4240 4241 4191
f 4191 4241 4242 4192
f 4192 4242 4243 4193
f 4193 4243 4244 4194
f 4194 4244 4245 4195
f 4195 4245 4246 4196
f 4196 4246 4247 4197
f 4197 4247 4248 4198
f 4198 4248 4249 4199
f 4199 4249 4250 4200
f 4200 4250 4251 4201
f 4201 4251 4252 4202
f 4202 4252 4253 4203
f 4203 4253 4254 4204
f 4204 4254 4205 4155
f 4205 4255 4256 4206
f 4206 4256 4257 4207
f 4207 4257 4258 4208
f 4208 4258 4259 4209
f 4209 4259 4260 4210
f 4210 4260 4261 4211
f 4211 4261 4262 4212
f 4212 4262 4263 4213
f 4213 4263 4264 4214
f 4214 4264 4265 4215
f 4215 4265 4266 4216
f 4216 4266 4267 4217
f 4217 4267 4268 4218
f 4218 4268 4269 4219
f 4219 4269 4270 4220
f 4220 4270 4271 4221
f 4221 4271 4272 4222
f 4222 4272 4273 4223
f 4223 4273 4274 4224
f 4224 4274 4275 4225
f 4225 4275 4276 4226
f 4226 4276 4277 4227
f 4227 4277 4278 4228
f 4228 4278 4279 4229
f 4229 4279 4280 4230
f 4230 4280 4281 4231
f 4231 4281 4282 4232
f 4232 4282 4283 4233
f 4233 4283 4284 4234
f 4234 4284 4285 4235
f 4235 4285 4286 4236
f 4236 4286 4287 4237
f 4237 4287 4288 4238
f 4238 4288 4289 4239
f 4239 4289 4290 4240
f 4240 4290 4291 4241
f 4241 4291 4292 4242
f 4242 4292 4293 4243
f 4243 4293 4294 4244
f 4244 4294 4295 4245
f 4245 4295 4296 4246
f 4246 4296 4297 4247
f 4247 4297 4298 4248
f 4248 4298 4299 4249
f 4249 4299 4300 4250
f 4250 4300 4301 4251
f 4251 4301 4302 4252
f 4252 4302 4303 4253
f 4253 4303 4304 4254
f 4254 4304 4255 4205
f 4255 4305 4306 4256
f 4256 4306 4307 4257
f 4257 4307 4308 4258
f 4258 4308 4309 4259
f 4259 4309 4310 4260
f 4260 4310 4311 4261
f 4261 4311 4312 4262
f 4262 4312 4313 4263
f 4263 4313 4314 4264
f 4264 4314 4315 4265
f 4265 4315 4316 4266
f 4266 4316 4317 4267
f 4267 4317 4318 4268
f 4268 4318 4319 4269
f 4269 4319 4320 4270
f 4270 4320 4321 4271
f 4271 4321 4322 4272
f 4272 4322 4323 4273
f 4273 4323 4324 4274
f 4274 4324 4325 4275
f 4275 4325 4326 4276
f 4276 4326 4327 4277
f 4277 4327 4328 4278
f 4278 4328 4329 4279
f 4279 4329 4330 4280
f 4280 4330 4331 4281
f 4281 4331 4332 4282
f 4282 4332 4333 4283
f 4283 4333 4334 4284
f 4284 4334 4335 4285
f 4285 4335 4336 4286
f 4286 4336 4337 4287
f 4287 4337 4338 4288
f 4288 4338 4339 4289
f 4289 4339 4340 4290
f 4290 4340 4341 4291
f 4291 4341 4342 4292
f 4292 4342 4343 4293
f 4293 4343 4344 4294
f 4294 4344 4345 4295
f 4295 4345 4346 4296
f 4296 4346 4347 4297
f 4297 4347 4348 4298
f 4298 4348 4349 4299
f 4299 4349 4350 4300
f 4300 4350 4351 4301
f 4301 4351 4352 4302
f 4302 4352 4353 4303
f 4303 4353 4354 4304
f 4304 4354 4305 4255
f 4305 4355 4356 4306
f 4306 4356 4357 4307
f 4307 4357 4358 4308
f 4308 4358 4359 4309
f 4309 4359 4360 4310
f 4310 4360 4361 4311
f 4311 4361 4362 4312
f 4312 4362 4363 4313
f 4313 4363 4364 4314
f 4314 4364 4365 4315
f 4315 4365 4366 4316
f 4316 4366 4367 4317
f 4317 4367 4368 4318
f 4318 4368 4369 4319
f 4319 4369 4370 4320
f 4320 4370 4371 4321
f 4321 4371 4372 4322
f 4322 4372 4373 4323
f 4323 4373 4374 4324
f 4324 4374 4375 4325
f 4325 4375 4376 4326
f 4326 4376 4377 4327
f 4327 4377 4378 4328
f 4328 4378 4379 4329
f 4329 4379 4380 4330
f 4330 4380 4381 4331
f 4331 4381 4382 4332
f 4332 4382 4383 4333
f 4333 4383 4384 4334
f 4334 4384 4385 4335
f 4335 4385 4386 4336
f 4336 4386 4387 4337
f 4337 4387 4388 4338
f 4338 4388 4389 4339
f 4339 4389 4390 4340
f 4340 4390 4391 4341
f 4341 4391 4392 4342
f 4342 4392 4393 4343
f 4343 4393 4394 4344
f 4344 4394 4395 4345
f 4345 4395 4396 4346
f 4346 4396 4397 4347
f 4347 4397 4398 4348
f 4348 4398 4399 4349
f 4349 4399 4400 4350
f 4350 4400 4401 4351
f 4351 4401 4402 4352
f 4352 4402 4403 4353
f 4353 4403 4404 4354
f 4354 4404 4355 4305
f 4355 4405 4406 4356
f 4356 4406 4407 4357
f 4357 4407 4408 4358
f 4358 4408 4409 4359
f 4359 4409 4410 4360
f 4360 4410 4411 4361
f 4361 4411 4412 4362
f 4362 4412 4413 4363
f 4363 4413 4414 4364
f 4364 4414 4415 4365
f 4365 4415 4416 4366
f 4366 4416 4417 4367
f 4367 4417 4418 4368
f 4368 4418 4419 4369
f 4369 4419 4420 4370
f 4370 4420 4421 4371
f 4371 4421 4422 4372
f 4372 4422 4423 4373
f 4373 4423 4424 4374
f 4374 4424 4425 4375
f 4375 4425 4426 4376
f 4376 4426 4427 4377
f 4377 4427 4428 4378
f 4378 4428 4429 4379
f 4379 4429 4430 4380
f 4380 4430 4431 4381
f 4381 4431 4432 4382
f 4382 4432 4433 4383
f 4383 4433 4434 4384
f 4384 4434 4435 4385
f 4385 4435 4436 4386
f 4386 4436 4437 4387
f 4387 4437 4438 4388
f 4388 4438 4439 4389
f 4389 4439 4440 4390
f 4390 4440 4441 4391
f 4391 4441 4442 4392
f 4392 4442 4443 4393
f 4393 4443 4444 4394
f 4394 4444 4445 4395
f 4395 4445 4446 4396
f 4396 4446 4447 4397
f 4397 4447 4448 4398
f 4398 4448 4449 4399
f 4399 4449 4450 4400
f 4400 4450 4451 4401
f 4401 4451 4452 4402
f 4402 4452 4453 4403
f 4403 4453 4454 4404
f 4404 4454 4405 4355
f 4405 4455 4456 4406
f 4406 4456 4457 4407
f 4407 4457 4458 4408
f 4408 4458 4459 4409
f 4409 4459 4460 4410
f 4410 4460 4461 4411
f 4411 4461 4462 4412
f 4412 4462 4463 4413
f 4413 4463 4464 4414
f 4414 4464 4465 4415
f 4415 4465 4466 4416
f 4416 4466 4467 4417
f 4417 4467 4468 4418
f 4418 4468 4469 4419
f 4419 4469 4470 4420
f 4420 4470 4471 4421
f 4421 4471 4472 4422
f 4422 4472 4473 4423
f 4423 4473 4474 4424
f 4424 4474 4475 4425
f 4425 4475 4476 4426
f 4426 4476 4477 4427
f 4427 4477 4478 4428
f 4428 4478 4479 4429
f 4429 4479 4480 4430
f 4430 4480 4481 4431
f 4431 4481 4482 4432
f 4432 4482 4483 4433
f 4433 4483 4484 4434
f 4434 4484 4485 4435
f 4435 4485 4486 4436
f 4436 4486 4487 4437
f 4437 4487 4488 4438
f 4438 4488 4489 4439
f 4439 4489 4490 4440
f 4440 4490 4491 4441
f 4441 4491 4492 4442
f 4442 4492 4493 4443
f 4443 4493 4494 4444
f 4444 4494 4495 4445
f 4445 4495 4496 4446
f 4446 4496 4497 4447
f 4447 4497 4498 4448
f 4448 4498 4499 4449
f 4449 4499 4500 4450
f 4450 4500 4501 4451
f 4451 4501 4502 4452
f 4452 4502 4503 4453
f 4453 4503 4504 4454
f 4454 4504 4455 4405
f 4455 4505 4506 4456
f 4456 4506 4507 4457
f 4457 4507 4508 4458
f 4458 4508 4509 4459
f 4459 4509 4510 4460
f 4460 4510 4511 4461
f 4461 4511 4512 4462
f 4462 4512 4513 4463
f 4463 4513 4514 4464
f 4464 4514 4515 4465
f 4465 4515 4516 4466
f 4466 4516 4517 4467
f 4467 4517 4518 4468
f 4468 4518 4519 4469
f 4469 4519 4520 4470
f 4470 4520 4521 4471
f 4471 4521 4522 4472
f 4472 4522 4523 4473
f 4473 4523 4524 4474
f 4474 4524 4525 4475
f 4475 4525 4526 4476
f 4476 4526 4527 4477
f 4477 4527 4528 4478
f 4478 4528 4529 4479
f 4479 4529 4530 4480
f 4480 4530 4531 4481
f 4481 4531 4532 4482
f 4482 4532 4533 4483
f 4483 4533 4534 4484
f 4484 4534 4535 4485
f 4485 4535 4536 4486
f 4486 4536 4537 4487
f 4487 4537 4538 4488
f 4488 4538 4539 4489
f 4489 4539 4540 4490
f 4490 4540 4541 4491
f 4491 4541 4542 4492
f 4492 4542 4543 4493
f 4493 4543 4544 4494
f 4494 4544 4545 4495
f 4495 4545 4546 4496
f 4496 4546 4547 4497
f 4497 4547 4548 4498
f 4498 4548 4549 4499
f 4499 4549 4550 4500
f 4500 4550 4551 4501
f 4501 4551 4552 4502
f 4502 4552 4553 4503
f 4503 4553 4554 4504
f 4504 4554 4505 4455
f 4505 4555 4556 4506
f 4506 4556 4557 4507
f 4507 4557 4558 4508
f 4508 4558 4559 4509
f 4509 4559 4560 4510
f 4510 4560 4561 4511
f 4511 4561 4562 4512
f 4512 4562 4563 4513
f 4513 4563 4564 4514
f 4514 4564 4565 4515
f 4515 4565 4566 4516
f 4516 4566 4567 4517
f 4517 4567 4568 4518
f 4518 4568 4569 4519
f 4519 4569 4570 4520
f 4520 4570 4571 4521
f 4521 4571 4572 4522
f 4522 4572 4573 4523
f 4523 4573 4574 4524
f 4524 4574 4575 4525
f 4525 4575 4576 4526
f 4526 4576 4577 4527
f 4527 4577 4578 4528
f 4528 4578 4579 4529
f 4529 4579 4580 4530
f 4530 4580 4581 4531
f 4531 4581 4582 4532
f 4532 4582 4583 4533
f 4533 4583 4584 4534
f 4534 4584 4585 4535
f 4535 4585 4586 4536
f 4536 4586 4587 4537
f 4537 4587 4588 4538
f 4538 4588 4589 4539
f 4539 4589 4590 4540
f 4540 4590 4591 4541
f 4541 4591 4592 4542
f 4542 4592 4593 4543
f 4543 4593 4594 4544
f 4544 4594 4595 4545
f 4545 4595 4596 4546
f 4546 4596 4597 4547
f 4547 4597 4598 4548
f 4548 4598 4599 4549
f 4549 4599 4600 4550
f 4550 4600 4601 4551
f 4551 4601 4602 4552
f 4552 4602 4603 4553
f 4553 4603 4604 4554
f 4554 4604 4555 4505
f 4555 4605 4606 4556
f 4556 4606 4607 4557
f 4557 4607 4608 4558
f 4558 4608 4609 4559
f 4559 4609 4610 4560
f 4560 4610 4611 4561
f 4561 4611 4612 4562
f 4562 4612 4613 4563
f 4563 4613 4614 4564
f 4564 4614 4615 4565
f 4565 4615 4616 4566
f 4566 4616 4617 4567
f 4567 4617 4618 4568
f 4568 4618 4619 4569
f 4569 4619 4620 4570
f 4570 4620 4621 4571
f 4571 4621 4622 4572
f 4572 4622 4623 4573
f 4573 4623 4624 4574
f 4574 4624 4625 4575
f 4575 4625 4626 4576
f 4576 4626 4627 4577
f 4577 4627 4628 4578
f 4578 4628 4629 4579
f 4579 4629 4630 4580
f 4580 4630 4631 4581
f 4581 4631 4632 4582
f 4582 4632 4633 4583
f 4583 4633 4634 4584
f 4584 4634 4635 4585
f 4585 4635 4636 4586
f 4586 4636 4637 4587
f 4587 4637 4638 4588
f 4588 4638 4639 4589
f 4589 4639 4640 4590
f 4590 4640 4641 4591
f 4591 4641 4642 4592
f 4592 4642 4643 4593
f 4593 4643 4644 4594
f 4594 4644 4645 4595
f 4595 4645 4646 4596
f 4596 4646 4647 4597
f 4597 4647 4648 4598
f 4598 4648 4649 4599
f 4599 4649 4650 4600
f 4600 4650 4651 4601
f 4601 4651 4652 4602
f 4602 4652 4653 4603
f 4603 4653 4654 4604
f 4604 4654 4605 4555
f 4605 4655 4656 4606
f 4606 4656 4657 4607
f 4607 4657 4658 4608
f 4608 4658 4659 4609
f 4609 4659 4660 4610
f 4610 4660 4661 4611
f 4611 4661 4662 4612
f 4612 4662 4663 4613
f 4613 4663 4664 4614
f 4614 4664 4665 4615
f 4615 4665 4666 4616
f 4616 4666 4667 4617
f 4617 4667 4668 4618
f 4618 4668 4669 4619
f 4619 4669 4670 4620
f 4620 4670 4671 4621
f 4621 4671 4672 4622
f 4622 4672 4673 4623
f 4623 4673 4674 4624
f 4624 4674 4675 4625
f 4625 4675 4676 4626
f 4626 4676 4677 4627
f 4627 4677 4678 4628
f 4628 4678 4679 4629
f 4629 4679 4680 4630
f 4630 4680 4681 4631
f 4631 4681 4682 4632
f 4632 4682 4683 4633
f 4633 4683 4684 4634
f 4634 4684 4685 4635
f 4635 4685 4686 4636
f 4636 4686 4687 4637
f 4637 4687 4688 4638
f 4638 4688 4689 4639
f 4639 4689 4690 4640
f 4640 4690 4691 4641
f 4641 4691 4692 4642
f 4642 4692 4693 4643
f 4643 4693 4694 4644
f 4644 4694 4695 4645
f 4645 4695 4696 4646
f 4646 4696 4697 4647
f 4647 4697 4698 4648
f 4648 4698 4699 4649
f 4649 4699 4700 4650
f 4650 4700 4701 4651
f 4651 4701 4702 4652
f 4652 4702 4703 4653
f 4653 4703 4704 4654
f 4654 4704 4655 4605
f 4655 4705 4706 4656
f 4656 4706 4707 4657
f 4657 4707 4708 4658
f 4658 4708 4709 4659
f 4659 4709 4710 4660
f 4660 4710 4711 4661
f 4661 4711 4712 4662
f 4662 4712 4713 4663
f 4663 4713 4714 4664
f 4664 4714 4715 4665
f 4665 4715 4716 4666
f 4666 4716 4717 4667
f 4667 4717 4718 4668
f 4668 4718 4719 4669
f 4669 4719 4720 4670
f 4670 4720 4721 4671
f 4671 4721 4722 4672
f 4672 4722 4723 4673
f 4673 4723 4724 4674
f 4674 4724 4725 4675
f 4675 4725 4726 4676
f 4676 4726 4727 4677
f 4677 4727 4728 4678
f 4678 4728 4729 4679
f 4679 4729 4730 4680
f 4680 4730 4731 4681
f 4681 4731 4732 4682
f 4682 4732 4733 4683
f 4683 4733 4734 4684
f 4684 4734 4735 4685
f 4685 4735 4736 4686
f 4686 4736 4737 4687
f 4687 4737 4738 4688
f 4688 4738 4739 4689
f 4689 4739 4740 4690
f 4690 4740 4741 4691
f 4691 4741 4742 4692
f 4692 4742 4743 4693
f 4693 4743 4744 4694
f 4694 4744 4745 4695
f 4695 4745 4746 4696
f 4696 4746 4747 4697
f 4697 4747 4748 4698
f 4698 4748 4749 4699
f 4699 4749 4750 4700
f 4700 4750 4751 4701
f 4701 4751 4752 4702
f 4702 4752 4753 4703
f 4703 4753 4754 4704
f 4704 4754 4705 4655
f 4705 4755 4756 4706
f 4706 4756 4757 4707
f 4707 4757 4758 4708
f 4708 4758 4759 4709
f 4709 4759 4760 4710
f 4710 4760 4761 4711
f 4711 4761 4762 4712
f 4712 4762 4763 4713
f 4713 4763 4764 4714
f 4714 4764 4765 4715
f 4715 4765 4766 4716
f 4716 4766 4767 4717
f 4717 4767 4768 4718
f 4718 4768 4769 4719
f 4719 4769 4770 4720
f 4720 4770 4771 4721
f 4721 4771 4772 4722
f 4722 4772 4773 4723
f 4723 4773 4774 4724
f 4724 4774 4775 4725
f 4725 4775 4776 4726
f 4726 4776 4777 4727
f 4727 4777 4778 4728
f 4728 4778 4779 4729
f 4729 4779 4780 4730
f 4730 4780 4781 4731
f 4731 4781 4782 4732
f 4732 4782 4783 4733
f 4733 4783 4784 4734
f 4734 4784 4785 4735
f 4735 4785 4786 4736
f 4736 4786 4787 4737
f 4737 4787 4788 4738
f 4738 4788 4789 4739
f 4739 4789 4790 4740
f 4740 4790 4791 4741
f 4741 4791 4792 4742
f 4742 4792 4793 4743
f 4743 4793 4794 4744
f 4744 4794 4795 4745
f 4745 4795 4796 4746
f 4746 4796 4797 4747
f 4747 4797 4798 4748
f 4748 4798 4799 4749
f 4749 4799 4800 4750
f 4750 4800 4801 4751
f 4751 4801 4802 4752
f 4752 4802 4803 4753
f 4753 4803 4804 4754
f 4754 4804 4755 4705
f 4755 2404 2404 4756
f 4756 2404 2404 4757
f 4757 2404 2404 4758
f 4758 2404 2404 4759
f 4759 2404 2404 4760
f 4760 2404 2404 4761
f 4761 2404 2404 4762
f 4762 2404 2404 4763
f 4763 2404 2404 4764
f 4764 2404 2404 4765
f 4765 2404 2404 4766
f 4766 2404 2404 4767
f 4767 2404 2404 4768
f 4768 2404 2404 4769
f 4769 2404 2404 4770
f 4770 2404 2404 4771
f 4771 2404 2404 4772
f 4772 2404 2404 4773
f 4773 2404 2404 4774
f 4774 2404 2404 4775
f 4775 2404 2404 4776
f 4776 2404 2404 4777
f 4777 2404 2404 4778
f 4778 2404 2404 4779
f 4779 2404 2404 4780
f 4780 2404 2404 4781
f 4781 2404 2404 4782
f 4782 2404 2404 4783
f 4783 2404 2404 4784
f 4784 2404 2404 4785
f 4785 2404 2404 4786
f 4786 2404 2404 4787
f 4787 2404 2404 4788
f 4788 2404 2404 4789
f 4789 2404 2404 4790
f 4790 2404 2404 4791
f 4791 2404 2404 4792
f 4792 2404 2404 4793
f 4793 2404 2404 4794
f 4794 2404 2404 4795
f 4795 2404 2404 4796
f 4796 2404 2404 4797
f 4797 2404 2404 4798
f 4798 2404 2404 4799
f 4799 2404 2404 4800
f 4800 2404 2404 4801
f 4801 2404 2404 4802
f 4802 2404 2404 4803
f 4803 2404 2404 4804
f 4804 2404 2404 4755
f 4805 4807 4808 4805
f 4805 4808 4809 4805
f 4805 4809 4810 4805
f 4805 4810 4811 4805
f 4805 4811 4812 4805
f 4805 4812 4813 4805
f 4805 4813 4814 4805
f 4805 4814 4815 4805
f 4805 4815 4816 4805
f 4805 4816 4817 4805
f 4805 4817 4818 4805
f 4805 4818 4819 4805
f 4805 4819 4820 4805
f 4805 4820 4821 4805
f 4805 4821 4822 4805
f 4805 4822 4823 4805
f 4805 4823 4824 4805
f 4805 4824 4825 4805
f 4805 4825 4826 4805
f 4805 4826 4827 4805
f 4805 4827 4828 4805
f 4805 4828 4829 4805
f 4805 4829 4830 4805
f 4805 4830 4831 4805
f 4805 4831 4832 4805
f 4805 4832 4833 4805
f 4805 4833 4834 4805
f 4805 4834 4835 4805
f 4805 4835 4836 4805
f 4805 4836 4837 4805
f 4805 4837 4838 4805
f 4805 4838 4839 4805
f 4805 4839 4840 4805
f 4805 4840 4841 4805
f 4805 4841 4842 4805
f 4805 4842 4843 4805
f 4805 4843 4844 4805
f 4805 4844 4845 4805
f 4805 4845 4846 4805
f 4805 4846 4847 4805
f 4805 4847 4848 4805
f 4805 4848 4849 4805
f 4805 4849 4850 4805
f 4805 4850 4851 4805
f 4805 4851 4852 4805
f 4805 4852 4853 4805
f 4805 4853 4854 4805
f 4805 4854 4855 4805
f 4805 4855 4856 4805
f 4805 4856 4807 4805
f 4807 4857 4858 4808
f 4808 4858 4859 4809
f 4809 4859 4860 4810
f 4810 4860 4861 4811
f 4811 4861 4862 4812
f 4812 4862 4863 4813
f 4813 4863 4864 4814
f 4814 4864 4865 4815
f 4815 4865 4866 4816
f 4816 4866 4867 4817
f 4817 4867 4868 4818
f 4818 4868 4869 4819
f 4819 4869 4870 4820
f 4820 4870 4871 4821
f 4821 4871 4872 4822
f 4822 4872 4873 4823
f 4823 4873 4874 4824
f 4824 4874 4875 4825
f 4825 4875 4876 4826
f 4826 4876 4877 4827
f 4827 4877 4878 4828
f 4828 4878 4879 4829
f 4829 4879 4880 4830
f 4830 4880 4881 4831
f 4831 4881 4882 4832
f 4832 4882 4883 4833
f 4833 4883 4884 4834
f 4834 4884 4885 4835
f 4835 4885 4886 4836
f 4836 4886 4887 4837
f 4837 4887 4888 4838
f 4838 4888 4889 4839
f 4839 4889 4890 4840
f 4840 4890 4891 4841
f 4841 4891 4892 4842
f 4842 4892 4893 4843
f 4843 4893 4894 4844
f 4844 4894 4895 4845
f 4845 4895 4896 4846
f 4846 4896 4897 4847
f 4847 4897 4898 4848
f 4848 4898 4899 4849
f 4849 4899 4900 4850
f 4850 4900 4901 4851
f 4851 4901 4902 4852
f 4852 4902 4903 4853
f 4853 4903 4904 4854
f 4854 4904 4905 4855
f 4855 4905 4906 4856
f 4856 4906 4857 4807
f 4857 4907 4908 4858
f 4858 4908 4909 4859
f 4859 4909 4910 4860
f 4860 4910 4911 4861
f 4861 4911 4912 4862
f 4862 4912 4913 4863
f 4863 4913 4914 4864
f 4864 4914 4915 4865
f 4865 4915 4916 4866
f 4866 4916 4917 4867
f 4867 4917 4918 4868
f 4868 4918 4919 4869
f 4869 4919 4920 4870
f 4870 4920 4921 4871
f 4871 4921 4922 4872
f 4872 4922 4923 4873
f 4873 4923 4924 4874
f 4874 4924 4925 4875
f 4875 4925 4926 4876
f 4876 4926 4927 4877
f 4877 4927 4928 4878
f 4878 4928 4929 4879
f 4879 4929 4930 4880
f 4880 4930 4931 4881
f 4881 4931 4932 4882
f 4882 4932 4933 4883
f 4883 4933 4934 4884
f 4884 4934 4935 4885
f 4885 4935 4936 4886
f 4886 4936 4937 4887
f 4887 4937 4938 4888
f 4888 4938 4939 4889
f 4889 4939 4940 4890
f 4890 4940 4941 4891
f 4891 4941 4942 4892
f 4892 4942 4943 4893
f 4893 4943 4944 4894
f 4894 4944 4945 4895
f 4895 4945 4946 4896
f 4896 4946 4947 4897
f 4897 4947 4948 4898
f 4898 4948 4949 4899
f 4899 4949 4950 4900
f 4900 4950 4951 4901
f 4901 4951 4952 4902
f 4902 4952 4953 4903
f 4903 4953 4954 4904
f 4904 4954 4955 4905
f 4905 4955 4956 4906
f 4906 4956 4907 4857
f 4907 4957 4958 4908
f 4908 4958 4959 4909
f 4909 4959 4960 4910
f 4910 4960 4961 4911
f 4911 4961 4962 4912
f 4912 4962 4963 4913
f 4913 4963 4964 4914
f 4914 4964 4965 4915
f 4915 4965 4966 4916
f 4916 4966 4967 4917
f 4917 4967 4968 4918
f 4918 4968 4969 4919
f 4919 4969 4970 4920
f 4920 4970 4971 4921
f 4921 4971 4972 4922
f 4922 4972 4973 4923
f 4923 4973 4974 4924
f 4924 4974 4975 4925
f 4925 4975 4976 4926
f 4926 4976 4977 4927
f 4927 4977 4978 4928
f 4928 4978 4979 4929
f 4929 4979 4980 4930
f 4930 4980 4981 4931
f 4931 4981 4982 4932
f 4932 4982 4983 4933
f 4933 4983 4984 4934
f 4934 4984 4985 4935
f 4935 4985 4986 4936
f 4936 4986 4987 4937
f 4937 4987 4988 4938
f 4938 4988 4989 4939
f 4939 4989 4990 4940
f 4940 4990 4991 4941
f 4941 4991 4992 4942
f 4942 4992 4993 4943
f 4943 4993 4994 4944
f 4944 4994 4995 4945
f 4945 4995 4996 4946
f 4946 4996 4997 4947
f 4947 4997 4998 4948
f 4948 4998 4999 4949
f 4949 4999 5000 4950
f 4950 5000 5001 4951
f 4951 5001 5002 4952
f 4952 5002 5003 4953
f 4953 5003 5004 4954
f 4954 5004 5005 4955
f 4955 5005 5006 4956
f 4956 5006 4957 4907
f 4957 5007 5008 4958
f 4958 5008 5009 4959
f 4959 5009 5010 4960
f 4960 5010 5011 4961
f 4961 5011 5012 4962
f 4962 5012 5013 4963
f 4963 5013 5014 4964
f 4964 5014 5015 4965
f 4965 5015 5016 4966
f 4966 5016 5017 4967
f 4967 5017 5018 4968
f 4968 5018 5019 4969
f 4969 5019 5020 4970
f 4970 5020 5021 4971
f 4971 5021 5022 4972
f 4972 5022 5023 4973
f 4973 5023 5024 4974
f 4974 5024 5025 4975
f 4975 5025 5026 4976
f 4976 5026 5027 4977
f 4977 5027 5028 4978
f 4978 5028 5029 4979
f 4979 5029 5030 4980
f 4980 5030 5031 4981
f 4981 5031 5032 4982
f 4982 5032 5033 4983
f 4983 5033 5034 4984
f 4984 5034 5035 4985
f 4985 5035 5036 4986
f 4986 5036 5037 4987
f 4987 5037 5038 4988
f 4988 5038 5039 4989
f 4989 5039 5040 4990
f 4990 5040 5041 4991
f 4991 5041 5042 4992
f 4992 5042 5043 4993
f 4993 5043 5044 4994
f 4994 5044 5045 4995
f 4995 5045 5046 4996
f 4996 5046 5047 4997
f 4997 5047 5048 4998
f 4998 5048 5049 4999
f 4999 5049 5050 5000
f 5000 5050 5051 5001
f 5001 5051 5052 5002
f 5002 5052 5053 5003
f 5003 5053 5054 5004
f 5004 5054 5055 5005
f 5005 5055 5056 5006
f 5006 5056 5007 4957
f 5007 5057 5058 5008
f 5008 5058 5059 5009
f 5009 5059 5060 5010
f 5010 5060 5061 5011
f 5011 5061 5062 5012
f 5012 5062 5063 5013
f 5013 5063 5064 5014
f 5014 5064 5065 5015
f 5015 5065 5066 5016
f 5016 5066 5067 5017
f 5017 5067 5068 5018
f 5018 5068 5069 5019
f 5019 5069 5070 5020
f 5020 5070 5071 5021
f 5021 5071 5072 5022
f 5022 5072 5073 5023
f 5023 5073 5074 5024
f 5024 5074 5075 5025
f 5025 5075 5076 5026
f 5026 5076 5077 5027
f 5027 5077 5078 5028
f 5028 5078 5079 5029
f 5029 5079 5080 5030
f 5030 5080 5081 5031
f 5031 5081 5082 5032
f 5032 5082 5083 5033
f 5033 5083 5084 5034
f 5034 5084 5085 5035
f 5035 5085 5086 5036
f 5036 5086 5087 5037
f 5037 5087 5088 5038
f 5038 5088 5089 5039
f 5039 5089 5090 5040
f 5040 5090 5091 5041
f 5041 5091 5092 5042
f 5042 5092 5093 5043
f 5043 5093 5094 5044
f 5044 5094 5095 5045
f 5045 5095 5096 5046
f 5046 5096 5097 5047
f 5047 5097 5098 5048
f 5048 5098 5099 5049
f 5049 5099 5100 5050
f 5050 5100 5101 5051
f 5051 5101 5102 5052
f 5052 5102 5103 5053
f 5053 5103 5104 5054
f 5054 5104 5105 5055
f 5055 5105 5106 5056
f 5056 5106 5057 5007
f 5057 5107 5108 5058
f 5058 5108 5109 5059
f 5059 5109 5110 5060
f 5060 5110 5111 5061
f 5061 5111 5112 5062
f 5062 5112 5113 5063
f 5063 5113 5114 5064
f 5064 5114 5115 5065
f 5065 5115 5116 5066
f 5066 5116 5117 5067
f 5067 5117 5118 5068
f 5068 5118 5119 5069
f 5069 5119 5120 5070
f 5070 5120 5121 5071
f 5071 5121 5122 5072
f 5072 5122 5123 5073
f 5073 5123 5124 5074
f 5074 5124 5125 5075
f 5075 5125 5126 5076
f 5076 5126 5127 5077
f 5077 5127 5128 5078
f 5078 5128 5129 5079
f 5079 5129 5130 5080
f 5080 5130 5131 5081
f 5081 5131 5132 5082
f 5082 5132 5133 5083
f 5083 5133 5134 5084
f 5084 5134 5135 5085
f 5085 5135 5136 5086
f 5086 5136 5137 5087
f 5087 5137 5138 5088
f 5088 5138 5139 5089
f 5089 5139 5140 5090
f 5090 5140 5141 5091
f 5091 5141 5142 5092
f 5092 5142 5143 5093
f 5093 5143 5144 5094
f 5094 5144 5145 5095
f 5095 5145 5146 5096
f 5096 5146 5147 5097
f 5097 5147 5148 5098
f 5098 5148 5149 5099
f 5099 5149 5150 5100
f 5100 5150 5151 5101
f 5101 5151 5152 5102
f 5102 5152 5153 5103
f 5103 5153 5154 5104
f 5104 5154 5155 5105
f 5105 5155 5156 5106
f 5106 5156 5107 5057
f 5107 5157 5158 5108
f 5108 5158 5159 5109
f 5109 5159 5160 5110
f 5110 5160 5161 5111
f 5111 5161 5162 5112
f 5112 5162 5163 5113
f 5113 5163 5164 5114
f 5114 5164 5165 5115
f 5115 5165 5166 5116
f 5116 5166 5167 5117
f 5117 5167 5168 5118
f 5118 5168 5169 5119
f 5119 5169 5170 5120
f 5120 5170 5171 5121
f 5121 5171 5172 5122
f 5122 5172 5173 5123
f 5123 5173 5174 5124
f 5124 5174 5175 5125
f 5125 5175 5176 5126
f 5126 5176 5177 5127
f 5127 5177 5178 5128
f 5128 5178 5179 5129
f 5129 5179 5180 5130
f 5130 5180 5181 5131
f 5131 5181 5182 5132
f 5132 5182 5183 5133
f 5133 5183 5184 5134
f 5134 5184 5185 5135
f 5135 5185 5186 5136
f 5136 5186 5187 5137
f 5137 5187 5188 5138
f 5138 5188 5189 5139
f 5139 5189 5190 5140
f 5140 5190 5191 5141
f 5141 5191 5192 5142
f 5142 5192 5193 5143
f 5143 5193 5194 5144
f 5144 5194 5195 5145
f 5145 5195 5196 5146
f 5146 5196 5197 5147
f 5147 5197 5198 5148
f 5148 5198 5199 5149
f 5149 5199 5200 5150
f 5150 5200 5201 5151
f 5151 5201 5202 5152
f 5152 5202 5203 5153
f 5153 5203 5204 5154
f 5154 5204 5205 5155
f 5155 5205 5206 5156
f 5156 5206 5157 5107
f 5157 5207 5208 5158
f 5158 5208 5209 5159
f 5159 5209 5210 5160
f 5160 5210 5211 5161
f 5161 5211 5212 5162
f 5162 5212 5213 5163
f 5163 5213 5214 5164
f 5164 5214 5215 5165
f 5165 5215 5216 5166
f 5166 5216 5217 5167
f 5167 5217 5218 5168
f 5168 5218 5219 5169
f 5169 5219 5220 5170
f 5170 5220 5221 5171
f 5171 5221 5222 5172
f 5172 5222 5223 5173
f 5173 5223 5224 5174
f 5174 5224 5225 5175
f 5175 5225 5226 5176
f 5176 5226 5227 5177
f 5177 5227 5228 5178
f 5178 5228 5229 5179
f 5179 5229 5230 5180
f 5180 5230 5231 5181
f 5181 5231 5232 5182
f 5182 5232 5233 5183
f 5183 5233 5234 5184
f 5184 5234 5235 5185
f 5185 5235 5236 5186
f 5186 5236 5237 5187
f 5187 5237 5238 5188
f 5188 5238 5239 5189
f 5189 5239 5240 5190
f 5190 5240 5241 5191
f 5191 5241 5242 5192
f 5192 5242 5243 5193
f 5193 5243 5244 5194
f 5194 5244 5245 5195
f 5195 5245 5246 5196
f 5196 5246 5247 5197
f 5197 5247 5248 5198
f 5198 5248 5249 5199
f 5199 5249 5250 5200
f 5200 5250 5251 5201
f 5201 5251 5252 5202
f 5202 5252 5253 5203
f 5203 5253 5254 5204
f 5204 5254 5255 5205
f 5205 5255 5256 5206
f 5206 5256 5207 5157
f 5207 5257 5258 5208
f 5208 5258 5259 5209
f 5209 5259 5260 5210
f 5210 5260 5261 5211
f 5211 5261 5262 5212
f 5212 5262 5263 5213
f 5213 5263 5264 5214
f 5214 5264 5265 5215
f 5215 5265 5266 5216
f 5216 5266 5267 5217
f 5217 5267 5268 5218
f 5218 5268 5269 5219
f 5219 5269 5270 5220
f 5220 5270 5271 5221
f 5221 5271 5272 5222
f 5222 5272 5273 5223
f 5223 5273 5274 5224
f 5224 5274 5275 5225
f 5225 5275 5276 5226
f 5226 5276 5277 5227
f 5227 5277 5278 5228
f 5228 5278 5279 5229
f 5229 5279 5280 5230
f 5230 5280 5281 5231
f 5231 5281 5282 5232
f 5232 5282 5283 5233
f 5233 5283 5284 5234
f 5234 5284 5285 5235
f 5235 5285 5286 5236
f 5236 5286 5287 5237
f 5237 5287 5288 5238
f 5238 5288 5289 5239
f 5239 5289 5290 5240
f 5240 5290 5291 5241
f 5241 5291 5292 5242
f 5242 5292 5293 5243
f 5243 5293 5294 5244
f 5244 5294 5295 5245
f 5245 5295 5296 5246
f 5246 5296 5297 5247
f 5247 5297 5298 5248
f 5248 5298 5299 5249
f 5249 5299 5300 5250
f 5250 5300 5301 5251
f 5251 5301 5302 5252
f 5252 5302 5303 5253
f 5253 5303 5304 5254
f 5254 5304 5305 5255
f 5255 5305 5306 5256
f 5256 5306 5257 5207
f 5257 5307 5308 5258
f 5258 5308 5309 5259
f 5259 5309 5310 5260
f 5260 5310 5311 5261
f 5261 5311 5312 5262
f 5262 5312 5313 5263
f 5263 5313 5314 5264
f 5264 5314 5315 5265
f 5265 5315 5316 5266
f 5266 5316 5317 5267
f 5267 5317 5318 5268
f 5268 5318 5319 5269
f 5269 5319 5320 5270
f 5270 5320 5321 5271
f 5271 5321 5322 5272
f 5272 5322 5323 5273
f 5273 5323 5324 5274
f 5274 5324 5325 5275
f 5275 5325 5326 5276
f 5276 5326 5327 5277
f 5277 5327 5328 5278
f 5278 5328 5329 5279
f 5279 5329 5330 5280
f 5280 5330 5331 5281
f 5281 5331 5332 5282
f 5282 5332 5333 5283
f 5283 5333 5334 5284
f 5284 5334 5335 5285
f 5285 5335 5336 5286
f 5286 5336 5337 5287
f 5287 5337 5338 5288
f 5288 5338 5339 5289
f 5289 5339 5340 5290
f 5290 5340 5341 5291
f 5291 5341 5342 5292
f 5292 5342 5343 5293
f 5293 5343 5344 5294
f 5294 5344 5345 5295
f 5295 5345 5346 5296
f 5296 5346 5347 5297
f 5297 5347 5348 5298
f 5298 5348 5349 5299
f 5299 5349 5350 5300
f 5300 5350 5351 5301
f 5301 5351 5352 5302
f 5302 5352 5353 5303
f 5303 5353 5354 5304
f 5304 5354 5355 5305
f 5305 5355 5356 5306
f 5306 5356 5307 5257
f 5307 5357 5358 5308
f 5308 5358 5359 5309
f 5309 5359 5360 5310
f 5310 5360 5361 5311
f 5311 5361 5362 5312
f 5312 5362 5363 5313
f 5313 5363 5364 5314
f 5314 5364 5365 5315
f 5315 5365 5366 5316
f 5316 5366 5367 5317
f 5317 5367 5368 5318
f 5318 5368 5369 5319
f 5319 5369 5370 5320
f 5320 5370 5371 5321
f 5321 5371 5372 5322
f 5322 5372 5373 5323
f 5323 5373 5374 5324
f 5324 5374 5375 5325
f 5325 5375 5376 5326
f 5326 5376 5377 5327
f 5327 5377 5378 5328
f 5328 5378 5379 5329
f 5329 5379 5380 5330
f 5330 5380 5381 5331
f 5331 5381 5382 5332
f 5332 5382 5383 5333
f 5333 5383 5384 5334
f 5334 5384 5385 5335
f 5335 5385 5386 5336
f 5336 5386 5387 5337
f 5337 5387 5388 5338
f 5338 5388 5389 5339
f 5339 5389 5390 5340
f 5340 5390 5391 5341
f 5341 5391 5392 5342
f 5342 5392 5393 5343
f 5343 5393 5394 5344
f 5344 5394 5395 5345
f 5345 5395 5396 5346
f 5346 5396 5397 5347
f 5347 5397 5398 5348
f 5348 5398 5399 5349
f 5349 5399 5400 5350
f 5350 5400 5401 5351
f 5351 5401 5402 5352
f 5352 5402 5403 5353
f 5353 5403 5404 5354
f 5354 5404 5405 5355
f 5355 5405 5406 5356
f 5356 5406 5357 5307
f 5357 5407 5408 5358
f 5358 5408 5409 5359
f 5359 5409 5410 5360
f 5360 5410 5411 5361
f 5361 5411 5412 5362
f 5362 5412 5413 5363
f 5363 5413 5414 5364
f 5364 5414 5415 5365
f 5365 5415 5416 5366
f 5366 5416 5417 5367
f 5367 5417 5418 5368
f 5368 5418 5419 5369
f 5369 5419 5420 5370
f 5370 5420 5421 5371
f 5371 5421 5422 5372
f 5372 5422 5423 5373
f 5373 5423 5424 5374
f 5374 5424 5425 5375
f 5375 5425 5426 5376
f 5376 5426 5427 5377
f 5377 5427 5428 5378
f 5378 5428 5429 5379
f 5379 5429 5430 5380
f 5380 5430 5431 5381
f 5381 5431 5432 5382
f 5382 5432 5433 5383
f 5383 5433 5434 5384
f 5384 5434 5435 5385
f 5385 5435 5436 5386
f 5386 5436 5437 5387
f 5387 5437 5438 5388
f 5388 5438 5439 5389
f 5389 5439 5440 5390
f 5390 5440 5441 5391
f 5391 5441 5442 5392
f 5392 5442 5443 5393
f 5393 5443 5444 5394
f 5394 5444 5445 5395
f 5395 5445 5446 5396
f 5396 5446 5447 5397
f 5397 5447 5448 5398
f 5398 5448 5449 5399
f 5399 5449 5450 5400
f 5400 5450 5451 5401
f 5401 5451 5452 5402
f 5402 5452 5453 5403
f 5403 5453 5454 5404
f 5404 5454 5455 5405
f 5405 5455 5456 5406
f 5406 5456 5407 5357
f 5407 5457 5458 5408
f 5408 5458 5459 5409
f 5409 5459 5460 5410
f 5410 5460 5461 5411
f 5411 5461 5462 5412
f 5412 5462 5463 5413
f 5413 5463 5464 5414
f 5414 5464 5465 5415
f 5415 5465 5466 5416
f 5416 5466 5467 5417
f 5417 5467 5468 5418
f 5418 5468 5469 5419
f 5419 5469 5470 5420
f 5420 5470 5471 5421
f 5421 5471 5472 5422
f 5422 5472 5473 5423
f 5423 5473 5474 5424
f 5424 5474 5475 5425
f 5425 5475 5476 5426
f 5426 5476 5477 5427
f 5427 5477 5478 5428
f 5428 5478 5479 5429
f 5429 5479 5480 5430
f 5430 5480 5481 5431
f 5431 5481 5482 5432
f 5432 5482 5483 5433
f 5433 5483 5484 5434
f 5434 5484 5485 5435
f 5435 5485 5486 5436
f 5436 5486 5487 5437
f 5437 5487 5488 5438
f 5438 5488 5489 5439
f 5439 5489 5490 5440
f 5440 5490 5491 5441
f 5441 5491 5492 5442
f 5442 5492 5493 5443
f 5443 5493 5494 5444
f 5444 5494 5495 5445
f 5445 5495 5496 5446
f 5446 5496 5497 5447
f 5447 5497 5498 5448
f 5448 5498 5499 5449
f 5449 5499 5500 5450
f 5450 5500 5501 5451
f 5451 5501 5502 5452
f 5452 5502 5503 5453
f 5453 5503 5504 5454
f 5454 5504 5505 5455
f 5455 5505 5506 5456
f 5456 5506 5457 5407
f 5457 5507 5508 5458
f 5458 5508 5509 5459
f 5459 5509 5510 5460
f 5460 5510 5511 5461
f 5461 5511 5512 5462
f 5462 5512 5513 5463
f 5463 5513 5514 5464
f 5464 5514 5515 5465
f 5465 5515 5516 5466
f 5466 5516 5517 5467
f 5467 5517 5518 5468
f 5468 5518 5519 5469
f 5469 5519 5520 5470
f 5470 5520 5521 5471
f 5471 5521 5522 5472
f 5472 5522 5523 5473
f 5473 5523 5524 5474
f 5474 5524 5525 5475
f 5475 5525 5526 5476
f 5476 5526 5527 5477
f 5477 5527 5528 5478
f 5478 5528 5529 5479
f 5479 5529 5530 5480
f 5480 5530 5531 5481
f 5481 5531 5532 5482
f 5482 5532 5533 5483
f 5483 5533 5534 5484
f 5484 5534 5535 5485
f 5485 5535 5536 5486
f 5486 5536 5537 5487
f 5487 5537 5538 5488
f 5488 5538 5539 5489
f 5489 5539 5540 5490
f 5490 5540 5541 5491
f 5491 5541 5542 5492
f 5492 5542 5543 5493
f 5493 5543 5544 5494
f 5494 5544 5545 5495
f 5495 5545 5546 5496
f 5496 5546 5547 5497
f 5497 5547 5548 5498
f 5498 5548 5549 5499
f 5499 5549 5550 5500
f 5500 5550 5551 5501
f 5501 5551 5552 5502
f 5502 5552 5553 5503
f 5503 5553 5554 5504
f 5504 5554 5555 5505
f 5505 5555 5556 5506
f 5506 5556 5507 5457
f 5507 5557 5558 5508
f 5508 5558 5559 5509
f 5509 5559 5560 5510
f 5510 5560 5561 5511
f 5511 5561 5562 5512
f 5512 5562 5563 5513
f 5513 5563 5564 5514
f 5514 5564 5565 5515
f 5515 5565 5566 5516
f 5516 5566 5567 5517
f 5517 5567 5568 5518
f 5518 5568 5569 5519
f 5519 5569 5570 5520
f 5520 5570 5571 5521
f 5521 5571 5572 5522
f 5522 5572 5573 5523
f 5523 5573 5574 5524
f 5524 5574 5575 5525
f 5525 5575 5576 5526
f 5526 5576 5577 5527
f 5527 5577 5578 5528
f 5528 5578 5579 5529
f 5529 5579 5580 5530
f 5530 5580 5581 5531
f 5531 5581 5582 5532
f 5532 5582 5583 5533
f 5533 5583 5584 5534
f 5534 5584 5585 5535
f 5535 5585 5586 5536
f 5536 5586 5587 5537
f 5537 5587 5588 5538
f 5538 5588 5589 5539
f 5539 5589 5590 5540
f 5540 5590 5591 5541
f 5541 5591 5592 5542
f 5542 5592 5593 5543
f 5543 5593 5594 5544
f 5544 5594 5595 5545
f 5545 5595 5596 5546
f 5546 5596 5597 5547
f 5547 5597 5598 5548
f 5548 5598 5599 5549
f 5549 5599 5600 5550
f 5550 5600 5601 5551
f 5551 5601 5602 5552
f 5552 5602 5603 5553
f 5553 5603 5604 5554
f 5554 5604 5605 5555
f 5555 5605 5606 5556
f 5556 5606 5557 5507
f 5557 5607 5608 5558
f 5558 5608 5609 5559
f 5559 5609 5610 5560
f 5560 5610 5611 5561
f 5561 5611 5612 5562
f 5562 5612 5613 5563
f 5563 5613 5614 5564
f 5564 5614 5615 5565
f 5565 5615 5616 5566
f 5566 5616 5617 5567
f 5567 5617 5618 5568
f 5568 5618 5619 5569
f 5569 5619 5620 5570
f 5570 5620 5621 5571
f 5571 5621 5622 5572
f 5572 5622 5623 5573
f 5573 5623 5624 5574
f 5574 5624 5625 5575
f 5575 5625 5626 5576
f 5576 5626 5627 5577
f 5577 5627 5628 5578
f 5578 5628 5629 5579
f 5579 5629 5630 5580
f 5580 5630 5631 5581
f 5581 5631 5632 5582
f 5582 5632 5633 5583
f 5583 5633 5634 5584
f 5584 5634 5635 5585
f 5585 5635 5636 5586
f 5586 5636 5637 5587
f 5587 5637 5638 5588
f 5588 5638 5639 5589
f 5589 5639 5640 5590
f 5590 5640 5641 5591
f 5591 5641 5642 5592
f 5592 5642 5643 5593
f 5593 5643 5644 5594
f 5594 5644 5645 5595
f 5595 5645 5646 5596
f 5596 5646 5647 5597
f 5597 5647 5648 5598
f 5598 5648 5649 5599
f 5599 5649 5650 5600
f 5600 5650 5651 5601
f 5601 5651 5652 5602
f 5602 5652 5653 5603
f 5603 5653 5654 5604
f 5604 5654 5655 5605
f 5605 5655 5656 5606
f 5606 5656 5607 5557
f 5607 5657 5658 5608
f 5608 5658 5659 5609
f 5609 5659 5660 5610
f 5610 5660 5661 5611
f 5611 5661 5662 5612
f 5612 5662 5663 5613
f 5613 5663 5664 5614
f 5614 5664 5665 5615
f 5615 5665 5666 5616
f 5616 5666 5667 5617
f 5617 5667 5668 5618
f 5618 5668 5669 5619
f 5619 5669 5670 5620
f 5620 5670 5671 5621
f 5621 5671 5672 5622
f 5622 5672 5673 5623
f 5623 5673 5674 5624
f 5624 5674 5675 5625
f 5625 5675 5676 5626
f 5626 5676 5677 5627
f 5627 5677 5678 5628
f 5628 5678 5679 5629
f 5629 5679 5680 5630
f 5630 5680 5681 5631
f 5631 5681 5682 5632
f 5632 5682 5683 5633
f 5633 5683 5684 5634
f 5634 5684 5685 5635
f 5635 5685 5686 5636
f 5636 5686 5687 5637
f 5637 5687 5688 5638
f 5638 5688 5689 5639
f 5639 5689 5690 5640
f 5640 5690 5691 5641
f 5641 5691 5692 5642
f 5642 5692 5693 5643
f 5643 5693 5694 5644
f 5644 5694 5695 5645
f 5645 5695 5696 5646
f 5646 5696 5697 5647
f 5647 5697 5698 5648
f 5648 5698 5699 5649
f 5649 5699 5700 5650
f 5650 5700 5701 5651
f 5651 5701 5702 5652
f 5652 5702 5703 5653
f 5653 5703 5704 5654
f 5654 5704 5705 5655
f 5655 5705 5706 5656
f 5656 5706 5657 5607
f 5657 5707 5708 5658
f 5658 5708 5709 5659
f 5659 5709 5710 5660
f 5660 5710 5711 5661
f 5661 5711 5712 5662
f 5662 5712 5713 5663
f 5663 5713 5714 5664
f 5664 5714 5715 5665
f 5665 5715 5716 5666
f 5666 5716 5717 5667
f 5667 5717 5718 5668
f 5668 5718 5719 5669
f 5669 5719 5720 5670
f 5670 5720 5721 5671
f 5671 5721 5722 5672
f 5672 5722 5723 5673
f 5673 5723 5724 5674
f 5674 5724 5725 5675
f 5675 5725 5726 5676
f 5676 5726 5727 5677
f 5677 5727 5728 5678
f 5678 5728 5729 5679
f 5679 5729 5730 5680
f 5680 5730 5731 5681
f 5681 5731 5732 5682
f 5682 5732 5733 5683
f 5683 5733 5734 5684
f 5684 5734 5735 5685
f 5685 5735 5736 5686
f 5686 5736 5737 5687
f 5687 5737 5738 5688
f 5688 5738 5739 5689
f 5689 5739 5740 5690
f 5690 5740 5741 5691
f 5691 5741 5742 5692
f 5692 5742 5743 5693
f 5693 5743 5744 5694
f 5694 5744 5745 5695
f 5695 5745 5746 5696
f 5696 5746 5747 5697
f 5697 5747 5748 5698
f 5698 5748 5749 5699
f 5699 5749 5750 5700
f 5700 5750 5751 5701
f 5701 5751 5752 5702
f 5702 5752 5753 5703
f 5703 5753 5754 5704
f 5704 5754 5755 5705
f 5705 5755 5756 5706
f 5706 5756 5707 5657
f 5707 5757 5758 5708
f 5708 5758 5759 5709
f 5709 5759 5760 5710
f 5710 5760 5761 5711
f 5711 5761 5762 5712
f 5712 5762 5763 5713
f 5713 5763 5764 5714
f 5714 5764 5765 5715
f 5715 5765 5766 5716
f 5716 5766 5767 5717
f 5717 5767 5768 5718
f 5718 5768 5769 5719
f 5719 5769 5770 5720
f 5720 5770 5771 5721
f 5721 5771 5772 5722
f 5722 5772 5773 5723
f 5723 5773 5774 5724
f 5724 5774 5775 5725
f 5725 5775 5776 5726
f 5726 5776 5777 5727
f 5727 5777 5778 5728
f 5728 5778 5779 5729
f 5729 5779 5780 5730
f 5730 5780 5781 5731
f 5731 5781 5782 5732
f 5732 5782 5783 5733
f 5733 5783 5784 5734
f 5734 5784 5785 5735
f 5735 5785 5786 5736
f 5736 5786 5787 5737
f 5737 5787 5788 5738
f 5738 5788 5789 5739
f 5739 5789 5790 5740
f 5740 5790 5791 5741
f 5741 5791 5792 5742
f 5742 5792 5793 5743
f 5743 5793 5794 5744
f 5744 5794 5795 5745
f 5745 5795 5796 5746
f 5746 5796 5797 5747
f 5747 5797 5798 5748
f 5748 5798 5799 5749
f 5749 5799 5800 5750
f 5750 5800 5801 5751
f 5751 5801 5802 5752
f 5752 5802 5803 5753
f 5753 5803 5804 5754
f 5754 5804 5805 5755
f 5755 5805 5806 5756
f 5756 5806 5757 5707
f 5757 5807 5808 5758
f 5758 5808 5809 5759
f 5759 5809 5810 5760
f 5760 5810 5811 5761
f 5761 5811 5812 5762
f 5762 5812 5813 5763
f 5763 5813 5814 5764
f 5764 5814 5815 5765
f 5765 5815 5816 5766
f 5766 5816 5817 5767
f 5767 5817 5818 5768
f 5768 5818 5819 5769
f 5769 5819 5820 5770
f 5770 5820 5821 5771
f 5771 5821 5822 5772
f 5772 5822 5823 5773
f 5773 5823 5824 5774
f 5774 5824 5825 5775
f 5775 5825 5826 5776
f 5776 5826 5827 5777
f 5777 5827 5828 5778
f 5778 5828 5829 5779
f 5779 5829 5830 5780
f 5780 5830 5831 5781
f 5781 5831 5832 5782
f 5782 5832 5833 5783
f 5783 5833 5834 5784
f 5784 5834 5835 5785
f 5785 5835 5836 5786
f 5786 5836 5837 5787
f 5787 5837 5838 5788
f 5788 5838 5839 5789
f 5789 5839 5840 5790
f 5790 5840 5841 5791
f 5791 5841 5842 5792
f 5792 5842 5843 5793
f 5793 5843 5844 5794
f 5794 5844 5845 5795
f 5795 5845 5846 5796
f 5796 5846 5847 5797
f 5797 5847 5848 5798
f 5798 5848 5849 5799
f 5799 5849 5850 5800
f 5800 5850 5851 5801
f 5801 5851 5852 5802
f 5802 5852 5853 5803
f 5803 5853 5854 5804
f 5804 5854 5855 5805
f 5805 5855 5856 5806
f 5806 5856 5807 5757
f 5807 5857 5858 5808
f 5808 5858 5859 5809
f 5809 5859 5860 5810
f 5810 5860 5861 5811
f 5811 5861 5862 5812
f 5812 5862 5863 5813
f 5813 5863 5864 5814
f 5814 5864 5865 5815
f 5815 5865 5866 5816
f 5816 5866 5867 5817
f 5817 5867 5868 5818
f 5818 5868 5869 5819
f 5819 5869 5870 5820
f 5820 5870 5871 5821
f 5821 5871 5872 5822
f 5822 5872 5873 5823
f 5823 5873 5874 5824
f 5824 5874 5875 5825
f 5825 5875 5876 5826
f 5826 5876 5877 5827
f 5827 5877 5878 5828
f 5828 5878 5879 5829
f 5829 5879 5880 5830
f 5830 5880 5881 5831
f 5831 5881 5882 5832
f 5832 5882 5883 5833
f 5833 5883 5884 5834
f 5834 5884 5885 5835
f 5835 5885 5886 5836
f 5836 5886 5887 5837
f 5837 5887 5888 5838
f 5838 5888 5889 5839
f 5839 5889 5890 5840
f 5840 5890 5891 5841
f 5841 5891 5892 5842
f 5842 5892 5893 5843
f 5843 5893 5894 5844
f 5844 5894 5895 5845
f 5845 5895 5896 5846
f 5846 5896 5897 5847
f 5847 5897 5898 5848
f 5848 5898 5899 5849
f 5849 5899 5900 5850
f 5850 5900 5901 5851
f 5851 5901 5902 5852
f 5852 5902 5903 5853
f 5853 5903 5904 5854
f 5854 5904 5905 5855
f 5855 5905 5906 5856
f 5856 5906 5857 5807
f 5857 5907 5908 5858
f 5858 5908 5909 5859
f 5859 5909 5910 5860
f 5860 5910 5911 5861
f 5861 5911 5912 5862
f 5862 5912 5913 5863
f 5863 5913 5914 5864
f 5864 5914 5915 5865
f 5865 5915 5916 5866
f 5866 5916 5917 5867
f 5867 5917 5918 5868
f 5868 5918 5919 5869
f 5869 5919 5920 5870
f 5870 5920 5921 5871
f 5871 5921 5922 5872
f 5872 5922 5923 5873
f 5873 5923 5924 5874
f 5874 5924 5925 5875
f 5875 5925 5926 5876
f 5876 5926 5927 5877
f 5877 5927 5928 5878
f 5878 5928 5929 5879
f 5879 5929 5930 5880
f 5880 5930 5931 5881
f 5881 5931 5932 5882
f 5882 5932 5933 5883
f 5883 5933 5934 5884
f 5884 5934 5935 5885
f 5885 5935 5936 5886
f 5886 5936 5937 5887
f 5887 5937 5938 5888
f 5888 5938 5939 5889
f 5889 5939 5940 5890
f 5890 5940 5941 5891
f 5891 5941 5942 5892
f 5892 5942 5943 5893
f 5893 5943 5944 5894
f 5894 5944 5945 5895
f 5895 5945 5946 5896
f 5896 5946 5947 5897
f 5897 5947 5948 5898
f 5898 5948 5949 5899
f 5899 5949 5950 5900
f 5900 5950 5951 5901
f 5901 5951 5952 5902
f 5902 5952 5953 5903
f 5903 5953 5954 5904
f 5904 5954 5955 5905
f 5905 5955 5956 5906
f 5906 5956 5907 5857
f 5907 5957 5958 5908
f 5908 5958 5959 5909
f 5909 5959 5960 5910
f 5910 5960 5961 5911
f 5911 5961 5962 5912
f 5912 5962 5963 5913
f 5913 5963 5964 5914
f 5914 5964 5965 5915
f 5915 5965 5966 5916
f 5916 5966 5967 5917
f 5917 5967 5968 5918
f 5918 5968 5969 5919
f 5919 5969 5970 5920
f 5920 5970 5971 5921
f 5921 5971 5972 5922
f 5922 5972 5973 5923
f 5923 5973 5974 5924
f 5924 5974 5975 5925
f 5925 5975 5976 5926
f 5926 5976 5977 5927
f 5927 5977 5978 5928
f 5928 5978 5979 5929
f 5929 5979 5980 5930
f 5930 5980 5981 5931
f 5931 5981 5982 5932
f 5932 5982 5983 5933
f 5933 5983 5984 5934
f 5934 5984 5985 5935
f 5935 5985 5986 5936
f 5936 5986 5987 5937
f 5937 5987 5988 5938
f 5938 5988 5989 5939
f 5939 5989 5990 5940
f 5940 5990 5991 5941
f 5941 5991 5992 5942
f 5942 5992 5993 5943
f 5943 5993 5994 5944
f 5944 5994 5995 5945
f 5945 5995 5996 5946
f 5946 5996 5997 5947
f 5947 5997 5998 5948
f 5948 5998 5999 5949
f 5949 5999 6000 5950
f 5950 6000 6001 5951
f 5951 6001 6002 5952
f 5952 6002 6003 5953
f 5953 6003 6004 5954
f 5954 6004 6005 5955
f 5955 6005 6006 5956
f 5956 6006 5957 5907
f 5957 6007 6008 5958
f 5958 6008 6009 5959
f 5959 6009 6010 5960
f 5960 6010 6011 5961
f 5961 6011 6012 5962
f 5962 6012 6013 5963
f 5963 6013 6014 5964
f 5964 6014 6015 5965
f 5965 6015 6016 5966
f 5966 6016 6017 5967
f 5967 6017 6018 5968
f 5968 6018 6019 5969
f 5969 6019 6020 5970
f 5970 6020 6021 5971
f 5971 6021 6022 5972
f 5972 6022 6023 5973
f 5973 6023 6024 5974
f 5974 6024 6025 5975
f 5975 6025 6026 5976
f 5976 6026 6027 5977
f 5977 6027 6028 5978
f 5978 6028 6029 5979
f 5979 6029 6030 5980
f 5980 6030 6031 5981
f 5981 6031 6032 5982
f 5982 6032 6033 5983
f 5983 6033 6034 5984
f 5984 6034 6035 5985
f 5985 6035 6036 5986
f 5986 6036 6037 5987
f 5987 6037 6038 5988
f 5988 6038 6039 5989
f 5989 6039 6040 5990
f 5990 6040 6041 5991
f 5991 6041 6042 5992
f 5992 6042 6043 5993
f 5993 6043 6044 5994
f 5994 6044 6045 5995
f 5995 6045 6046 5996
f 5996 6046 6047 5997
f 5997 6047 6048 5998
f 5998 6048 6049 5999
f 5999 6049 6050 6000
f 6000 6050 6051 6001
f 6001 6051 6052 6002
f 6002 6052 6053 6003
f 6003 6053 6054 6004
f 6004 6054 6055 6005
f 6005 6055 6056 6006
f 6006 6056 6007 5957
f 6007 6057 6058 6008
f 6008 6058 6059 6009
f 6009 6059 6060 6010
f 6010 6060 6061 6011
f 6011 6061 6062 6012
f 6012 6062 6063 6013
f 6013 6063 6064 6014
f 6014 6064 6065 6015
f 6015 6065 6066 6016
f 6016 6066 6067 6017
f 6017 6067 6068 6018
f 6018 6068 6069 6019
f 6019 6069 6070 6020
f 6020 6070 6071 6021
f 6021 6071 6072 6022
f 6022 6072 6073 6023
f 6023 6073 6074 6024
f 6024 6074 6075 6025
f 6025 6075 6076 6026
f 6026 6076 6077 6027
f 6027 6077 6078 6028
f 6028 6078 6079 6029
f 6029 6079 6080 6030
f 6030 6080 6081 6031
f 6031 6081 6082 6032
f 6032 6082 6083 6033
f 6033 6083 6084 6034
f 6034 6084 6085 6035
f 6035 6085 6086 6036
f 6036 6086 6087 6037
f 6037 6087 6088 6038
f 6038 6088 6089 6039
f 6039 6089 6090 6040
f 6040 6090 6091 6041
f 6041 6091 6092 6042
f 6042 6092 6093 6043
f 6043 6093 6094 6044
f 6044 6094 6095 6045
f 6045 6095 6096 6046
f 6046 6096 6097 6047
f 6047 6097 6098 6048
f 6048 6098 6099 6049
f 6049 6099 6100 6050
f 6050 6100 6101 6051
f 6051 6101 6102 6052
f 6052 6102 6103 6053
f 6053 6103 6104 6054
f 6054 6104 6105 6055
f 6055 6105 6106 6056
f 6056 6106 6057 6007
f 6057 6107 6108 6058
f 6058 6108 6109 6059
f 6059 6109 6110 6060
f 6060 6110 6111 6061
f 6061 6111 6112 6062
f 6062 6112 6113 6063
f 6063 6113 6114 6064
f 6064 6114 6115 6065
f 6065 6115 6116 6066
f 6066 6116 6117 6067
f 6067 6117 6118 6068
f 6068 6118 6119 6069
f 6069 6119 6120 6070
f 6070 6120 6121 6071
f 6071 6121 6122 6072
f 6072 6122 6123 6073
f 6073 6123 6124 6074
f 6074 6124 6125 6075
f 6075 6125 6126 6076
f 6076 6126 6127 6077
f 6077 6127 6128 6078
f 6078 6128 6129 6079
f 6079 6129 6130 6080
f 6080 6130 6131 6081
f 6081 6131 6132 6082
f 6082 6132 6133 6083
f 6083 6133 6134 6084
f 6084 6134 6135 6085
f 6085 6135 6136 6086
f 6086 6136 6137 6087
f 6087 6137 6138 6088
f 6088 6138 6139 6089
f 6089 6139 6140 6090
f 6090 6140 6141 6091
f 6091 6141 6142 6092
f 6092 6142 6143 6093
f 6093 6143 6144 6094
f 6094 6144 6145 6095
f 6095 6145 6146 6096
f 6096 6146 6147 6097
f 6097 6147 6148 6098
f 6098 6148 6149 6099
f 6099 6149 6150 6100
f 6100 6150 6151 6101
f 6101 6151 6152 6102
f 6102 6152 6153 6103
f 6103 6153 6154 6104
f 6104 6154 6155 6105
f 6105 6155 6156 6106
f 6106 6156 6107 6057
f 6107 6157 6158 6108
f 6108 6158 6159 6109
f 6109 6159 6160 6110
f 6110 6160 6161 6111
f 6111 6161 6162 6112
f 6112 6162 6163 6113
f 6113 6163 6164 6114
f 6114 6164 6165 6115
f 6115 6165 6166 6116
f 6116 6166 6167 6117
f 6117 6167 6168 6118
f 6118 6168 6169 6119
f 6119 6169 6170 6120
f 6120 6170 6171 6121
f 6121 6171 6172 6122
f 6122 6172 6173 6123
f 6123 6173 6174 6124
f 6124 6174 6175 6125
f 6125 6175 6176 6126
f 6126 6176 6177 6127
f 6127 6177 6178 6128
f 6128 6178 6179 6129
f 6129 6179 6180 6130
f 6130 6180 6181 6131
f 6131 6181 6182 6132
f 6132 6182 6183 6133
f 6133 6183 6184 6134
f 6134 6184 6185 6135
f 6135 6185 6186 6136
f 6136 6186 6187 6137
f 6137 6187 6188 6138
f 6138 6188 6189 6139
f 6139 6189 6190 6140
f 6140 6190 6191 6141
f 6141 6191 6192 6142
f 6142 6192 6193 6143
f 6143 6193 6194 6144
f 6144 6194 6195 6145
f 6145 6195 6196 6146
f 6146 6196 6197 6147
f 6147 6197 6198 6148
f 6148 6198 6199 6149
f 6149 6199 6200 6150
f 6150 6200 6201 6151
f 6151 6201 6202 6152
f 6152 6202 6203 6153
f 6153 6203 6204 6154
f 6154 6204 6205 6155
f 6155 6205 6206 6156
f 6156 6206 6157 6107
f 6157 6207 6208 6158
f 6158 6208 6209 6159
f 6159 6209 6210 6160
f 6160 6210 6211 6161
f 6161 6211 6212 6162
f 6162 6212 6213 6163
f 6163 6213 6214 6164
f 6164 6214 6215 6165
f 6165 6215 6216 6166
f 6166 6216 6217 6167
f 6167 6217 6218 6168
f 6168 6218 6219 6169
f 6169 6219 6220 6170
f 6170 6220 6221 6171
f 6171 6221 6222 6172
f 6172 6222 6223 6173
f 6173 6223 6224 6174
f 6174 6224 6225 6175
f 6175 6225 6226 6176
f 6176 6226 6227 6177
f 6177 6227 6228 6178
f 6178 6228 6229 6179
f 6179 6229 6230 6180
f 6180 6230 6231 6181
f 6181 6231 6232 6182
f 6182 6232 6233 6183
f 6183 6233 6234 6184
f 6184 6234 6235 6185
f 6185 6235 6236 6186
f 6186 6236 6237 6187
f 6187 6237 6238 6188
f 6188 6238 6239 6189
f 6189 6239 6240 6190
f 6190 6240 6241 6191
f 6191 6241 6242 6192
f 6192 6242 6243 6193
f 6193 6243 6244 6194
f 6194 6244 6245 6195
f 6195 6245 6246 6196
f 6196 6246 6247 6197
f 6197 6247 6248 6198
f 6198 6248 6249 6199
f 6199 6249 6250 6200
f 6200 6250 6251 6201
f 6201 6251 6252 6202
f 6202 6252 6253 6203
f 6203 6253 6254 6204
f 6204 6254 6255 6205
f 6205 6255 6256 6206
f 6206 6256 6207 6157
f 6207 6257 6258 6208
f 6208 6258 6259 6209
f 6209 6259 6260 6210
f 6210 6260 6261 6211
f 6211 6261 6262 6212
f 6212 6262 6263 6213
f 6213 6263 6264 6214
f 6214 6264 6265 6215
f 6215 6265 6266 6216
f 6216 6266 6267 6217
f 6217 6267 6268 6218
f 6218 6268 6269 6219
f 6219 6269 6270 6220
f 6220 6270 6271 6221
f 6221 6271 6272 6222
f 6222 6272 6273 6223
f 6223 6273 6274 6224
f 6224 6274 6275 6225
f 6225 6275 6276 6226
f 6226 6276 6277 6227
f 6227 6277 6278 6228
f 6228 6278 6279 6229
f 6229 6279 6280 6230
f 6230 6280 6281 6231
f 6231 6281 6282 6232
f 6232 6282 6283 6233
f 6233 6283 6284 6234
f 6234 6284 6285 6235
f 6235 6285 6286 6236
f 6236 6286 6287 6237
f 6237 6287 6288 6238
f 6238 6288 6289 6239
f 6239 6289 6290 6240
f 6240 6290 6291 6241
f 6241 6291 6292 6242
f 6242 6292 6293 6243
f 6243 6293 6294 6244
f 6244 6294 6295 6245
f 6245 6295 6296 6246
f 6246 6296 6297 6247
f 6247 6297 6298 6248
f 6248 6298 6299 6249
f 6249 6299 6300 6250
f 6250 6300 6301 6251
f 6251 6301 6302 6252
f 6252 6302 6303 6253
f 6253 6303 6304 6254
f 6254 6304 6305 6255
f 6255 6305 6306 6256
f 6256 6306 6257 6207
f 6257 6307 6308 6258
f 6258 6308 6309 6259
f 6259 6309 6310 6260
f 6260 6310 6311 6261
f 6261 6311 6312 6262
f 6262 6312 6313 6263
f 6263 6313 6314 6264
f 6264 6314 6315 6265
f 6265 6315 6316 6266
f 6266 6316 6317 6267
f 6267 6317 6318 6268
f 6268 6318 6319 6269
f 6269 6319 6320 6270
f 6270 6320 6321 6271
f 6271 6321 6322 6272
f 6272 6322 6323 6273
f 6273 6323 6324 6274
f 6274 6324 6325 6275
f 6275 6325 6326 6276
f 6276 6326 6327 6277
f 6277 6327 6328 6278
f 6278 6328 6329 6279
f 6279 6329 6330 6280
f 6280 6330 6331 6281
f 6281 6331 6332 6282
f 6282 6332 6333 6283
f 6283 6333 6334 6284
f 6284 6334 6335 6285
f 6285 6335 6336 6286
f 6286 6336 6337 6287
f 6287 6337 6338 6288
f 6288 6338 6339 6289
f 6289 6339 6340 6290
f 6290 6340 6341 6291
f 6291 6341 6342 6292
f 6292 6342 6343 6293
f 6293 6343 6344 6294
f 6294 6344 6345 6295
f 6295 6345 6346 6296
f 6296 6346 6347 6297
f 6297 6347 6348 6298
f 6298 6348 6349 6299
f 6299 6349 6350 6300
f 6300 6350 6351 6301
f 6301 6351 6352 6302
f 6302 6352 6353 6303
f 6303 6353 6354 6304
f 6304 6354 6355 6305
f 6305 6355 6356 6306
f 6306 6356 6307 6257
f 6307 6357 6358 6308
f 6308 6358 6359 6309
f 6309 6359 6360 6310
f 6310 6360 6361 6311
f 6311 6361 6362 6312
f 6312 6362 6363 6313
f 6313 6363 6364 6314
f 6314 6364 6365 6315
f 6315 6365 6366 6316
f 6316 6366 6367 6317
f 6317 6367 6368 6318
f 6318 6368 6369 6319
f 6319 6369 6370 6320
f 6320 6370 6371 6321
f 6321 6371 6372 6322
f 6322 6372 6373 6323
f 6323 6373 6374 6324
f 6324 6374 6375 6325
f 6325 6375 6376 6326
f 6326 6376 6377 6327
f 6327 6377 6378 6328
f 6328 6378 6379 6329
f 6329 6379 6380 6330
f 6330 6380 6381 6331
f 6331 6381 6382 6332
f 6332 6382 6383 6333
f 6333 6383 6384 6334
f 6334 6384 6385 6335
f 6335 6385 6386 6336
f 6336 6386 6387 6337
f 6337 6387 6388 6338
f 6338 6388 6389 6339
f 6339 6389 6390 6340
f 6340 6390 6391 6341
f 6341 6391 6392 6342
f 6342 6392 6393 6343
f 6343 6393 6394 6344
f 6344 6394 6395 6345
f 6345 6395 6396 6346
f 6346 6396 6397 6347
f 6347 6397 6398 6348
f 6348 6398 6399 6349
f 6349 6399 6400 6350
f 6350 6400 6401 6351
f 6351 6401 6402 6352
f 6352 6402 6403 6353
f 6353 6403 6404 6354
f 6354 6404 6405 6355
f 6355 6405 6406 6356
f 6356 6406 6357 6307
f 6357 6407 6408 6358
f 6358 6408 6409 6359
f 6359 6409 6410 6360
f 6360 6410 6411 6361
f 6361 6411 6412 6362
f 6362 6412 6413 6363
f 6363 6413 6414 6364
f 6364 6414 6415 6365
f 6365 6415 6416 6366
f 6366 6416 6417 6367
f 6367 6417 6418 6368
f 6368 6418 6419 6369
f 6369 6419 6420 6370
f 6370 6420 6421 6371
f 6371 6421 6422 6372
f 6372 6422 6423 6373
f 6373 6423 6424 6374
f 6374 6424 6425 6375
f 6375 6425 6426 6376
f 6376 6426 6427 6377
f 6377 6427 6428 6378
f 6378 6428 6429 6379
f 6379 6429 6430 6380
f 6380 6430 6431 6381
f 6381 6431 6432 6382
f 6382 6432 6433 6383
f 6383 6433 6434 6384
f 6384 6434 6435 6385
f 6385 6435 6436 6386
f 6386 6436 6437 6387
f 6387 6437 6438 6388
f 6388 6438 6439 6389
f 6389 6439 6440 6390
f 6390 6440 6441 6391
f 6391 6441 6442 6392
f 6392 6442 6443 6393
f 6393 6443 6444 6394
f 6394 6444 6445 6395
f 6395 6445 6446 6396
f 6396 6446 6447 6397
f 6397 6447 6448 6398
f 6398 6448 6449 6399
f 6399 6449 6450 6400
f 6400 6450 6451 6401
f 6401 6451 6452 6402
f 6402 6452 6453 6403
f 6403 6453 6454 6404
f 6404 6454 6455 6405
f 6405 6455 6456 6406
f 6406 6456 6407 6357
f 6407 6457 6458 6408
f 6408 6458 6459 6409
f 6409 6459 6460 6410
f 6410 6460 6461 6411
f 6411 6461 6462 6412
f 6412 6462 6463 6413
f 6413 6463 6464 6414
f 6414 6464 6465 6415
f 6415 6465 6466 6416
f 6416 6466 6467 6417
f 6417 6467 6468 6418
f 6418 6468 6469 6419
f 6419 6469 6470 6420
f 6420 6470 6471 6421
f 6421 6471 6472 6422
f 6422 6472 6473 6423
f 6423 6473 6474 6424
f 6424 6474 6475 6425
f 6425 6475 6476 6426
f 6426 6476 6477 6427
f 6427 6477 6478 6428
f 6428 6478 6479 6429
f 6429 6479 6480 6430
f 6430 6480 6481 6431
f 6431 6481 6482 6432
f 6432 6482 6483 6433
f 6433 6483 6484 6434
f 6434 6484 6485 6435
f 6435 6485 6486 6436
f 6436 6486 6487 6437
f 6437 6487 6488 6438
f 6438 6488 6489 6439
f 6439 6489 6490 6440
f 6440 6490 6491 6441
f 6441 6491 6492 6442
f 6442 6492 6493 6443
f 6443 6493 6494 6444
f 6444 6494 6495 6445
f 6445 6495 6496 6446
f 6446 6496 6497 6447
f 6447 6497 6498 6448
f 6448 6498 6499 6449
f 6449 6499 6500 6450
f 6450 6500 6501 6451
f 6451 6501 6502 6452
f 6452 6502 6503 6453
f 6453 6503 6504 6454
f 6454 6504 6505 6455
f 6455 6505 6506 6456
f 6456 6506 6457 6407
f 6457 6507 6508 6458
f 6458 6508 6509 6459
f 6459 6509 6510 6460
f 6460 6510 6511 6461
f 6461 6511 6512 6462
f 6462 6512 6513 6463
f 6463 6513 6514 6464
f 6464 6514 6515 6465
f 6465 6515 6516 6466
f 6466 6516 6517 6467
f 6467 6517 6518 6468
f 6468 6518 6519 6469
f 6469 6519 6520 6470
f 6470 6520 6521 6471
f 6471 6521 6522 6472
f 6472 6522 6523 6473
f 6473 6523 6524 6474
f 6474 6524 6525 6475
f 6475 6525 6526 6476
f 6476 6526 6527 6477
f 6477 6527 6528 6478
f 6478 6528 6529 6479
f 6479 6529 6530 6480
f 6480 6530 6531 6481
f 6481 6531 6532 6482
f 6482 6532 6533 6483
f 6483 6533 6534 6484
f 6484 6534 6535 6485
f 6485 6535 6536 6486
f 6486 6536 6537 6487
f 6487 6537 6538 6488
f 6488 6538 6539 6489
f 6489 6539 6540 6490
f 6490 6540 6541 6491
f 6491 6541 6542 6492
f 6492 6542 6543 6493
f 6493 6543 6544 6494
f 6494 6544 6545 6495
f 6495 6545 6546 6496
f 6496 6546 6547 6497
f 6497 6547 6548 6498
f 6498 6548 6549 6499
f 6499 6549 6550 6500
f 6500 6550 6551 6501
f 6501 6551 6552 6502
f 6502 6552 6553 6503
f 6503 6553 6554 6504
f 6504 6554 6555 6505
f 6505 6555 6556 6506
f 6506 6556 6507 6457
f 6507 6557 6558 6508
f 6508 6558 6559 6509
f 6509 6559 6560 6510
f 6510 6560 6561 6511
f 6511 6561 6562 6512
f 6512 6562 6563 6513
f 6513 6563 6564 6514
f 6514 6564 6565 6515
f 6515 6565 6566 6516
f 6516 6566 6567 6517
f 6517 6567 6568 6518
f 6518 6568 6569 6519
f 6519 6569 6570 6520
f 6520 6570 6571 6521
f 6521 6571 6572 6522
f 6522 6572 6573 6523
f 6523 6573 6574 6524
f 6524 6574 6575 6525
f 6525 6575 6576 6526
f 6526 6576 6577 6527
f 6527 6577 6578 6528
f 6528 6578 6579 6529
f 6529 6579 6580 6530
f 6530 6580 6581 6531
f 6531 6581 6582 6532
f 6532 6582 6583 6533
f 6533 6583 6584 6534
f 6534 6584 6585 6535
f 6535 6585 6586 6536
f 6536 6586 6587 6537
f 6537 6587 6588 6538
f 6538 6588 6589 6539
f 6539 6589 6590 6540
f 6540 6590 6591 6541
f 6541 6591 6592 6542
f 6542 6592 6593 6543
f 6543 6593 6594 6544
f 6544 6594 6595 6545
f 6545 6595 6596 6546
f 6546 6596 6597 6547
f 6547 6597 6598 6548
f 6548 6598 6599 6549
f 6549 6599 6600 6550
f 6550 6600 6601 6551
f 6551 6601 6602 6552
f 6552 6602 6603 6553
f 6553 6603 6604 6554
f 6554 6604 6605 6555
f 6555 6605 6606 6556
f 6556 6606 6557 6507
f 6557 6607 6608 6558
f 6558 6608 6609 6559
f 6559 6609 6610 6560
f 6560 6610 6611 6561
f 6561 6611 6612 6562
f 6562 6612 6613 6563
f 6563 6613 6614 6564
f 6564 6614 6615 6565
f 6565 6615 6616 6566
f 6566 6616 6617 6567
f 6567 6617 6618 6568
f 6568 6618 6619 6569
f 6569 6619 6620 6570
f 6570 6620 6621 6571
f 6571 6621 6622 6572
f 6572 6622 6623 6573
f 6573 6623 6624 6574
f 6574 6624 6625 6575
f 6575 6625 6626 6576
f 6576 6626 6627 6577
f 6577 6627 6628 6578
f 6578 6628 6629 6579
f 6579 6629 6630 6580
f 6580 6630 6631 6581
f 6581 6631 6632 6582
f 6582 6632 6633 6583
f 6583 6633 6634 6584
f 6584 6634 6635 6585
f 6585 6635 6636 6586
f 6586 6636 6637 6587
f 6587 6637 6638 6588
f 6588 6638 6639 6589
f 6589 6639 6640 6590
f 6590 6640 6641 6591
f 6591 6641 6642 6592
f 6592 6642 6643 6593
f 6593 6643 6644 6594
f 6594 6644 6645 6595
f 6595 6645 6646 6596
f 6596 6646 6647 6597
f 6597 6647 6648 6598
f 6598 6648 6649 6599
f 6599 6649 6650 6600
f 6600 6650 6651 6601
f 6601 6651 6652 6602
f 6602 6652 6653 6603
f 6603 6653 6654 6604
f 6604 6654 6655 6605
f 6605 6655 6656 6606
f 6606 6656 6607 6557
f 6607 6657 6658 6608
f 6608 6658 6659 6609
f 6609 6659 6660 6610
f 6610 6660 6661 6611
f 6611 6661 6662 6612
f 6612 6662 6663 6613
f 6613 6663 6664 6614
f 6614 6664 6665 6615
f 6615 6665 6666 6616
f 6616 6666 6667 6617
f 6617 6667 6668 6618
f 6618 6668 6669 6619
f 6619 6669 6670 6620
f 6620 6670 6671 6621
f 6621 6671 6672 6622
f 6622 6672 6673 6623
f 6623 6673 6674 6624
f 6624 6674 6675 6625
f 6625 6675 6676 6626
f 6626 6676 6677 6627
f 6627 6677 6678 6628
f 6628 6678 6679 6629
f 6629 6679 6680 6630
f 6630 6680 6681 6631
f 6631 6681 6682 6632
f 6632 6682 6683 6633
f 6633 6683 6684 6634
f 6634 6684 6685 6635
f 6635 6685 6686 6636
f 6636 6686 6687 6637
f 6637 6687 6688 6638
f 6638 6688 6689 6639
f 6639 6689 6690 6640
f 6640 6690 6691 6641
f 6641 6691 6692 6642
f 6642 6692 6693 6643
f 6643 6693 6694 6644
f 6644 6694 6695 6645
f 6645 6695 6696 6646
f 6646 6696 6697 6647
f 6647 6697 6698 6648
f 6648 6698 6699 6649
f 6649 6699 6700 6650
f 6650 6700 6701 6651
f 6651 6701 6702 6652
f 6652 6702 6703 6653
f 6653 6703 6704 6654
f 6654 6704 6705 6655
f 6655 6705 6706 6656
f 6656 6706 6657 6607
f 6657 6707 6708 6658
f 6658 6708 6709 6659
f 6659 6709 6710 6660
f 6660 6710 6711 6661
f 6661 6711 6712 6662
f 6662 6712 6713 6663
f 6663 6713 6714 6664
f 6664 6714 6715 6665
f 6665 6715 6716 6666
f 6666 6716 6717 6667
f 6667 6717 6718 6668
f 6668 6718 6719 6669
f 6669 6719 6720 6670
f 6670 6720 6721 6671
f 6671 6721 6722 6672
f 6672 6722 6723 6673
f 6673 6723 6724 6674
f 6674 6724 6725 6675
f 6675 6725 6726 6676
f 6676 6726 6727 6677
f 6677 6727 6728 6678
f 6678 6728 6729 6679
f 6679 6729 6730 6680
f 6680 6730 6731 6681
f 6681 6731 6732 6682
f 6682 6732 6733 6683
f 6683 6733 6734 6684
f 6684 6734 6735 6685
f 6685 6735 6736 6686
f 6686 6736 6737 6687
f 6687 6737 6738 6688
f 6688 6738 6739 6689
f 6689 6739 6740 6690
f 6690 6740 6741 6691
f 6691 6741 6742 6692
f 6692 6742 6743 6693
f 6693 6743 6744 6694
f 6694 6744 6745 6695
f 6695 6745 6746 6696
f 6696 6746 6747 6697
f 6697 6747 6748 6698
f 6698 6748 6749 6699
f 6699 6749 6750 6700
f 6700 6750 6751 6701
f 6701 6751 6752 6702
f 6702 6752 6753 6703
f 6703 6753 6754 6704
f 6704 6754 6755 6705
f 6705 6755 6756 6706
f 6706 6756 6707 6657
f 6707 6757 6758 6708
f 6708 6758 6759 6709
f 6709 6759 6760 6710
f 6710 6760 6761 6711
f 6711 6761 6762 6712
f 6712 6762 6763 6713
f 6713 6763 6764 6714
f 6714 6764 6765 6715
f 6715 6765 6766 6716
f 6716 6766 6767 6717
f 6717 6767 6768 6718
f 6718 6768 6769 6719
f 6719 6769 6770 6720
f 6720 6770 6771 6721
f 6721 6771 6772 6722
f 6722 6772 6773 6723
f 6723 6773 6774 6724
f 6724 6774 6775 6725
f 6725 6775 6776 6726
f 6726 6776 6777 6727
f 6727 6777 6778 6728
f 6728 6778 6779 6729
f 6729 6779 6780 6730
f 6730 6780 6781 6731
f 6731 6781 6782 6732
f 6732 6782 6783 6733
f 6733 6783 6784 6734
f 6734 6784 6785 6735
f 6735 6785 6786 6736
f 6736 6786 6787 6737
f 6737 6787 6788 6738
f 6738 6788 6789 6739
f 6739 6789 6790 6740
f 6740 6790 6791 6741
f 6741 6791 6792 6742
f 6742 6792 6793 6743
f 6743 6793 6794 6744
f 6744 6794 6795 6745
f 6745 6795 6796 6746
f 6746 6796 6797 6747
f 6747 6797 6798 6748
f 6748 6798 6799 6749
f 6749 6799 6800 6750
f 6750 6800 6801 6751
f 6751 6801 6802 6752
f 6752 6802 6803 6753
f 6753 6803 6804 6754
f 6754 6804 6805 6755
f 6755 6805 6806 6756
f 6756 6806 6757 6707
f 6757 6807 6808 6758
f 6758 6808 6809 6759
f 6759 6809 6810 6760
f 6760 6810 6811 6761
f 6761 6811 6812 6762
f 6762 6812 6813 6763
f 6763 6813 6814 6764
f 6764 6814 6815 6765
f 6765 6815 6816 6766
f 6766 6816 6817 6767
f 6767 6817 6818 6768
f 6768 6818 6819 6769
f 6769 6819 6820 6770
f 6770 6820 6821 6771
f 6771 6821 6822 6772
f 6772 6822 6823 6773
f 6773 6823 6824 6774
f 6774 6824 6825 6775
f 6775 6825 6826 6776
f 6776 6826 6827 6777
f 6777 6827 6828 6778
f 6778 6828 6829 6779
f 6779 6829 6830 6780
f 6780 6830 6831 6781
f 6781 6831 6832 6782
f 6782 6832 6833 6783
f 6783 6833 6834 6784
f 6784 6834 6835 6785
f 6785 6835 6836 6786
f 6786 6836 6837 6787
f 6787 6837 6838 6788
f 6788 6838 6839 6789
f 6789 6839 6840 6790
f 6790 6840 6841 6791
f 6791 6841 6842 6792
f 6792 6842 6843 6793
f 6793 6843 6844 6794
f 6794 6844 6845 6795
f 6795 6845 6846 6796
f 6796 6846 6847 6797
f 6797 6847 6848 6798
f 6798 6848 6849 6799
f 6799 6849 6850 6800
f 6800 6850 6851 6801
f 6801 6851 6852 6802
f 6802 6852 6853 6803
f 6803 6853 6854 6804
f 6804 6854 6855 6805
f 6805 6855 6856 6806
f 6806 6856 6807 6757
f 6807 6857 6858 6808
f 6808 6858 6859 6809
f 6809 6859 6860 6810
f 6810 6860 6861 6811
f 6811 6861 6862 6812
f 6812 6862 6863 6813
f 6813 6863 6864 6814
f 6814 6864 6865 6815
f 6815 6865 6866 6816
f 6816 6866 6867 6817
f 6817 6867 6868 6818
f 6818 6868 6869 6819
f 6819 6869 6870 6820
f 6820 6870 6871 6821
f 6821 6871 6872 6822
f 6822 6872 6873 6823
f 6823 6873 6874 6824
f 6824 6874 6875 6825
f 6825 6875 6876 6826
f 6826 6876 6877 6827
f 6827 6877 6878 6828
f 6828 6878 6879 6829
f 6829 6879 6880 6830
f 6830 6880 6881 6831
f 6831 6881 6882 6832
f 6832 6882 6883 6833
f 6833 6883 6884 6834
f 6834 6884 6885 6835
f 6835 6885 6886 6836
f 6836 6886 6887 6837
f 6837 6887 6888 6838
f 6838 6888 6889 6839
f 6839 6889 6890 6840
f 6840 6890 6891 6841
f 6841 6891 6892 6842
f 6842 6892 6893 6843
f 6843 6893 6894 6844
f 6844 6894 6895 6845
f 6845 6895 6896 6846
f 6846 6896 6897 6847
f 6847 6897 6898 6848
f 6848 6898 6899 6849
f 6849 6899 6900 6850
f 6850 6900 6901 6851
f 6851 6901 6902 6852
f 6852 6902 6903 6853
f 6853 6903 6904 6854
f 6854 6904 6905 6855
f 6855 6905 6906 6856
f 6856 6906 6857 6807
f 6857 6907 6908 6858
f 6858 6908 6909 6859
f 6859 6909 6910 6860
f 6860 6910 6911 6861
f 6861 6911 6912 6862
f 6862 6912 6913 6863
f 6863 6913 6914 6864
f 6864 6914 6915 6865
f 6865 6915 6916 6866
f 6866 6916 6917 6867
f 6867 6917 6918 6868
f 6868 6918 6919 6869
f 6869 6919 6920 6870
f 6870 6920 6921 6871
f 6871 6921 6922 6872
f 6872 6922 6923 6873
f 6873 6923 6924 6874
f 6874 6924 6925 6875
f 6875 6925 6926 6876
f 6876 6926 6927 6877
f 6877 6927 6928 6878
f 6878 6928 6929 6879
f 6879 6929 6930 6880
f 6880 6930 6931 6881
f 6881 6931 6932 6882
f 6882 6932 6933 6883
f 6883 6933 6934 6884
f 6884 6934 6935 6885
f 6885 6935 6936 6886
f 6886 6936 6937 6887
f 6887 6937 6938 6888
f 6888 6938 6939 6889
f 6889 6939 6940 6890
f 6890 6940 6941 6891
f 6891 6941 6942 6892
f 6892 6942 6943 6893
f 6893 6943 6944 6894
f 6894 6944 6945 6895
f 6895 6945 6946 6896
f 6896 6946 6947 6897
f 6897 6947 6948 6898
f 6898 6948 6949 6899
f 6899 6949 6950 6900
f 6900 6950 6951 6901
f 6901 6951 6952 6902
f 6902 6952 6953 6903
f 6903 6953 6954 6904
f 6904 6954 6955 6905
f 6905 6955 6956 6906
f 6906 6956 6907 6857
f 6907 6957 6958 6908
f 6908 6958 6959 6909
f 6909 6959 6960 6910
f 6910 6960 6961 6911
f 6911 6961 6962 6912
f 6912 6962 6963 6913
f 6913 6963 6964 6914
f 6914 6964 6965 6915
f 6915 6965 6966 6916
f 6916 6966 6967 6917
f 6917 6967 6968 6918
f 6918 6968 6969 6919
f 6919 6969 6970 6920
f 6920 6970 6971 6921
f 6921 6971 6972 6922
f 6922 6972 6973 6923
f 6923 6973 6974 6924
f 6924 6974 6975 6925
f 6925 6975 6976 6926
f 6926 6976 6977 6927
f 6927 6977 6978 6928
f 6928 6978 6979 6929
f 6929 6979 6980 6930
f 6930 6980 6981 6931
f 6931 6981 6982 6932
f 6932 6982 6983 6933
f 6933 6983 6984 6934
f 6934 6984 6985 6935
f 6935 6985 6986 6936
f 6936 6986 6987 6937
f 6937 6987 6988 6938
f 6938 6988 6989 6939
f 6939 6989 6990 6940
f 6940 6990 6991 6941
f 6941 6991 6992 6942
f 6942 6992 6993 6943
f 6943 6993 6994 6944
f 6944 6994 6995 6945
f 6945 6995 6996 6946
f 6946 6996 6997 6947
f 6947 6997 6998 6948
f 6948 6998 6999 6949
f 6949 6999 7000 6950
f 6950 7000 7001 6951
f 6951 7001 7002 6952
f 6952 7002 7003 6953
f 6953 7003 7004 6954
f 6954 7004 7005 6955
f 6955 7005 7006 6956
f 6956 7006 6957 6907
f 6957 7007 7008 6958
f 6958 7008 7009 6959
f 6959 7009 7010 6960
f 6960 7010 7011 6961
f 6961 7011 7012 6962
f 6962 7012 7013 6963
f 6963 7013 7014 6964
f 6964 7014 7015 6965
f 6965 7015 7016 6966
f 6966 7016 7017 6967
f 6967 7017 7018 6968
f 6968 7018 7019 6969
f 6969 7019 7020 6970
f 6970 7020 7021 6971
f 6971 7021 7022 6972
f 6972 7022 7023 6973
f 6973 7023 7024 6974
f 6974 7024 7025 6975
f 6975 7025 7026 6976
f 6976 7026 7027 6977
f 6977 7027 7028 6978
f 6978 7028 7029 6979
f 6979 7029 7030 6980
f 6980 7030 7031 6981
f 6981 7031 7032 6982
f 6982 7032 7033 6983
f 6983 7033 7034 6984
f 6984 7034 7035 6985
f 6985 7035 7036 6986
f 6986 7036 7037 6987
f 6987 7037 7038 6988
f 6988 7038 7039 6989
f 6989 7039 7040 6990
f 6990 7040 7041 6991
f 6991 7041 7042 6992
f 6992 7042 7043 6993
f 6993 7043 7044 6994
f 6994 7044 7045 6995
f 6995 7045 7046 6996
f 6996 7046 7047 6997
f 6997 7047 7048 6998
f 6998 7048 7049 6999
f 6999 7049 7050 7000
f 7000 7050 7051 7001
f 7001 7051 7052 7002
f 7002 7052 7053 7003
f 7003 7053 7054 7004
f 7004 7054 7055 7005
f 7005 7055 7056 7006
f 7006 7056 7007 6957
f 7007 7057 7058 7008
f 7008 7058 7059 7009
f 7009 7059 7060 7010
f 7010 7060 7061 7011
f 7011 7061 7062 7012
f 7012 7062 7063 7013
f 7013 7063 7064 7014
f 7014 7064 7065 7015
f 7015 7065 7066 7016
f 7016 7066 7067 7017
f 7017 7067 7068 7018
f 7018 7068 7069 7019
f 7019 7069 7070 7020
f 7020 7070 7071 7021
f 7021 7071 7072 7022
f 7022 7072 7073 7023
f 7023 7073 7074 7024
f 7024 7074 7075 7025
f 7025 7075 7076 7026
f 7026 7076 7077 7027
f 7027 7077 7078 7028
f 7028 7078 7079 7029
f 7029 7079 7080 7030
f 7030 7080 7081 7031
f 7031 7081 7082 7032
f 7032 7082 7083 7033
f 7033 7083 7084 7034
f 7034 7084 7085 7035
f 7035 7085 7086 7036
f 7036 7086 7087 7037
f 7037 7087 7088 7038
f 7038 7088 7089 7039
f 7039 7089 7090 7040
f 7040 7090 7091 7041
f 7041 7091 7092 7042
f 7042 7092 7093 7043
f 7043 7093 7094 7044
f 7044 7094 7095 7045
f 7045 7095 7096 7046
f 7046 7096 7097 7047
f 7047 7097 7098 7048
f 7048 7098 7099 7049
f 7049 7099 7100 7050
f 7050 7100 7101 7051
f 7051 7101 7102 7052
f 7052 7102 7103 7053
f 7053 7103 7104 7054
f 7054 7104 7105 7055
f 7055 7105 7106 7056
f 7056 7106 7057 7007
f 7057 7107 7108 7058
f 7058 7108 7109 7059
f 7059 7109 7110 7060
f 7060 7110 7111 7061
f 7061 7111 7112 7062
f 7062 7112 7113 7063
f 7063 7113 7114 7064
f 7064 7114 7115 7065
f 7065 7115 7116 7066
f 7066 7116 7117 7067
f 7067 7117 7118 7068
f 7068 7118 7119 7069
f 7069 7119 7120 7070
f 7070 7120 7121 7071
f 7071 7121 7122 7072
f 7072 7122 7123 7073
f 7073 7123 7124 7074
f 7074 7124 7125 7075
f 7075 7125 7126 7076
f 7076 7126 7127 7077
f 7077 7127 7128 7078
f 7078 7128 7129 7079
f 7079 7129 7130 7080
f 7080 7130 7131 7081
f 7081 7131 7132 7082
f 7082 7132 7133 7083
f 7083 7133 7134 7084
f 7084 7134 7135 7085
f 7085 7135 7136 7086
f 7086 7136 7137 7087
f 7087 7137 7138 7088
f 7088 7138 7139 7089
f 7089 7139 7140 7090
f 7090 7140 7141 7091
f 7091 7141 7142 7092
f 7092 7142 7143 7093
f 7093 7143 7144 7094
f 7094 7144 7145 7095
f 7095 7145 7146 7096
f 7096 7146 7147 7097
f 7097 7147 7148 7098
f 7098 7148 7149 7099
f 7099 7149 7150 7100
f 7100 7150 7151 7101
f 7101 7151 7152 7102
f 7102 7152 7153 7103
f 7103 7153 7154 7104
f 7104 7154 7155 7105
f 7105 7155 7156 7106
f 7106 7156 7107 7057
f 7107 7157 7158 7108
f 7108 7158 7159 7109
f 7109 7159 7160 7110
f 7110 7160 7161 7111
f 7111 7161 7162 7112
f 7112 7162 7163 7113
f 7113 7163 7164 7114
f 7114 7164 7165 7115
f 7115 7165 7166 7116
f 7116 7166 7167 7117
f 7117 7167 7168 7118
f 7118 7168 7169 7119
f 7119 7169 7170 7120
f 7120 7170 7171 7121
f 7121 7171 7172 7122
f 7122 7172 7173 7123
f 7123 7173 7174 7124
f 7124 7174 7175 7125
f 7125 7175 7176 7126
f 7126 7176 7177 7127
f 7127 7177 7178 7128
f 7128 7178 7179 7129
f 7129 7179 7180 7130
f 7130 7180 7181 7131
f 7131 7181 7182 7132
f 7132 7182 7183 7133
f 7133 7183 7184 7134
f 7134 7184 7185 7135
f 7135 7185 7186 7136
f 7136 7186 7187 7137
f 7137 7187 7188 7138
f 7138 7188 7189 7139
f 7139 7189 7190 7140
f 7140 7190 7191 7141
f 7141 7191 7192 7142
f 7142 7192 7193 7143
f 7143 7193 7194 7144
f 7144 7194 7195 7145
f 7145 7195 7196 7146
f 7146 7196 7197 7147
f 7147 7197 7198 7148
f 7148 7198 7199 7149
f 7149 7199 7200 7150
f 7150 7200 7201 7151
f 7151 7201 7202 7152
f 7152 7202 7203 7153
f 7153 7203 7204 7154
f 7154 7204 7205 7155
f 7155 7205 7206 7156
f 7156 7206 7157 7107
f 7157 4806 4806 7158
f 7158 4806 4806 7159
f 7159 4806 4806 7160
f 7160 4806 4806 7161
f 7161 4806 4806 7162
f 7162 4806 4806 7163
f 7163 4806 4806 7164
f 7164 4806 4806 7165
f 7165 4806 4806 7166
f 7166 4806 4806 7167
f 7167 4806 4806 7168
f 7168 4806 4806 7169
f 7169 4806 4806 7170
f 7170 4806 4806 7171
f 7171 4806 4806 7172
f 7172 4806 4806 7173
f 7173 4806 4806 7174
f 7174 4806 4806 7175
f 7175 4806 4806 7176
f 7176 4806 4806 7177
f 7177 4806 4806 7178
f 7178 4806 4806 7179
f 7179 4806 4806 7180
f 7180 4806 4806 7181
f 7181 4806 4806 7182
f 7182 4806 4806 7183
f 7183 4806 4806 7184
f 7184 4806 4806 7185
f 7185 4806 4806 7186
f 7186 4806 4806 7187
f 7187 4806 4806 7188
f 7188 4806 4806 7189
f 7189 4806 4806 7190
f 7190 4806 4806 7191
f 7191 4806 4806 7192
f 7192 4806 4806 7193
f 7193 4806 4806 7194
f 7194 4806 4806 7195
f 7195 4806 4806 7196
f 7196 4806 4806 7197
f 7197 4806 4806 7198
f 7198 4806 4806 7199
f 7199 4806 4806 7200
f 7200 4806 4806 7201
f 7201 4806 4806 7202
f 7202 4806 4806 7203
f 7203 4806 4806 7204
f 7204 4806 4806 7205
f 7205 4806 4806 7206
f 7206 4806 4806 7157
