# File exported by Houdini 20.0.590 (www.sidefx.com)
# 4002 points
# 24000 vertices
# 8000 primitives
# Bounds: [0.392915428, 0.294982642, 0.498698205] to [0.608755887, 0.497758329, 0.738339663]
g 
v 0.5 0.400000006 0.507609367
v 0.5 0.4051162 0.508101225
v 0.504975736 0.401616722 0.505895972
v 0.5 0.410193086 0.508475542
v 0.505062401 0.406967789 0.506907582
v 0.510091901 0.403279066 0.504633248
v 0.5 0.415278882 0.508927763
v 0.5051893 0.412276149 0.507466495
v 0.510247707 0.408880919 0.505847871
v 0.515523791 0.405043989 0.502632022
v 0.5 0.420401186 0.509419918
v 0.505295992 0.417498261 0.508402705
v 0.510472536 0.414414257 0.506530106
v 0.515620053 0.410870224 0.504648805
v 0.521190226 0.406885147 0.501018643
v 0.5 0.425596863 0.509917796
v 0.505400121 0.422685415 0.509399772
v 0.51059407 0.419704795 0.50815922
v 0.515639305 0.416344881 0.507132947
v 0.520994365 0.412806988 0.504448235
v 0.52661258 0.408646971 0.501489818
v 0.5 0.43086797 0.510518849
v 0.505509794 0.427903175 0.510336637
v 0.510729015 0.42491442 0.509685457
v 0.515794098 0.421738684 0.508815229
v 0.520958066 0.418410033 0.507120848
v 0.526194274 0.414618224 0.505429626
v 0.531044781 0.410087079 0.505362689
v 0.5 0.436211407 0.511281669
v 0.505634427 0.433250904 0.511085808
v 0.510895371 0.430147797 0.510984838
v 0.515921772 0.426955134 0.510687172
v 0.520949066 0.423736244 0.509680569
v 0.526252091 0.420412779 0.507654428
v 0.531165242 0.416302085 0.507269919
v 0.53575623 0.411617935 0.507883787
v 0.5 0.441407919 0.512695074
v 0.505738258 0.438549936 0.512238324
v 0.511080205 0.435436547 0.512198389
v 0.516112924 0.43218869 0.512254059
v 0.521036685 0.428954512 0.511855602
v 0.526179492 0.425808221 0.510386467
v 0.531132579 0.422093332 0.509721041
v 0.53589195 0.417866826 0.509718776
v 0.540449977 0.413143039 0.510323942
v 0.5 0.446155488 0.515154719
v 0.505796432 0.443586379 0.51415211
v 0.511220813 0.440605134 0.513838828
v 0.51634872 0.437487692 0.513660014
v 0.521336079 0.434363753 0.513222635
v 0.526222825 0.431069702 0.512776136
v 0.530982494 0.427470833 0.512583137
v 0.535762787 0.423622876 0.512337923
v 0.54019326 0.419235021 0.513002455
v 0.54423511 0.414372891 0.514499903
v 0.5 0.450489819 0.518305838
v 0.505781472 0.448045701 0.517176628
v 0.51130414 0.44557327 0.515986443
v 0.516599953 0.442845702 0.515092373
v 0.521629095 0.439744681 0.514734745
v 0.52650106 0.436475605 0.514481723
v 0.531191289 0.432932079 0.51452744
v 0.53585434 0.429219097 0.514531314
v 0.540156186 0.42502442 0.515340209
v 0.544167876 0.420465618 0.516685843
v 0.548271239 0.415684313 0.517876089
v 0.5 0.45471108 0.521541119
v 0.505748391 0.452288002 0.520450711
v 0.511286557 0.450103521 0.518930852
v 0.51676327 0.448007524 0.517088056
v 0.522039115 0.445377737 0.515933752
v 0.526880264 0.441987067 0.516006052
v 0.531814098 0.438769042 0.515505314
v 0.53663373 0.435259342 0.515269041
v 0.540719748 0.430961728 0.516592443
v 0.544644535 0.4265019 0.518048227
v 0.548433363 0.421841025 0.51965332
v 0.552472293 0.417049319 0.520879328
v 0.5 0.458712071 0.5250144
v 0.505702138 0.456348896 0.523896933
v 0.511207342 0.454291999 0.522339821
v 0.516725004 0.45256862 0.52016449
v 0.522288322 0.450734824 0.517909408
v 0.527474463 0.447889835 0.517053545
v 0.532257497 0.444398642 0.517163932
v 0.537325621 0.441226453 0.516449571
v 0.541800201 0.437263727 0.517044306
v 0.545978665 0.432975531 0.518114805
v 0.548700213 0.427736491 0.521487832
v 0.552528501 0.423143089 0.522870183
v 0.555905342 0.41816476 0.524924755
v 0.5 0.462586492 0.528586864
v 0.505645335 0.460252732 0.527479589
v 0.511090577 0.458219022 0.526021719
v 0.516551912 0.456617862 0.523927152
v 0.522123873 0.45510897 0.521516502
v 0.527863741 0.453520894 0.518938124
v 0.533256769 0.450892091 0.517654955
v 0.538222134 0.447477072 0.517443717
v 0.542713881 0.443469048 0.518127739
v 0.546720743 0.439026833 0.519544184
v 0.550405502 0.434377551 0.521315694
v 0.552830696 0.429025531 0.524757147
v 0.556255221 0.424287796 0.526571572
v 0.558735788 0.41908443 0.529530704
v 0.5 0.46715647 0.531428933
v 0.505616486 0.46444875 0.530719817
v 0.510989189 0.462166965 0.529624224
v 0.516331136 0.46039471 0.527935386
v 0.52187264 0.459148824 0.525488913
v 0.527789414 0.458256483 0.522340715
v 0.533320606 0.456023246 0.520713329
v 0.53854543 0.453053266 0.519943595
v 0.543313265 0.449376494 0.520107269
v 0.547770381 0.44533509 0.520761251
v 0.550878286 0.44017151 0.523407221
v 0.554028571 0.435261518 0.525685608
v 0.556525409 0.430085421 0.528618336
v 0.559673488 0.425305933 0.530586421
v 0.562362134 0.420262724 0.533044994
v 0.5 0.472005278 0.534192204
v 0.50567168 0.469729006 0.533013284
v 0.510977209 0.466633856 0.53272289
v 0.516212165 0.464482903 0.5315485
v 0.521578968 0.46295774 0.529663742
v 0.527445316 0.462323338 0.526604354
v 0.532885253 0.460197866 0.525097072
v 0.538208127 0.457623929 0.524006307
v 0.543297946 0.454524338 0.523473918
v 0.547521234 0.450335175 0.524410546
v 0.551632166 0.446111053 0.525390863
v 0.554654241 0.441063553 0.527753174
v 0.557317913 0.435972482 0.530332625
v 0.559951663 0.431016117 0.532755077
v 0.562786996 0.42620194 0.534855604
v 0.564888716 0.421083659 0.537637413
v 0.5 0.474408627 0.539194643
v 0.505589545 0.473399788 0.537039876
v 0.511029601 0.47159633 0.535564065
v 0.516318202 0.469521523 0.534351468
v 0.521532238 0.467444032 0.533143342
v 0.526887059 0.465746045 0.531510532
v 0.532448649 0.464210421 0.529592574
v 0.53780973 0.461944282 0.528342366
v 0.543038249 0.459237099 0.527486622
v 0.547723889 0.455678791 0.527591467
v 0.551606357 0.45126459 0.528812587
v 0.554735899 0.446324527 0.530858815
v 0.557865798 0.441590279 0.532705665
v 0.560955405 0.436929762 0.534481287
v 0.562594056 0.431562096 0.537644506
v 0.565402091 0.426898628 0.539515138
v 0.567005813 0.421771556 0.542417109
v 0.5 0.476237297 0.544434667
v 0.505434096 0.476049304 0.541898191
v 0.510950387 0.475806713 0.539323926
v 0.516286969 0.474081784 0.537896156
v 0.521492004 0.471989274 0.536780298
v 0.526839375 0.470341414 0.535248458
v 0.53214854 0.468383819 0.533940554
v 0.537724137 0.466684103 0.532289028
v 0.542717397 0.463736385 0.53181994
v 0.548950315 0.462273568 0.529616237
v 0.552375495 0.457152724 0.531488419
v 0.554752231 0.451378316 0.534360051
v 0.558677912 0.447321445 0.535167754
v 0.562087834 0.442867815 0.536511183
v 0.56409663 0.437604815 0.539154291
v 0.565326095 0.432174027 0.542312324
v 0.567341983 0.427329242 0.544615507
v 0.568885267 0.422382206 0.547198534
v 0.5 0.477575392 0.549777031
v 0.50523454 0.477952242 0.547178626
v 0.510553479 0.477753401 0.544883251
v 0.515759528 0.47633636 0.543417454
v 0.521041632 0.475139081 0.54176563
v 0.526198864 0.473318636 0.540564716
v 0.531570852 0.471865475 0.539019346
v 0.537448645 0.471041352 0.536826313
v 0.541976094 0.467455626 0.537029207
v 0.548357129 0.46655792 0.534632862
v 0.55367291 0.463722974 0.533968866
v 0.555457592 0.457019329 0.537428617
v 0.559572577 0.453107268 0.538000047
v 0.563705146 0.449171454 0.538569808
v 0.564837396 0.443149984 0.541874766
v 0.565953195 0.437565893 0.544900656
v 0.567619145 0.432587028 0.547273159
v 0.569437146 0.427833021 0.549422264
v 0.571237445 0.423146516 0.551497281
v 0.5 0.478783846 0.554963768
v 0.504979312 0.478827327 0.552924037
v 0.510105491 0.479125559 0.55064553
v 0.515176296 0.478137434 0.549122036
v 0.520196199 0.476704478 0.547871351
v 0.525270283 0.475295484 0.546582818
v 0.530748367 0.474637926 0.544697642
v 0.536020279 0.473019838 0.543443382
v 0.541355669 0.471212506 0.542268991
v 0.54667604 0.469078004 0.541285336
v 0.552863181 0.467776239 0.539467394
v 0.556104124 0.462628663 0.541055441
v 0.558855593 0.457348406 0.542919874
v 0.563392639 0.453932375 0.542982459
v 0.566517889 0.449315041 0.544311345
v 0.56618464 0.442573279 0.548280835
v 0.567292511 0.437288105 0.55082345
v 0.569184184 0.432671547 0.552659333
v 0.571257234 0.42823416 0.554316282
v 0.572708547 0.423624486 0.556287587
v 0.5 0.480683982 0.559658051
v 0.504787445 0.480095744 0.558213055
v 0.509638906 0.47998333 0.556506872
v 0.514551997 0.479461581 0.55498296
v 0.519278049 0.477692127 0.554150879
v 0.524070561 0.476165563 0.553173184
v 0.529220998 0.475416243 0.55167681
v 0.534797907 0.475123644 0.549797177
v 0.540622175 0.47464776 0.547919333
v 0.545387924 0.471872032 0.547575951
v 0.551168561 0.470427573 0.546198249
v 0.55567956 0.46700123 0.546272695
v 0.559100747 0.462397277 0.54733187
v 0.562334776 0.457830131 0.548440635
v 0.565475821 0.453357935 0.549535632
v 0.566789865 0.447704554 0.551885009
v 0.567647815 0.44216606 0.554342568
v 0.569085598 0.437325239 0.556240618
v 0.570928752 0.432888716 0.557789326
v 0.572852492 0.428588361 0.559240699
v 0.574396133 0.424172819 0.560887694
v 0.503065228 0.39578113 0.506219625
v 0.508318782 0.397297055 0.505450726
v 0.506188631 0.391482085 0.505391359
v 0.513810873 0.398813277 0.503750801
v 0.511772215 0.392901868 0.504552186
v 0.509382546 0.387086064 0.504804313
v 0.51978308 0.400403827 0.500849605
v 0.517504036 0.39431262 0.503439546
v 0.515174031 0.388496727 0.504592121
v 0.512475431 0.3828291 0.505740166
v 0.525653064 0.402073324 0.49999699
v 0.523420274 0.39575994 0.502283692
v 0.521082699 0.38983658 0.503913641
v 0.51847887 0.384153366 0.505417705
v 0.515556872 0.378587782 0.506843448
v 0.530789256 0.403692603 0.502234638
v 0.529156983 0.397298217 0.5024997
v 0.526878476 0.391266674 0.504087389
v 0.524669468 0.385349542 0.504466832
v 0.521682262 0.379898101 0.506787002
v 0.518607199 0.37438941 0.508227766
v 0.535477996 0.405231684 0.505449057
v 0.534957826 0.398862094 0.502868235
v 0.533321381 0.392571658 0.502595365
v 0.530821383 0.38664186 0.504159689
v 0.528065324 0.380974233 0.505842149
v 0.524851263 0.375676185 0.508318245
v 0.521635592 0.370221168 0.509816289
v 0.540057659 0.406730235 0.508533835
v 0.540080488 0.400448859 0.505206406
v 0.539795101 0.393990219 0.501884758
v 0.537015796 0.387972862 0.504137039
v 0.534252524 0.382236958 0.505939424
v 0.53129822 0.376722097 0.507755995
v 0.527974069 0.37149781 0.510071635
v 0.524657965 0.36606127 0.51154995
v 0.544117212 0.408118188 0.512418151
v 0.544045627 0.401965708 0.509822965
v 0.543487906 0.395766735 0.507753432
v 0.54204309 0.389646143 0.507102489
v 0.539838731 0.383770466 0.50770694
v 0.537497103 0.37796548 0.508179009
v 0.534218371 0.37272796 0.510503531
v 0.53062284 0.367813975 0.51326108
v 0.527340233 0.362369388 0.514495432
v 0.54841888 0.409534574 0.515539348
v 0.548330843 0.403440058 0.513303638
v 0.547534943 0.397361815 0.512025118
v 0.546023369 0.391424924 0.511781037
v 0.544679701 0.385482699 0.510889649
v 0.542558074 0.379750282 0.511187851
v 0.540231943 0.374048918 0.511530638
v 0.536492527 0.369302779 0.514675379
v 0.533184528 0.364240259 0.516504407
v 0.52984792 0.358917832 0.517835677
v 0.55243057 0.410884261 0.519020796
v 0.553410947 0.404962033 0.51532799
v 0.553030074 0.398846179 0.513511777
v 0.551293075 0.392878562 0.513702512
v 0.549555302 0.387066573 0.513712406
v 0.54804337 0.381198406 0.513078511
v 0.545170367 0.375885993 0.514671206
v 0.54210943 0.370785326 0.516433477
v 0.538721383 0.365976036 0.518635809
v 0.53553772 0.360908121 0.520106018
v 0.532293558 0.355551749 0.521211326
v 0.555933475 0.4121162 0.523098648
v 0.556851089 0.406314731 0.519868314
v 0.557195604 0.400352091 0.517223835
v 0.557167292 0.394278407 0.514889419
v 0.55478251 0.388512641 0.515907347
v 0.552936852 0.382799804 0.515984178
v 0.550482333 0.377357811 0.516878724
v 0.547215462 0.37242803 0.519003272
v 0.543896735 0.367694765 0.521123111
v 0.540990531 0.362653852 0.522317886
v 0.53784889 0.357635707 0.52366519
v 0.534661412 0.352292717 0.52468586
v 0.558855891 0.413206726 0.527715862
v 0.559693217 0.407557189 0.524893641
v 0.561205149 0.401822329 0.521032274
v 0.560835183 0.395881891 0.519414425
v 0.559635162 0.390018255 0.518770039
v 0.557374358 0.384450704 0.519484699
v 0.555289268 0.378957629 0.51987201
v 0.552529991 0.373812497 0.521146774
v 0.549178839 0.369118989 0.523252368
v 0.546305716 0.364206076 0.524521053
v 0.543315887 0.359302849 0.525810659
v 0.540193915 0.354332447 0.527096272
v 0.536852598 0.349276781 0.528460443
v 0.562486768 0.414448023 0.531316876
v 0.56327951 0.408866346 0.528769433
v 0.563821971 0.403198957 0.52639401
v 0.563565314 0.397453994 0.524835765
v 0.56404984 0.391565442 0.522271216
v 0.562391579 0.385890484 0.522192538
v 0.559455097 0.380681902 0.523681939
v 0.557176411 0.375426829 0.524301171
v 0.554460764 0.37043348 0.525439799
v 0.551419854 0.365699977 0.526969552
v 0.548712313 0.360738069 0.527933836
v 0.545712829 0.355893075 0.529187799
v 0.542552471 0.351015151 0.53051275
v 0.539012611 0.346303731 0.53222847
v 0.56545496 0.415530831 0.535585642
v 0.566598237 0.410125673 0.532890558
v 0.567426503 0.404582262 0.530424237
v 0.567255974 0.398921072 0.528912067
v 0.568013906 0.393130749 0.526322961
v 0.5665012 0.387497842 0.52611053
v 0.563418388 0.382356554 0.527646899
v 0.561147511 0.37719503 0.52826798
v 0.558867633 0.372107565 0.528866827
v 0.556046247 0.367338419 0.53008455
v 0.553448021 0.362463653 0.530975044
v 0.550899327 0.357460856 0.531707764
v 0.548051834 0.352539688 0.532716274
v 0.544723153 0.347914577 0.534265101
v 0.541220188 0.343265235 0.535904408
v 0.56766057 0.416422576 0.540449262
v 0.568368495 0.411123306 0.538385868
v 0.569989443 0.405865073 0.535432279
v 0.571660578 0.400367677 0.532328069
v 0.570707619 0.394755095 0.531635344
v 0.569686413 0.389199704 0.530986726
v 0.567321539 0.383962512 0.53166461
v 0.565180838 0.378821492 0.532124758
v 0.562903166 0.373815268 0.532720447
v 0.560308814 0.369019121 0.533644795
v 0.557813466 0.364214003 0.534438789
v 0.555665016 0.359120101 0.534780383
v 0.552975953 0.354288489 0.535674334
v 0.549757659 0.34982118 0.537141979
v 0.546758354 0.34497267 0.538238525
v 0.543424964 0.340230703 0.539626241
v 0.569812536 0.417291135 0.545190036
v 0.571419001 0.412309289 0.542587399
v 0.572861016 0.407144159 0.540056944
v 0.574661851 0.401795 0.537154973
v 0.574460149 0.396247685 0.535878658
v 0.574101865 0.390666127 0.534706056
v 0.571450174 0.385466367 0.535558164
v 0.569289327 0.380352765 0.535998881
v 0.567185879 0.375321597 0.536395013
v 0.56464839 0.370535046 0.537206769
v 0.562024415 0.365873009 0.538107872
v 0.559805036 0.360991865 0.538587987
v 0.557364643 0.356178373 0.539253831
v 0.554414511 0.351688683 0.540420413
v 0.551159799 0.347429216 0.541887939
v 0.548270524 0.342651844 0.542876482
v 0.545204103 0.337781906 0.543949366
v 0.57168287 0.418081343 0.550016582
v 0.573202193 0.413262904 0.54774189
v 0.575354874 0.408365726 0.544961214
v 0.577292144 0.403179765 0.542266786
v 0.577099562 0.397761106 0.541118979
v 0.577438951 0.392248511 0.539538085
v 0.576184273 0.386846811 0.539180577
v 0.573878586 0.381726295 0.539677262
v 0.57166487 0.376714677 0.540123045
v 0.569367051 0.37182337 0.540654063
v 0.566013217 0.367511302 0.542116821
v 0.563564181 0.362880558 0.542810917
v 0.56092006 0.358386546 0.543678284
v 0.558087885 0.354033738 0.544714451
v 0.555138767 0.349766582 0.545851767
v 0.552653968 0.344958633 0.546494603
v 0.550000727 0.340076059 0.547234893
v 0.546865761 0.335494816 0.548387945
v 0.573676825 0.418896496 0.554665029
v 0.574641943 0.414132655 0.552994728
v 0.576311231 0.409381121 0.55085367
v 0.578948677 0.40448153 0.548030794
v 0.579607129 0.399232298 0.546456575
v 0.579981685 0.393859744 0.545044124
v 0.57980752 0.388418704 0.543982565
v 0.578227043 0.383164912 0.543901324
v 0.576122582 0.378104717 0.54421103
v 0.573670805 0.373254389 0.544797122
v 0.570291281 0.368917674 0.546114206
v 0.567229807 0.364639014 0.547229648
v 0.56451273 0.36029616 0.54809916
v 0.561739266 0.356047332 0.549025416
v 0.558980703 0.351812929 0.549943209
v 0.556302011 0.347482204 0.550784647
v 0.553657591 0.343016714 0.551571548
v 0.551060975 0.33830902 0.55227077
v 0.54828912 0.333535701 0.553051651
v 0.575530946 0.419637352 0.559354484
v 0.576636195 0.415067881 0.557832122
v 0.577566743 0.41037491 0.556388915
v 0.579255104 0.405630708 0.554490447
v 0.581191003 0.400656193 0.552402496
v 0.582617223 0.395412236 0.55056268
v 0.583027959 0.390020669 0.549291551
v 0.582894921 0.384554744 0.548325896
v 0.581331372 0.379309803 0.548243225
v 0.578932047 0.374353468 0.548706949
v 0.576332211 0.369582325 0.549323857
v 0.57256496 0.365474612 0.550753713
v 0.569200933 0.361412764 0.551955283
v 0.566237688 0.357281327 0.552908003
v 0.563229263 0.35327974 0.553912044
v 0.560321808 0.34927097 0.554855406
v 0.557494402 0.345210165 0.555741787
v 0.554734886 0.341040254 0.55656743
v 0.552188873 0.336499751 0.557196736
v 0.548808038 0.332821518 0.558481455
v 0.496990532 0.395857811 0.508027852
v 0.5 0.391332537 0.506312668
v 0.493986994 0.391723841 0.508137226
v 0.503082871 0.386738926 0.505470276
v 0.496949673 0.386877865 0.506463408
v 0.490883797 0.387452632 0.507537186
v 0.506189764 0.382189751 0.505526781
v 0.5 0.381943285 0.505269706
v 0.493828177 0.3822411 0.50579983
v 0.4875485 0.382861972 0.5059219
v 0.509303987 0.377664268 0.505989373
v 0.503127158 0.376983523 0.504640102
v 0.496866912 0.37694025 0.504460573
v 0.490493745 0.377181232 0.503952503
v 0.483766377 0.377656341 0.50277549
v 0.51239121 0.373224556 0.506986797
v 0.50624454 0.372300327 0.505456805
v 0.5 0.371680319 0.503890276
v 0.493576646 0.371510684 0.502757847
v 0.486848116 0.371588618 0.501294613
v 0.4800542 0.372546971 0.501610219
v 0.515440702 0.368875027 0.508396089
v 0.509364903 0.367625207 0.506410062
v 0.503187656 0.366479039 0.503929615
v 0.496751785 0.365845114 0.50211072
v 0.490054578 0.365626544 0.500625193
v 0.483111322 0.365968853 0.499830842
v 0.476273537 0.367343336 0.501088738
v 0.518449426 0.364612877 0.510136306
v 0.51248616 0.362983614 0.507614195
v 0.506415367 0.361295372 0.504357874
v 0.5 0.360206604 0.501985669
v 0.493279666 0.359461904 0.499823064
v 0.486460239 0.359871447 0.49983865
v 0.479504436 0.360703707 0.500196695
v 0.4724105 0.362026304 0.501026094
v 0.52134788 0.360561639 0.512442529
v 0.515516698 0.358620912 0.509611607
v 0.509599745 0.356485784 0.505921602
v 0.503267229 0.355140775 0.503498077
v 0.496648103 0.353981525 0.50100255
v 0.489798784 0.353767723 0.50004065
v 0.483004361 0.354689956 0.501017094
v 0.475777179 0.355269521 0.500680327
v 0.467997789 0.35595274 0.499910533
v 0.524057329 0.356848627 0.515443981
v 0.518333435 0.354786038 0.512701511
v 0.512563586 0.352531224 0.509260893
v 0.506481707 0.350411713 0.505757749
v 0.5 0.34906441 0.503380537
v 0.493206382 0.348031968 0.501232505
v 0.48634401 0.348415196 0.501387894
v 0.479355395 0.349103481 0.501721144
v 0.471371412 0.348676324 0.499414355
v 0.463199973 0.349349111 0.498698205
v 0.526665807 0.353302836 0.518679023
v 0.520998299 0.351259023 0.516226649
v 0.515313685 0.349129796 0.51337719
v 0.509436667 0.347004622 0.510295153
v 0.503349721 0.343173116 0.504087985
v 0.496567994 0.341780841 0.501737237
v 0.489704192 0.342191011 0.502143741
v 0.482813954 0.342925757 0.502807379
v 0.475205868 0.342472345 0.501114666
v 0.467388928 0.342922807 0.500587106
v 0.459555507 0.344332933 0.501331091
v 0.529127836 0.349999934 0.522245407
v 0.52357012 0.347890377 0.519880116
v 0.517965496 0.34584412 0.517424524
v 0.512252867 0.343730867 0.514689624
v 0.506332576 0.341305792 0.511307836
v 0.5 0.338124424 0.50660181
v 0.49320057 0.336987376 0.504780829
v 0.486607671 0.338509083 0.506770492
v 0.479439706 0.338039994 0.505520403
v 0.471483827 0.336982459 0.503099918
v 0.463544607 0.337455928 0.502723992
v 0.456540674 0.340183377 0.5055812
v 0.531463385 0.346901119 0.526036799
v 0.526160777 0.344446391 0.52335155
v 0.520730853 0.342118561 0.520710349
v 0.515020728 0.34032169 0.518667459
v 0.509266257 0.337986469 0.515764296
v 0.503166914 0.336084604 0.513321817
v 0.496747524 0.334360182 0.510983169
v 0.490264922 0.334854156 0.51150918
v 0.483684897 0.335188568 0.511670709
v 0.476195663 0.333554476 0.508975685
v 0.468371868 0.332861692 0.507361412
v 0.461474627 0.335012108 0.509466112
v 0.45435065 0.337169051 0.511400938
v 0.533644855 0.344049633 0.530083477
v 0.528539836 0.341424614 0.527364314
v 0.523373723 0.338694841 0.524427056
v 0.517836809 0.336574018 0.522153974
v 0.512153864 0.334413975 0.519745052
v 0.506140888 0.33326596 0.518484414
v 0.5 0.332994759 0.518200696
v 0.493797302 0.33259514 0.517665029
v 0.487549931 0.332818061 0.517792344
v 0.480809987 0.331769794 0.516257405
v 0.473524928 0.330574632 0.51441586
v 0.466583401 0.331434727 0.514973164
v 0.459540397 0.332741439 0.515945852
v 0.452624947 0.334793836 0.517722845
v 0.535754859 0.341306835 0.534193695
v 0.530763984 0.338688076 0.531661868
v 0.525969148 0.335362762 0.528286576
v 0.520748138 0.332481384 0.525351524
v 0.514930665 0.331136316 0.524056196
v 0.508921564 0.330863535 0.523879766
v 0.502961099 0.330884665 0.523963988
v 0.497033417 0.330756247 0.523822784
v 0.491015315 0.330374897 0.523341894
v 0.484706879 0.32946673 0.522215366
v 0.477868497 0.327985525 0.520381629
v 0.471449137 0.328946203 0.521167815
v 0.464901298 0.330063313 0.522047579
v 0.45789066 0.330895066 0.522516251
v 0.450072199 0.331280261 0.522392452
v 0.538216174 0.337989241 0.537699401
v 0.533071339 0.335766494 0.535736322
v 0.527986526 0.333392799 0.53358233
v 0.522727609 0.331254542 0.531626284
v 0.517711878 0.327662975 0.528192818
v 0.511803985 0.327043384 0.527673781
v 0.505828738 0.32756868 0.528249919
v 0.5 0.327528566 0.528228581
v 0.494150758 0.327313751 0.527997553
v 0.488078505 0.326317698 0.526954651
v 0.481853455 0.325889558 0.52643317
v 0.475542158 0.326026499 0.526428282
v 0.469400048 0.327180356 0.527388871
v 0.46286121 0.327877045 0.527843595
v 0.455759823 0.328229576 0.52789247
v 0.447995484 0.328421921 0.527732015
v 0.540305555 0.335278869 0.541896522
v 0.535136163 0.333301932 0.540279329
v 0.530023873 0.331279784 0.538598478
v 0.524574459 0.330127925 0.537672758
v 0.519475222 0.327897191 0.535765171
v 0.514459133 0.324353129 0.532671571
v 0.508512437 0.325315535 0.533567011
v 0.502843797 0.324920923 0.533235788
v 0.497130901 0.324253082 0.532642365
v 0.491392046 0.324478209 0.532822728
v 0.485527426 0.324282944 0.532609165
v 0.479809701 0.325251698 0.533409894
v 0.473684609 0.325181931 0.533263326
v 0.467282474 0.325119942 0.533097029
v 0.460527807 0.32507965 0.53291899
v 0.453252047 0.324946672 0.532620847
v 0.445723265 0.325294495 0.532743752
v 0.541772187 0.33355999 0.546940267
v 0.536938965 0.331311733 0.545217037
v 0.531663299 0.329987824 0.544220328
v 0.526366115 0.328935087 0.543429375
v 0.521405816 0.326970696 0.541904688
v 0.516305745 0.325113058 0.540457249
v 0.511049211 0.323365808 0.539090037
v 0.505439162 0.324246943 0.539801538
v 0.5 0.324132085 0.539714277
v 0.494540274 0.323960304 0.539573967
v 0.489091635 0.324342519 0.539865494
v 0.483501971 0.324230373 0.539756179
v 0.477605432 0.323598951 0.539224982
v 0.471219361 0.322430521 0.538255811
v 0.46481353 0.322202295 0.538021684
v 0.457701772 0.321353614 0.537278593
v 0.449978501 0.3204512 0.536473811
v 0.442394912 0.320713371 0.536624074
v 0.543343246 0.33166495 0.55177021
v 0.538206398 0.330277771 0.550808728
v 0.533045769 0.329160362 0.550034702
v 0.527827501 0.32843709 0.549535871
v 0.522850692 0.327294171 0.548739433
v 0.517999828 0.325653881 0.54759115
v 0.513016224 0.324195564 0.546569526
v 0.507936358 0.322603226 0.545452178
v 0.502614915 0.323316544 0.545955718
v 0.49739787 0.323692024 0.546219945
v 0.492169023 0.323630989 0.54617542
v 0.486767411 0.322935462 0.545682728
v 0.481038511 0.321682036 0.544795334
v 0.47500664 0.320477426 0.543939829
v 0.46881628 0.319807768 0.543458045
v 0.461645782 0.317784011 0.542018652
v 0.453589559 0.315312505 0.540258348
v 0.445762753 0.31449911 0.539660633
v 0.437783539 0.314366341 0.53960979
v 0.544325471 0.330648959 0.557138801
v 0.539561987 0.329007804 0.556124508
v 0.5346753 0.327696323 0.555313945
v 0.529624939 0.326907337 0.554826319
v 0.524511695 0.32657063 0.554618239
v 0.519574285 0.326006919 0.554269791
v 0.514802039 0.324854761 0.553557754
v 0.509982586 0.323593259 0.552778125
v 0.5050475 0.322498262 0.552101374
v 0.5 0.322577059 0.552150071
v 0.494933903 0.322213709 0.55192548
v 0.489716083 0.32129395 0.551357031
v 0.484181792 0.31971246 0.550379634
v 0.478366137 0.318249762 0.54947567
v 0.472279072 0.316996634 0.548701167
v 0.465687722 0.315397173 0.547712684
v 0.457483321 0.31143564 0.545264304
v 0.449402392 0.30933252 0.543964505
v 0.441203177 0.308179379 0.543251812
v 0.432751238 0.307440013 0.542794883
v 0.495189905 0.401562899 0.50921768
v 0.492038071 0.397413015 0.509522378
v 0.490507662 0.403084278 0.510425866
v 0.488825679 0.393263608 0.509416103
v 0.487187356 0.398897588 0.510723293
v 0.485833645 0.404602945 0.51124084
v 0.485455751 0.388975948 0.508563638
v 0.483818084 0.394742191 0.510748148
v 0.482350498 0.400356531 0.511559486
v 0.481057674 0.406154752 0.511583567
v 0.481800079 0.384393483 0.506849289
v 0.480300426 0.390504479 0.510229468
v 0.478870511 0.39617312 0.511855423
v 0.477480978 0.401814491 0.512228549
v 0.476171583 0.407742351 0.511833429
v 0.47778514 0.379402488 0.504491627
v 0.476433843 0.386006236 0.508747101
v 0.47511059 0.391912967 0.511194766
v 0.473874837 0.397576302 0.512649059
v 0.472429127 0.403301001 0.512463629
v 0.471029609 0.409413069 0.51170063
v 0.473648131 0.374202341 0.502769649
v 0.472279906 0.381208837 0.507002294
v 0.471101135 0.387475908 0.510145247
v 0.469835728 0.393274277 0.511833191
v 0.468671262 0.398976445 0.512960255
v 0.467356771 0.404808819 0.513009906
v 0.466086239 0.411019266 0.51263684
v 0.469858855 0.369282633 0.50309062
v 0.468227804 0.376368761 0.506356955
v 0.467281729 0.383033723 0.510157466
v 0.465851188 0.388904393 0.511568487
v 0.464458108 0.394630194 0.512378693
v 0.463482708 0.400405109 0.513639331
v 0.462329566 0.406325221 0.513988435
v 0.461282581 0.412580073 0.514167905
v 0.465709209 0.363946944 0.502851784
v 0.464386672 0.371613652 0.506850064
v 0.463102907 0.378318578 0.509649754
v 0.461918175 0.384486645 0.511780381
v 0.459722161 0.390080452 0.511005461
v 0.458918512 0.395999372 0.512860775
v 0.45831418 0.401857823 0.514656901
v 0.457039297 0.407903582 0.514715433
v 0.456246346 0.414216459 0.515430808
v 0.460315228 0.357215554 0.500120699
v 0.459933341 0.366289675 0.506308019
v 0.458761334 0.373398513 0.509314775
v 0.457357854 0.379710227 0.511012197
v 0.455634743 0.385584891 0.511517107
v 0.453481048 0.391332775 0.510830581
v 0.453018755 0.397392154 0.513050258
v 0.452751786 0.403361857 0.515246511
v 0.452348173 0.409382403 0.516878009
v 0.452075601 0.4155716 0.518466175
v 0.456082106 0.351665288 0.501236439
v 0.455283046 0.360696822 0.506023169
v 0.453678399 0.367858499 0.508067548
v 0.452179402 0.374469697 0.509661794
v 0.45044148 0.380605221 0.510336101
v 0.448238522 0.38649112 0.509869635
v 0.447829276 0.392757088 0.512225389
v 0.447946042 0.398866743 0.515104234
v 0.447718024 0.404856026 0.517118335
v 0.447898358 0.410815537 0.519529045
v 0.447874725 0.416936547 0.521402478
v 0.452698022 0.34702906 0.504573226
v 0.45111689 0.35544908 0.507345676
v 0.44850263 0.362092823 0.507456303
v 0.446334034 0.368657142 0.507932305
v 0.445409626 0.375514179 0.510112524
v 0.443161786 0.381532162 0.509790897
v 0.442316413 0.387905002 0.511453331
v 0.44307366 0.394302428 0.515248179
v 0.443143606 0.400349766 0.517714858
v 0.443315774 0.406296015 0.520103574
v 0.443795592 0.412175238 0.522726059
v 0.443849444 0.418244451 0.524595618
v 0.450296015 0.343503535 0.509826064
v 0.447122484 0.350303531 0.509420455
v 0.444861352 0.357368916 0.510115445
v 0.441992044 0.36356914 0.509469151
v 0.439203501 0.3696886 0.508735418
v 0.438893944 0.376743227 0.511441171
v 0.438049316 0.383210868 0.513062298
v 0.438225478 0.389660746 0.515855908
v 0.438411593 0.395831227 0.518416703
v 0.438967139 0.401817083 0.521254599
v 0.439266682 0.40768978 0.523584902
v 0.43933174 0.413615495 0.525489509
v 0.439474225 0.419666052 0.527385294
v 0.448067784 0.34019655 0.515180469
v 0.444580942 0.346513242 0.514142513
v 0.441592485 0.352914095 0.51358515
v 0.439119875 0.359383404 0.51353091
v 0.435883701 0.365187973 0.512220383
v 0.433243811 0.371308059 0.511618853
v 0.432756722 0.378151357 0.513686061
v 0.432676971 0.384775996 0.516043484
v 0.433095038 0.391190261 0.518806875
v 0.434106588 0.397361755 0.522083163
v 0.434246212 0.403296918 0.524166226
v 0.433904529 0.409263134 0.525599599
v 0.434079558 0.415245473 0.527542293
v 0.433784902 0.42151463 0.528914392
v 0.445995659 0.337087333 0.520612657
v 0.442154735 0.342853844 0.518997073
v 0.439258009 0.349225998 0.518499315
v 0.437146395 0.355852574 0.518828332
v 0.434673369 0.361926764 0.518509328
v 0.430992663 0.367301226 0.516617417
v 0.428257108 0.373242855 0.515842438
v 0.426192403 0.379466832 0.515798092
v 0.426431507 0.386170328 0.518260717
v 0.427902132 0.392719358 0.521900356
v 0.428432196 0.39885357 0.524355888
v 0.42828548 0.404875904 0.52600044
v 0.427614599 0.41100952 0.527059674
v 0.427643448 0.417174608 0.528793633
v 0.426832378 0.423773646 0.529697657
v 0.443216115 0.33315748 0.52498877
v 0.439430326 0.338905364 0.523480177
v 0.435883135 0.344666749 0.52214694
v 0.433332562 0.351034343 0.52189225
v 0.432285845 0.358082294 0.523215413
v 0.429351717 0.363705665 0.522273958
v 0.424578607 0.3686032 0.519338369
v 0.42113772 0.374376118 0.517885685
v 0.419121861 0.380734116 0.517911613
v 0.420390546 0.387663275 0.521164834
v 0.421359688 0.394168526 0.523969352
v 0.421282649 0.400406182 0.525667012
v 0.421402276 0.406590223 0.527493834
v 0.420893013 0.412876755 0.528710783
v 0.421167374 0.419142842 0.530617177
v 0.422045797 0.42532891 0.533036351
v 0.440740705 0.329581618 0.529868305
v 0.436114192 0.334340483 0.527432859
v 0.432471991 0.340037972 0.526066184
v 0.430261523 0.346720755 0.526156723
v 0.428642333 0.353453487 0.526732266
v 0.426762134 0.359701306 0.526926458
v 0.423582882 0.365170121 0.525784791
v 0.419780761 0.370533854 0.524066389
v 0.416636586 0.376362354 0.523009777
v 0.415349096 0.382782161 0.523661911
v 0.415161431 0.389315039 0.525252819
v 0.415369153 0.395736992 0.527126431
v 0.414889902 0.402048826 0.52836597
v 0.415316284 0.408307493 0.530335665
v 0.416130483 0.414460987 0.53258276
v 0.417650044 0.420404166 0.53534919
v 0.419117689 0.42628029 0.538040757
v 0.43737787 0.324937046 0.53391552
v 0.432513505 0.329443723 0.531427145
v 0.428931296 0.335246921 0.53021723
v 0.426849186 0.342109978 0.530389547
v 0.425157756 0.348874092 0.530818999
v 0.423696756 0.355439991 0.531361461
v 0.421381801 0.361306965 0.53107661
v 0.418912172 0.367062122 0.53063792
v 0.416248053 0.372787386 0.530035734
v 0.414429665 0.378834635 0.530141652
v 0.412872195 0.384957939 0.530453682
v 0.412980884 0.391290277 0.532065988
v 0.411572188 0.39743346 0.532476068
v 0.411229521 0.40365389 0.533700585
v 0.413208872 0.409638047 0.536614656
v 0.413308531 0.415711403 0.538118005
v 0.41555959 0.42130518 0.541124582
v 0.416126102 0.427252322 0.542942524
v 0.432254523 0.318140537 0.536680222
v 0.428038776 0.323571742 0.535063028
v 0.424420595 0.329496443 0.533949971
v 0.422368437 0.336573184 0.534132957
v 0.420637935 0.343500644 0.534494758
v 0.419604063 0.35052067 0.535339594
v 0.418605059 0.357188523 0.536128044
v 0.416695952 0.363163531 0.536154091
v 0.414772093 0.369058669 0.536150634
v 0.412648529 0.37487492 0.535994232
v 0.412338853 0.381134599 0.537145972
v 0.412393123 0.387286931 0.538516045
v 0.41207996 0.393250406 0.539597154
v 0.41079551 0.39914006 0.540009797
v 0.410535216 0.405079126 0.541116655
v 0.412124783 0.410804063 0.543413997
v 0.41292429 0.416489214 0.54517144
v 0.413705081 0.422136426 0.546905577
v 0.413121194 0.428228676 0.547835112
v 0.427781045 0.311955124 0.540735781
v 0.421627164 0.31543529 0.537783265
v 0.417562544 0.321336836 0.536521256
v 0.41644448 0.329666197 0.537454844
v 0.415131241 0.33724913 0.538131118
v 0.414396197 0.344767481 0.539134979
v 0.41425252 0.352173328 0.540464878
v 0.4138695 0.359014273 0.541546285
v 0.41277197 0.365238309 0.54208982
v 0.411249042 0.3711631 0.542326212
v 0.410180598 0.377151966 0.542841971
v 0.410199881 0.383270591 0.544021845
v 0.410465151 0.389242321 0.545318246
v 0.410482585 0.39503485 0.54643482
v 0.409904003 0.400738746 0.54718405
v 0.410178632 0.406398833 0.548426449
v 0.410229027 0.41203469 0.549532413
v 0.410870731 0.417561412 0.55096513
v 0.411001951 0.423191279 0.552117467
v 0.409340024 0.429457277 0.552337289
v 0.495074898 0.406778812 0.509442151
v 0.490252137 0.408449084 0.510445476
v 0.494909585 0.412041157 0.509241104
v 0.485391766 0.410168827 0.510827184
v 0.48992157 0.413871795 0.510055304
v 0.494771391 0.417274088 0.509577513
v 0.480324835 0.412005574 0.510451972
v 0.484910905 0.41577068 0.510403037
v 0.489565402 0.419407666 0.509545863
v 0.494618714 0.422605574 0.509718835
v 0.475209177 0.413838267 0.510495424
v 0.479634881 0.417890191 0.509749591
v 0.484253377 0.421673387 0.50908953
v 0.489179969 0.425126374 0.508916438
v 0.494465858 0.4280276 0.509936631
v 0.470084935 0.415650874 0.510988414
v 0.474232584 0.420036763 0.509359479
v 0.478995979 0.423798472 0.509443462
v 0.483682305 0.427626044 0.508462191
v 0.488873333 0.430790007 0.509087622
v 0.494338512 0.433412135 0.510654628
v 0.464895397 0.417476475 0.511698484
v 0.469333738 0.421763182 0.511073112
v 0.473664254 0.425962061 0.509851515
v 0.478168845 0.430048019 0.508523524
v 0.483229041 0.433505237 0.508663058
v 0.488718063 0.43608433 0.510592878
v 0.494237632 0.438713551 0.511865735
v 0.459921449 0.419180334 0.513250649
v 0.464218795 0.423635006 0.512292862
v 0.468489558 0.427938282 0.511093497
v 0.473165751 0.431793869 0.510741293
v 0.477886617 0.435616314 0.510057569
v 0.483108938 0.438733637 0.510789335
v 0.488572896 0.44135502 0.512247324
v 0.494152814 0.443972528 0.513391495
v 0.455560088 0.420591205 0.516172945
v 0.459373444 0.42531684 0.514348865
v 0.463396519 0.429828674 0.512745798
v 0.46782136 0.43397373 0.511821449
v 0.472876489 0.437332362 0.512471914
v 0.47779572 0.440802634 0.512464285
v 0.483017564 0.443835109 0.513131201
v 0.488359541 0.446935505 0.513474941
v 0.494117767 0.448893368 0.515715301
v 0.451569825 0.421839595 0.519658566
v 0.45488289 0.426781803 0.517181039
v 0.458204925 0.431778133 0.51439029
v 0.461937398 0.436633438 0.511964321
v 0.466980815 0.440237164 0.512304008
v 0.472432733 0.443060488 0.51385808
v 0.477576971 0.446169078 0.514467537
v 0.48291859 0.448920786 0.515510678
v 0.488425761 0.45138669 0.516854644
v 0.494196594 0.45279482 0.519679666
v 0.447329998 0.423205227 0.52266252
v 0.450893253 0.427967519 0.520832717
v 0.454221189 0.43283242 0.518470645
v 0.457505405 0.437882185 0.515666485
v 0.461901635 0.442079514 0.514719963
v 0.46685338 0.445622444 0.514880061
v 0.472030044 0.448753983 0.515556693
v 0.477394611 0.451457471 0.516740143
v 0.48287949 0.453814805 0.518272042
v 0.488541365 0.455515236 0.520590305
v 0.494235963 0.456968129 0.523060679
v 0.443370491 0.424448907 0.526083291
v 0.446482003 0.429402381 0.523778737
v 0.45002234 0.434086144 0.521983325
v 0.453502417 0.438840568 0.519928396
v 0.45722723 0.44352895 0.518014848
v 0.46199736 0.4472045 0.517917752
v 0.466973037 0.450540394 0.518224001
v 0.47223711 0.45332706 0.519231677
v 0.477471322 0.456118643 0.520078719
v 0.482890785 0.458528847 0.521359921
v 0.488594413 0.459880531 0.52391088
v 0.494293302 0.460915208 0.526682377
v 0.438335329 0.426148057 0.528271437
v 0.441962689 0.430888593 0.526710033
v 0.44568783 0.435446352 0.525295734
v 0.449140847 0.44015643 0.52343595
v 0.452344984 0.445225686 0.520952463
v 0.456803322 0.449243605 0.520322263
v 0.462396771 0.451756448 0.521900237
v 0.467564434 0.454534769 0.522819519
v 0.472307473 0.458053231 0.522611618
v 0.477761239 0.460140198 0.524240434
v 0.483100355 0.462502122 0.525421441
v 0.48880446 0.463339776 0.528296947
v 0.494344532 0.464901 0.530233741
v 0.432351589 0.428225875 0.529814303
v 0.436972708 0.4326047 0.529307246
v 0.4406313 0.437258065 0.527841449
v 0.44373107 0.442275792 0.525619924
v 0.447361946 0.447008938 0.523938
v 0.452164173 0.450668275 0.523910403
v 0.456895232 0.454281092 0.523815215
v 0.462467164 0.456605315 0.52534914
v 0.467188925 0.460062057 0.525265992
v 0.472327679 0.462839127 0.525997162
v 0.47809121 0.463921189 0.528587878
v 0.483628273 0.465118915 0.530873597
v 0.489036977 0.466547459 0.532810092
v 0.494313896 0.469908327 0.532841086
v 0.426690727 0.430144101 0.532206535
v 0.431030452 0.434772313 0.531297326
v 0.435233295 0.439236581 0.530387342
v 0.437968403 0.444582313 0.527864397
v 0.441024691 0.44991079 0.525507331
v 0.445569992 0.45406875 0.524920046
v 0.450777233 0.457427263 0.525318623
v 0.456955403 0.459245861 0.527475953
v 0.462162971 0.461988986 0.528290749
v 0.467571825 0.46416983 0.529637039
v 0.473038554 0.465928018 0.531321108
v 0.478714228 0.466671079 0.533909082
v 0.484099597 0.467737973 0.536034822
v 0.489266306 0.469668269 0.53729856
v 0.494455457 0.472803801 0.537550986
v 0.421953291 0.431666315 0.535816908
v 0.425791472 0.436543763 0.534474075
v 0.429489404 0.441364914 0.533070326
v 0.432290435 0.446747184 0.530767262
v 0.435032904 0.452391595 0.528224826
v 0.439844429 0.456447542 0.527887762
v 0.444184661 0.46090582 0.5269925
v 0.451672256 0.461481571 0.530510724
v 0.456897765 0.464310586 0.53120625
v 0.462098092 0.466998369 0.531970203
v 0.468046993 0.467967808 0.53434211
v 0.473811984 0.468633354 0.536819577
v 0.479281843 0.469394863 0.539057016
v 0.484500885 0.470492661 0.540903032
v 0.48950094 0.472672939 0.541830897
v 0.494614989 0.475357175 0.542426765
v 0.418405414 0.432700098 0.540572822
v 0.420938611 0.438096762 0.538358271
v 0.423310101 0.443677992 0.535939157
v 0.426923662 0.448631138 0.534496009
v 0.429777175 0.454201043 0.532291293
v 0.433778435 0.459033787 0.531087577
v 0.439656705 0.462042153 0.531922281
v 0.446159482 0.463921964 0.533762872
v 0.451796532 0.466346443 0.534840345
v 0.457017124 0.469073564 0.535520494
v 0.462031662 0.472027361 0.535950422
v 0.46874249 0.471152037 0.539624095
v 0.474650532 0.47094065 0.542490482
v 0.479648739 0.472672254 0.543675721
v 0.484694988 0.47413218 0.545049906
v 0.489680469 0.476025701 0.546107113
v 0.494837314 0.476875126 0.547908127
v 0.414913714 0.433709323 0.545457304
v 0.416994065 0.439195693 0.543210745
v 0.418962359 0.444902539 0.540790081
v 0.421446681 0.450528324 0.538627446
v 0.425515831 0.455220699 0.537650466
v 0.428898335 0.460490823 0.536057949
v 0.43535471 0.462989807 0.537312806
v 0.441245198 0.465587616 0.538274586
v 0.446700603 0.468335509 0.538968623
v 0.452274889 0.470630527 0.539967656
v 0.458219796 0.471943527 0.541677177
v 0.464043736 0.472890079 0.543543696
v 0.469819337 0.473259866 0.545717299
v 0.474981993 0.474543691 0.547115445
v 0.479835629 0.4765836 0.547953427
v 0.484844983 0.47802785 0.549193323
v 0.489997536 0.478317767 0.551148891
v 0.495038837 0.478539377 0.553095937
v 0.410802305 0.434933782 0.550130248
v 0.413092762 0.440242261 0.548308074
v 0.415570021 0.445571959 0.546543121
v 0.41806075 0.451041669 0.54471308
v 0.420838594 0.456518918 0.542983532
v 0.424446315 0.461556941 0.541775167
v 0.429658741 0.465249777 0.541822255
v 0.435285568 0.468320072 0.542331159
v 0.440427035 0.471684784 0.542516589
v 0.446617782 0.473474383 0.543870687
v 0.452989489 0.474442333 0.545701385
v 0.459029853 0.475287646 0.547473013
v 0.464874268 0.475832462 0.549323678
v 0.47029525 0.476667851 0.550875306
v 0.47539857 0.477852494 0.552136838
v 0.480422944 0.478905618 0.553435504
v 0.48549825 0.479184002 0.555140018
v 0.490372956 0.479882747 0.55656147
v 0.495211244 0.480119407 0.558200717
v 0.497012883 0.483451784 0.56287086
v 0.492003232 0.482443184 0.561683476
v 0.493995458 0.485742241 0.566368997
v 0.487041414 0.481261909 0.56061548
v 0.488747597 0.484622657 0.565273106
v 0.490848869 0.488654673 0.569754839
v 0.481995016 0.480536759 0.559324265
v 0.483622551 0.483175814 0.564361632
v 0.485354215 0.487320662 0.568751395
v 0.487550586 0.491795003 0.573260248
v 0.476735532 0.480268419 0.557768404
v 0.478325486 0.482631147 0.563073039
v 0.479964405 0.485984623 0.567805469
v 0.481966823 0.489466459 0.572555006
v 0.484183848 0.494451225 0.577113032
v 0.471303016 0.479958713 0.55617696
v 0.472662926 0.482891411 0.561388433
v 0.474284202 0.485807747 0.566438019
v 0.476249039 0.48856777 0.571484685
v 0.478390872 0.492049813 0.576373696
v 0.481083155 0.495096892 0.581561685
v 0.465666205 0.479576021 0.554553747
v 0.466668546 0.483318031 0.559556007
v 0.467993826 0.486870497 0.564542711
v 0.470042557 0.489122748 0.569954515
v 0.47242862 0.491091222 0.575350642
v 0.474987984 0.493482947 0.580630004
v 0.477994412 0.495589405 0.586068451
v 0.459551215 0.479569703 0.552616477
v 0.460150838 0.484096855 0.557453036
v 0.461431265 0.487655759 0.562685072
v 0.463497639 0.489856243 0.568332195
v 0.465932935 0.491575062 0.573964536
v 0.468640149 0.493099153 0.579527378
v 0.47158891 0.494640023 0.585045934
v 0.474875927 0.496073574 0.590625226
v 0.452997237 0.479592144 0.550528944
v 0.452991784 0.485145301 0.555078268
v 0.454159737 0.488968372 0.560503125
v 0.456124961 0.491544962 0.566307485
v 0.45916459 0.492056131 0.572571456
v 0.461796582 0.493715912 0.578242242
v 0.464762837 0.494995058 0.583903491
v 0.46810323 0.495810032 0.589581728
v 0.471713692 0.496536225 0.595260084
v 0.446630031 0.47856921 0.548957407
v 0.44661203 0.483959138 0.553766012
v 0.445929229 0.490850925 0.557924569
v 0.447887748 0.493690848 0.564007759
v 0.451537281 0.493497014 0.57085669
v 0.454954058 0.493668914 0.577130198
v 0.457624406 0.495574594 0.582775354
v 0.461175889 0.495806128 0.588615119
v 0.464561015 0.496844918 0.594282091
v 0.468830347 0.495930374 0.600000024
v 0.439415723 0.478068769 0.546891928
v 0.43904379 0.483899057 0.551710784
v 0.440050036 0.488035887 0.557435095
v 0.442356557 0.490323871 0.563782871
v 0.444286406 0.493274778 0.569618642
v 0.44779858 0.493612945 0.576034486
v 0.45063442 0.49519971 0.581867039
v 0.453661203 0.496637017 0.587630272
v 0.457782745 0.495944738 0.593509138
v 0.461741686 0.495762974 0.599179447
v 0.466182619 0.494610876 0.604734182
v 0.434506387 0.474192619 0.54702872
v 0.434216768 0.47966367 0.551989615
v 0.433933258 0.485337973 0.556869745
v 0.436288476 0.487691462 0.563280344
v 0.438361615 0.490408838 0.569244444
v 0.440935254 0.492429525 0.575241804
v 0.443725944 0.494166613 0.581137598
v 0.446963161 0.495234609 0.58701396
v 0.450979769 0.494925857 0.592877388
v 0.454943776 0.494740903 0.598533332
v 0.459404409 0.493561834 0.604029477
v 0.463786721 0.492667794 0.609392643
v 0.430315375 0.469552398 0.547727704
v 0.429812431 0.475010693 0.552549899
v 0.428444326 0.481620252 0.556800663
v 0.429408014 0.485773146 0.562451303
v 0.431099355 0.489099145 0.568341553
v 0.433387727 0.49168396 0.57434094
v 0.436440259 0.493208826 0.580441892
v 0.439992994 0.493948936 0.586474419
v 0.44438678 0.493248731 0.592423677
v 0.448545873 0.492810249 0.598069251
v 0.453086495 0.49158749 0.603492796
v 0.457412004 0.490738064 0.608736753
v 0.461657047 0.490173578 0.613916993
v 0.425622582 0.46542716 0.548045754
v 0.425565392 0.470273733 0.553193092
v 0.424347639 0.476338983 0.557583332
v 0.423714459 0.482044697 0.562387824
v 0.423789918 0.487206817 0.567613423
v 0.424082488 0.492355168 0.573015094
v 0.42707637 0.494318902 0.579331636
v 0.432300568 0.493180305 0.585941851
v 0.437348276 0.491931677 0.592065692
v 0.441950947 0.491062313 0.59776628
v 0.446562111 0.48997733 0.60317117
v 0.450913817 0.48919642 0.608359575
v 0.455071896 0.488756686 0.613451898
v 0.459444344 0.487974256 0.618421614
v 0.421032965 0.4611229 0.548476636
v 0.420918465 0.465893477 0.553601027
v 0.419762641 0.471610099 0.558091164
v 0.418460459 0.477665275 0.562623799
v 0.417352408 0.483804226 0.567426145
v 0.417879194 0.488509595 0.573003411
v 0.419992685 0.491590798 0.579089463
v 0.423059106 0.493558526 0.585304022
v 0.428475738 0.492456198 0.591664195
v 0.434792876 0.489749938 0.597614348
v 0.439650029 0.488666624 0.603057563
v 0.444566399 0.48724553 0.608178854
v 0.448791832 0.486756176 0.613174319
v 0.452713221 0.486798882 0.618177533
v 0.457150578 0.48596552 0.622955739
v 0.417047441 0.456291378 0.549330533
v 0.416328013 0.461349875 0.554095209
v 0.414440304 0.467384607 0.558284044
v 0.412003815 0.474115074 0.562431931
v 0.411230117 0.479702353 0.567506194
v 0.410900623 0.48508814 0.572891653
v 0.412847042 0.488400102 0.579010665
v 0.416375965 0.490029246 0.585363626
v 0.419686317 0.491775841 0.591492236
v 0.426666081 0.489010662 0.597616076
v 0.432963878 0.486549228 0.6031214
v 0.438281715 0.48494792 0.608204842
v 0.442673773 0.484382242 0.613116503
v 0.446765006 0.484162688 0.617945433
v 0.450496316 0.484542251 0.622868598
v 0.455161095 0.483353257 0.627323329
v 0.413763016 0.450997829 0.550609589
v 0.411585122 0.456748337 0.554579854
v 0.409114897 0.462882489 0.558588624
v 0.406258494 0.469555646 0.562697232
v 0.406317204 0.474257112 0.568145931
v 0.405449092 0.479829669 0.573397875
v 0.405216396 0.485067785 0.579019845
v 0.408742249 0.486950994 0.585454762
v 0.413711369 0.487227052 0.591823459
v 0.419479012 0.486355722 0.597854793
v 0.425779402 0.484499514 0.603410363
v 0.431830913 0.482491732 0.608468533
v 0.436634064 0.481663525 0.613290727
v 0.441117257 0.481045187 0.617929518
v 0.444757462 0.481513232 0.622714102
v 0.44864893 0.4816401 0.627393723
v 0.453298479 0.480534017 0.631599247
v 0.410698891 0.445612878 0.552000463
v 0.407354504 0.451638788 0.55540657
v 0.404408514 0.457690299 0.559284687
v 0.40106371 0.464264005 0.563313544
v 0.400733054 0.469080091 0.568680108
v 0.400243312 0.474112988 0.574105799
v 0.397455096 0.481117696 0.579233944
v 0.401859432 0.482508868 0.585885108
v 0.406241 0.483671755 0.592224121
v 0.412296772 0.483027995 0.598316312
v 0.41911447 0.481226414 0.603894711
v 0.425177246 0.479743242 0.608981252
v 0.430587411 0.478596926 0.613714337
v 0.435181886 0.478113085 0.618291795
v 0.4394297 0.477878839 0.622758329
v 0.442666292 0.478913128 0.627554417
v 0.446577281 0.479059041 0.632056594
v 0.451033413 0.478362322 0.636170685
v 0.407998681 0.440072894 0.553576291
v 0.405301154 0.445310056 0.557294309
v 0.402545571 0.450765461 0.561220288
v 0.40000689 0.456319451 0.565492868
v 0.397438616 0.462123901 0.570043147
v 0.396562994 0.467100292 0.575327873
v 0.395478338 0.472380161 0.580767989
v 0.395608038 0.476980984 0.586627364
v 0.398155212 0.479835182 0.592833996
v 0.404427528 0.479547918 0.599018395
v 0.412020296 0.477705002 0.604643583
v 0.417802095 0.477026492 0.609823704
v 0.424087018 0.475506902 0.61448139
v 0.42901352 0.475013375 0.618994653
v 0.433523744 0.47474435 0.623350203
v 0.437167376 0.475332201 0.627862811
v 0.440880388 0.475800753 0.632296383
v 0.444926441 0.475802273 0.636494458
v 0.44874844 0.476096451 0.640819788
v 0.406423688 0.434116364 0.555662513
v 0.40460518 0.438525677 0.5597049
v 0.402431101 0.44320178 0.563758314
v 0.400804907 0.447774202 0.568197072
v 0.397819221 0.453193903 0.572452009
v 0.39567104 0.458418339 0.577247858
v 0.394820482 0.463101447 0.582569182
v 0.394479573 0.467621565 0.588161886
v 0.394596159 0.471983552 0.593982637
v 0.39924261 0.473204613 0.600000024
v 0.405529737 0.472934395 0.605625808
v 0.411537558 0.472524464 0.610802889
v 0.417295069 0.471989125 0.615577877
v 0.422926426 0.471248984 0.619964778
v 0.42738986 0.4713431 0.624332964
v 0.431608051 0.471516699 0.628571928
v 0.435115337 0.472345442 0.632992387
v 0.43930608 0.472337186 0.636967242
v 0.443245322 0.472540855 0.640980244
v 0.44704318 0.472888827 0.645047724
v 0.407342911 0.426509053 0.557107568
v 0.408888817 0.420135915 0.556834042
v 0.406369448 0.423351079 0.562217295
v 0.409419328 0.414251983 0.556110203
v 0.408050418 0.416922331 0.561967194
v 0.40647918 0.420067936 0.5675295
v 0.409646899 0.408540457 0.555263221
v 0.408855379 0.410969496 0.561405122
v 0.408203006 0.413686544 0.567244291
v 0.406741053 0.41691035 0.572638631
v 0.409334153 0.402909368 0.554155529
v 0.409157008 0.405243456 0.560664475
v 0.408895224 0.407785177 0.566657066
v 0.408299387 0.410617143 0.572240174
v 0.406808585 0.413916469 0.57748282
v 0.409057409 0.397234112 0.55306083
v 0.408991992 0.399600476 0.559738517
v 0.40923956 0.402087063 0.565985858
v 0.408874363 0.404756933 0.571623802
v 0.408094853 0.407698035 0.576954246
v 0.406728208 0.411037415 0.582141161
v 0.408587575 0.391459376 0.551852465
v 0.408401579 0.393910259 0.558625281
v 0.408879697 0.396458358 0.565075457
v 0.408877105 0.399077415 0.570879936
v 0.40842697 0.401852608 0.576277673
v 0.407716572 0.404867679 0.581501424
v 0.406648934 0.408224881 0.586691916
v 0.408047885 0.385525167 0.550583363
v 0.407586724 0.388073325 0.557398379
v 0.407854974 0.390721411 0.563915372
v 0.408120275 0.393398851 0.569923401
v 0.407927006 0.396129519 0.575443923
v 0.407598406 0.399004102 0.580741823
v 0.407079428 0.402089179 0.585932314
v 0.406653523 0.405454755 0.591174066
v 0.407850116 0.379463404 0.549469769
v 0.4067581 0.382039428 0.556143701
v 0.406385034 0.384737194 0.562569976
v 0.406573325 0.38752082 0.568718374
v 0.406628489 0.390313298 0.574433208
v 0.406368464 0.393157005 0.579815924
v 0.406418532 0.396153241 0.585118771
v 0.406493902 0.399320751 0.590350151
v 0.406524152 0.402722776 0.595594525
v 0.407818794 0.373241216 0.548416436
v 0.405600488 0.375671774 0.554701984
v 0.404750764 0.378430158 0.561136484
v 0.40468663 0.38132745 0.567395329
v 0.404862225 0.384249568 0.573314428
v 0.404465437 0.387109756 0.578788579
v 0.404481173 0.390106887 0.584177613
v 0.405050159 0.393257499 0.589514613
v 0.405469745 0.396529794 0.594752133
v 0.405998975 0.400000006 0.600000024
v 0.408638984 0.36708501 0.547812045
v 0.404962897 0.369120598 0.553471625
v 0.403200746 0.371778518 0.559707403
v 0.402435362 0.374685019 0.565932453
v 0.402212948 0.377692342 0.571954072
v 0.402587712 0.380806983 0.57780081
v 0.402327895 0.383812904 0.583258629
v 0.401670218 0.386845261 0.588548422
v 0.403066754 0.390235573 0.593965292
v 0.404505044 0.393691123 0.599235773
v 0.405575514 0.39724952 0.604450405
v 0.409490258 0.360764474 0.547198296
v 0.404586196 0.362322032 0.552329242
v 0.401418418 0.364613026 0.558142841
v 0.400559336 0.367689788 0.564580321
v 0.399319053 0.370586991 0.57051897
v 0.399485141 0.373855561 0.576558113
v 0.39995873 0.377155185 0.582355261
v 0.400666773 0.380485147 0.587939203
v 0.400960475 0.383758217 0.593307614
v 0.402580768 0.387284994 0.598624468
v 0.404745847 0.390899122 0.603778064
v 0.406297535 0.394524395 0.608859718
v 0.40959692 0.353828698 0.54610312
v 0.405037194 0.355520993 0.551562071
v 0.401613891 0.357748985 0.557386458
v 0.399324387 0.360435039 0.563437581
v 0.397410154 0.36323756 0.569369197
v 0.396630526 0.366413236 0.575391412
v 0.397232354 0.369967163 0.58143872
v 0.398108482 0.373520911 0.587226272
v 0.399660945 0.377180934 0.592818439
v 0.401521415 0.380848914 0.598173261
v 0.40381068 0.384551704 0.603304982
v 0.404976785 0.388089329 0.608345449
v 0.406463861 0.39175877 0.613334596
v 0.408870041 0.345969111 0.544430315
v 0.404278338 0.347707719 0.550122738
v 0.40128991 0.350264609 0.556375861
v 0.399538457 0.353331566 0.56281054
v 0.396811903 0.355879962 0.568617761
v 0.395816267 0.359127849 0.574739635
v 0.395811677 0.362675488 0.580813646
v 0.396828622 0.366477579 0.586758614
v 0.398581654 0.370391726 0.592464089
v 0.40105626 0.374380946 0.597884595
v 0.403560698 0.378254086 0.602994084
v 0.404849619 0.381804913 0.607952535
v 0.406061083 0.385374308 0.612853825
v 0.407926291 0.389104843 0.617628694
v 0.408618569 0.337756902 0.542945802
v 0.403133571 0.339002401 0.548396051
v 0.399969727 0.341657966 0.554871619
v 0.399240851 0.345532894 0.561982691
v 0.396598816 0.348216653 0.567996204
v 0.395400554 0.351545662 0.574224651
v 0.394883573 0.355082214 0.580344915
v 0.39557597 0.359007567 0.586389065
v 0.397357732 0.363197446 0.592222929
v 0.400336325 0.367617309 0.59774524
v 0.402622581 0.371633708 0.602889836
v 0.404966503 0.375544101 0.607762814
v 0.405974925 0.379065365 0.612595379
v 0.407664657 0.382749647 0.617272377
v 0.409318477 0.386459798 0.621908486
v 0.40909487 0.32938239 0.54181087
v 0.404127449 0.330976069 0.547727108
v 0.399279684 0.332628489 0.553582668
v 0.399470866 0.337439388 0.561335504
v 0.396912545 0.34028843 0.56755197
v 0.394560814 0.343182117 0.573645949
v 0.396422505 0.348150015 0.580414712
v 0.396047205 0.351775736 0.58634913
v 0.397004128 0.355880141 0.592181802
v 0.39907822 0.360278547 0.597756743
v 0.401536763 0.364630312 0.602981806
v 0.404384345 0.368932575 0.607854605
v 0.406698167 0.372909129 0.612490237
v 0.408113569 0.37655288 0.617086768
v 0.409398794 0.380159259 0.621647656
v 0.411219716 0.383905321 0.62604171
v 0.409496903 0.320199907 0.540508807
v 0.406312853 0.323295563 0.547648787
v 0.40406245 0.3268556 0.554794371
v 0.402687848 0.330779374 0.561836779
v 0.400567889 0.333942205 0.568190753
v 0.397061467 0.336112857 0.57395494
v 0.397066981 0.34035334 0.580401659
v 0.397433549 0.344581544 0.586546004
v 0.397398204 0.348421067 0.592345715
v 0.398007363 0.352446884 0.597954154
v 0.399338603 0.356660157 0.603322446
v 0.40231356 0.361383706 0.608311951
v 0.405991048 0.366137773 0.612846851
v 0.408492237 0.370267302 0.617219269
v 0.409904271 0.373950362 0.62163198
v 0.411793709 0.377728701 0.625837088
v 0.413431734 0.38143146 0.63004446
v 0.414467216 0.314628243 0.542147398
v 0.408846021 0.315388322 0.5477072
v 0.407503754 0.319904298 0.555380464
v 0.406113505 0.323986351 0.56243515
v 0.405463696 0.328332871 0.569277346
v 0.40381211 0.331671059 0.575415075
v 0.401970297 0.334740669 0.581294179
v 0.401245654 0.338427067 0.587186098
v 0.400251955 0.341823936 0.592852473
v 0.399508685 0.345284402 0.598403156
v 0.400094062 0.349360704 0.603804767
v 0.401422173 0.353661954 0.608946264
v 0.404914886 0.358756304 0.613555014
v 0.407860041 0.363359898 0.617868125
v 0.410625815 0.367693216 0.621920347
v 0.412632912 0.371612698 0.625947952
v 0.414284945 0.375342727 0.629962564
v 0.416177332 0.379109085 0.633802116
v 0.420092672 0.309787214 0.544245481
v 0.414017946 0.309602916 0.549248457
v 0.410113215 0.311707526 0.555534899
v 0.411016762 0.318142295 0.563645899
v 0.411172658 0.323339403 0.570686162
v 0.410105139 0.327135623 0.576842844
v 0.408231854 0.330103815 0.582547367
v 0.406750202 0.333262801 0.588173747
v 0.405123442 0.336236149 0.593665659
v 0.402400434 0.338475794 0.599086463
v 0.402112126 0.342229843 0.604495227
v 0.402606905 0.34632498 0.609697282
v 0.404004753 0.350762784 0.614592016
v 0.406618237 0.355618834 0.619015813
v 0.410140425 0.360649854 0.622898638
v 0.413378775 0.36530152 0.626502097
v 0.415492773 0.369323075 0.630201995
v 0.417160481 0.37308377 0.633923531
v 0.41842109 0.376681745 0.637729645
v 0.425081849 0.304154277 0.545787811
v 0.419400543 0.30387184 0.550821304
v 0.416017264 0.306317091 0.55723989
v 0.415922016 0.312056422 0.564843357
v 0.415958881 0.317413688 0.571821094
v 0.415367067 0.321757913 0.578070641
v 0.413911283 0.325064152 0.583783031
v 0.412052393 0.327897757 0.589260161
v 0.40999949 0.330516845 0.59464097
v 0.407450765 0.332758993 0.600000024
v 0.405380845 0.335380763 0.605400503
v 0.404818952 0.33900252 0.610675871
v 0.404736102 0.342844576 0.615783989
v 0.406312287 0.347535789 0.62042582
v 0.408631742 0.352428675 0.624624729
v 0.413522631 0.358340561 0.627711952
v 0.416146666 0.36285609 0.631127298
v 0.417936563 0.366838574 0.634638131
v 0.41947037 0.370614827 0.638122559
v 0.420357198 0.374122441 0.641870677
v 0.433948457 0.30201748 0.54734844
v 0.442277521 0.301872462 0.547330916
v 0.437367827 0.299837083 0.553700507
v 0.45227626 0.306110024 0.549583137
v 0.447389901 0.302827865 0.555048823
v 0.442651361 0.301150352 0.561174452
v 0.460937947 0.309737265 0.551515102
v 0.455672413 0.304353476 0.555678129
v 0.450515926 0.300683379 0.56084013
v 0.445572972 0.298855752 0.566817582
v 0.468249738 0.311995089 0.552716255
v 0.463600636 0.306665421 0.556690335
v 0.458850086 0.302525371 0.561416864
v 0.4536255 0.298754215 0.566515207
v 0.449113905 0.29793337 0.57272768
v 0.474979073 0.314200103 0.55389297
v 0.470704734 0.308477879 0.557485819
v 0.466420025 0.304215223 0.561968982
v 0.461765796 0.300355494 0.566810906
v 0.456238806 0.295866281 0.571779251
v 0.451579601 0.294982642 0.577997386
v 0.481074691 0.31575954 0.554725289
v 0.477517992 0.311128229 0.558683634
v 0.473156631 0.304982334 0.562182724
v 0.469473541 0.302722573 0.567419291
v 0.46482119 0.298770308 0.572245061
v 0.460257053 0.296602339 0.577831089
v 0.455729336 0.295895755 0.583926618
v 0.486760765 0.316911042 0.555340409
v 0.483753115 0.313565761 0.559793234
v 0.479946673 0.307641566 0.563174605
v 0.476243079 0.303943992 0.567691028
v 0.472799271 0.302544504 0.573038876
v 0.469097137 0.301301897 0.578447878
v 0.464950055 0.299871117 0.583947361
v 0.459794134 0.297120064 0.589569509
v 0.492296726 0.319044948 0.556486428
v 0.48955372 0.316086978 0.560950994
v 0.4865098 0.312245041 0.564965844
v 0.482844651 0.306454539 0.568436444
v 0.479554713 0.304450512 0.573387206
v 0.476225764 0.303363711 0.578604579
v 0.472279459 0.301040977 0.583673656
v 0.468044043 0.29918924 0.589090705
v 0.463551968 0.298031092 0.594896734
v 0.497478187 0.320307523 0.557164967
v 0.494912416 0.317943126 0.5618065
v 0.492256969 0.315561116 0.566262543
v 0.489188492 0.310854584 0.569856703
v 0.485767514 0.305887043 0.573660433
v 0.482625842 0.304545045 0.578651488
v 0.479168594 0.302727163 0.583609879
v 0.475211859 0.300137043 0.588667929
v 0.471163452 0.298777312 0.594165027
v 0.467481613 0.299918711 0.600000024
v 0.502498329 0.32104975 0.557564616
v 0.5 0.319108158 0.562346518
v 0.497471929 0.317053616 0.566845775
v 0.494810581 0.314011067 0.570887983
v 0.491931856 0.310454607 0.574861169
v 0.488859534 0.307304919 0.579125285
v 0.485672772 0.305147618 0.583778501
v 0.482120454 0.302391112 0.588545263
v 0.478256196 0.299846858 0.593653142
v 0.474624336 0.299884021 0.599178255
v 0.471065909 0.301252425 0.604848802
v 0.507380307 0.322436094 0.558312476
v 0.504940093 0.320319325 0.562914193
v 0.502503455 0.317859292 0.567168236
v 0.5 0.315720439 0.571455359
v 0.497387648 0.312715948 0.575458944
v 0.494647592 0.31041941 0.579745591
v 0.49167642 0.30739218 0.584011614
v 0.488475353 0.304550469 0.588544846
v 0.484859318 0.300902158 0.593315244
v 0.481561989 0.301138282 0.598592758
v 0.478238553 0.302194893 0.603957951
v 0.474551499 0.302685022 0.609496295
v 0.512175441 0.323581576 0.558931768
v 0.509759903 0.321594834 0.563517809
v 0.507402658 0.319268644 0.567745686
v 0.504997134 0.317192912 0.57196629
v 0.502540171 0.315124452 0.576136589
v 0.5 0.313065559 0.580318153
v 0.497320026 0.31017679 0.584420562
v 0.494450867 0.307460189 0.588750064
v 0.491271347 0.303847134 0.593260646
v 0.488102436 0.303026915 0.598220289
v 0.484875798 0.303155363 0.603325427
v 0.481449932 0.303274572 0.608583748
v 0.477752954 0.303360552 0.614085078
v 0.516944349 0.324569672 0.559467614
v 0.514538109 0.322647452 0.564023376
v 0.512218773 0.320506275 0.568267584
v 0.509875834 0.318559468 0.572464228
v 0.507474005 0.317038655 0.576710701
v 0.505068898 0.315156579 0.580816984
v 0.502609193 0.312544614 0.584831178
v 0.5 0.309564114 0.588959455
v 0.497201145 0.307052821 0.593365192
v 0.494225234 0.305118084 0.598030925
v 0.491107225 0.304004848 0.602919042
v 0.487821788 0.303252816 0.608004987
v 0.484244496 0.302199364 0.613395154
v 0.480759144 0.303270966 0.618755877
v 0.52186197 0.325023681 0.559717417
v 0.51938647 0.323353142 0.564373553
v 0.517067671 0.321377218 0.568656385
v 0.51478833 0.319345236 0.572789013
v 0.512390375 0.318050265 0.577066123
v 0.510040224 0.316444516 0.581183851
v 0.50772047 0.314089864 0.585167587
v 0.505319595 0.311280251 0.589214027
v 0.502747953 0.308739424 0.593485296
v 0.5 0.306657284 0.597989023
v 0.497085989 0.305097133 0.602703452
v 0.493986875 0.30357787 0.607642055
v 0.490669191 0.302168936 0.612850785
v 0.487233341 0.301957905 0.618182361
v 0.483916551 0.303947091 0.623276532
v 0.527019024 0.325098872 0.5597651
v 0.524455905 0.32358253 0.564509034
v 0.522068024 0.321867496 0.568908095
v 0.519722342 0.320236713 0.573174119
v 0.517446935 0.31844306 0.577285588
v 0.515105903 0.31698665 0.581434011
v 0.512863696 0.314819276 0.585431814
v 0.510621548 0.312015116 0.589439631
v 0.508234203 0.309281647 0.593640447
v 0.505660772 0.30698663 0.598069191
v 0.50291872 0.304943919 0.602707863
v 0.5 0.303213805 0.607560456
v 0.496883452 0.301326156 0.612692356
v 0.493665874 0.301664025 0.617756546
v 0.490393519 0.302878052 0.622781277
v 0.487343073 0.306665897 0.627189994
v 0.532372355 0.325184047 0.559820414
v 0.529700518 0.323827088 0.564659774
v 0.527192891 0.322414786 0.569199026
v 0.524780512 0.321010649 0.573546469
v 0.522427082 0.31962353 0.577764153
v 0.520217597 0.317797154 0.581799328
v 0.518149614 0.315227479 0.585714579
v 0.51598531 0.312711567 0.589754581
v 0.513795674 0.309686452 0.593905807
v 0.51143688 0.306773007 0.598288059
v 0.508892536 0.304007202 0.602918983
v 0.506075025 0.302587807 0.607720852
v 0.503087521 0.302243084 0.612574041
v 0.5 0.301787734 0.617577076
v 0.496781886 0.301644593 0.622699976
v 0.493671596 0.305472881 0.626907766
v 0.490584016 0.308751285 0.631134629
v 0.537119448 0.32695806 0.56078589
v 0.534884691 0.324711055 0.565116465
v 0.532617629 0.322715521 0.569411099
v 0.530230045 0.321190655 0.573751092
v 0.527810752 0.319943547 0.578049123
v 0.525521278 0.318462253 0.582192957
v 0.523474991 0.316169888 0.586166859
v 0.521496058 0.313373625 0.590166867
v 0.519540012 0.309975713 0.594292223
v 0.517316282 0.307138443 0.598676264
v 0.514864385 0.304814637 0.603267848
v 0.512287736 0.302385181 0.608077109
v 0.509428382 0.3011491 0.612985134
v 0.506362438 0.301225424 0.617835879
v 0.503200114 0.302193135 0.622573197
v 0.5 0.304348916 0.627019525
v 0.496831536 0.307017505 0.631255984
v 0.493721306 0.310255259 0.635210395
v 0.541892648 0.328765929 0.561771691
v 0.539806485 0.326456696 0.565981865
v 0.537893057 0.323923558 0.570003688
v 0.535782218 0.321852088 0.574152589
v 0.533479035 0.320300788 0.578397632
v 0.531262159 0.318632305 0.58254987
v 0.52919215 0.316575378 0.586620927
v 0.527265429 0.313957095 0.590684295
v 0.525621831 0.310037285 0.594810247
v 0.523746967 0.30629459 0.599228442
v 0.521165431 0.304866463 0.603848755
v 0.518409669 0.304004461 0.60851866
v 0.515849352 0.301618367 0.613474965
v 0.512973011 0.300378501 0.618475974
v 0.50970906 0.301844656 0.623024106
v 0.506429017 0.303975433 0.627334654
v 0.503212929 0.305717528 0.631693482
v 0.5 0.308046758 0.635814726
v 0.496834725 0.311267406 0.639495432
v 0.546825171 0.330449253 0.562718928
v 0.544899404 0.328126013 0.566843927
v 0.543062925 0.325725257 0.57087034
v 0.541340292 0.323138475 0.574814618
v 0.539364278 0.321016848 0.578916192
v 0.537302852 0.31907469 0.58305949
v 0.535226941 0.317149371 0.587216675
v 0.533447742 0.314405859 0.591326356
v 0.531833827 0.310937196 0.595544159
v 0.530100584 0.307359874 0.600000024
v 0.527634799 0.305687964 0.60463047
v 0.524903655 0.304769695 0.609292328
v 0.522388399 0.302745819 0.614174902
v 0.519629538 0.301313311 0.619136631
v 0.51644665 0.301770806 0.623805761
v 0.513164699 0.30289948 0.628291845
v 0.50987649 0.304241329 0.632680953
v 0.506570518 0.305995435 0.636891305
v 0.503245294 0.308896422 0.640557826
v 0.5 0.312073171 0.643963397
v 0.552013755 0.333542109 0.562473536
v 0.555550516 0.337299734 0.561249197
v 0.555778623 0.333537579 0.566048205
v 0.558455229 0.34166795 0.560475349
v 0.559296548 0.337676048 0.565005481
v 0.559606612 0.333551526 0.569707155
v 0.561486304 0.345796496 0.559599519
v 0.562730491 0.341786534 0.564022183
v 0.563645363 0.337501854 0.5685184
v 0.564002633 0.333079964 0.573270738
v 0.564702511 0.349745899 0.558601081
v 0.566220224 0.345795095 0.563008249
v 0.567918241 0.341201037 0.567241549
v 0.568806767 0.336718529 0.571888864
v 0.569448054 0.331767052 0.576730967
v 0.567739844 0.35386622 0.557724059
v 0.569541991 0.349941671 0.56209594
v 0.571040273 0.34584862 0.566532671
v 0.572722137 0.341134131 0.57090503
v 0.573345125 0.336713523 0.575793922
v 0.573293924 0.332247525 0.581017613
v 0.571339905 0.357706636 0.556513906
v 0.572735012 0.354204327 0.561264455
v 0.5749017 0.349907011 0.565489531
v 0.57662499 0.345503986 0.569952965
v 0.578182518 0.340740383 0.574591935
v 0.578270853 0.336567044 0.579835117
v 0.577723205 0.332349181 0.58536315
v 0.575041711 0.361676395 0.555274427
v 0.57717073 0.357845515 0.55979979
v 0.578915954 0.353978038 0.564405143
v 0.581016541 0.349588901 0.568844259
v 0.583463967 0.344557792 0.573300064
v 0.583864748 0.340432465 0.57856369
v 0.582750082 0.336979866 0.584260166
v 0.582663 0.332231432 0.58990705
v 0.579327106 0.365613043 0.553731799
v 0.582747579 0.361243933 0.557800233
v 0.584397674 0.35747847 0.562707007
v 0.585346222 0.353868306 0.567801952
v 0.586501777 0.349900723 0.572774231
v 0.587389469 0.345769793 0.577888727
v 0.587527692 0.341738135 0.583296537
v 0.5884161 0.33672604 0.588785291
v 0.588579297 0.331614166 0.594725788
v 0.582129657 0.370411068 0.553093314
v 0.585655868 0.36617592 0.557210624
v 0.588449895 0.362017035 0.561694384
v 0.589598 0.358379841 0.566835046
v 0.589586973 0.355137885 0.572273731
v 0.59068644 0.351136327 0.577333629
v 0.591220856 0.347145021 0.582630515
v 0.592413962 0.342383862 0.58800745
v 0.593116701 0.337420225 0.593782544
v 0.593075097 0.332376927 0.600000024
v 0.582914412 0.375930935 0.553609967
v 0.586715102 0.371824592 0.557551146
v 0.591247022 0.367246091 0.561260223
v 0.591996074 0.363846689 0.566592157
v 0.592546046 0.360431522 0.571855903
v 0.592751682 0.357036263 0.577144682
v 0.59453243 0.352680445 0.582124531
v 0.595003426 0.34867093 0.587536871
v 0.596115768 0.343944341 0.593111753
v 0.597030222 0.33883509 0.599091589
v 0.595907867 0.33450076 0.605474234
v 0.584997714 0.381056786 0.553397596
v 0.586776495 0.377635896 0.55836463
v 0.59030956 0.37367034 0.562411606
v 0.59321624 0.369712234 0.566799164
v 0.59385401 0.366368353 0.571978927
v 0.594774246 0.362820178 0.577021658
v 0.5958637 0.359037519 0.582074702
v 0.598121166 0.354482472 0.587114155
v 0.599457562 0.350002825 0.592579603
v 0.598686516 0.346267968 0.598431289
v 0.597325444 0.342562109 0.60446918
v 0.59520638 0.338986278 0.610678732
v 0.585842371 0.386486173 0.553871691
v 0.586598635 0.383318305 0.559272289
v 0.589276314 0.37978217 0.563576043
v 0.593113899 0.375839502 0.567487776
v 0.59476006 0.37231648 0.572253644
v 0.595591843 0.368940353 0.577243447
v 0.597133756 0.365203083 0.58211261
v 0.598739803 0.361239612 0.587129354
v 0.600781679 0.356829077 0.59234947
v 0.601264536 0.352786571 0.597968578
v 0.598720908 0.349961877 0.603759229
v 0.596522331 0.346805423 0.6096102
v 0.595268309 0.342841953 0.615784705
v 0.585512102 0.392009616 0.554964542
v 0.586808622 0.388795674 0.559985161
v 0.588892162 0.385506421 0.564460158
v 0.591630161 0.382048458 0.568656206
v 0.594823658 0.37836799 0.572804391
v 0.596635699 0.374864191 0.577462971
v 0.59871012 0.371152729 0.58217144
v 0.600231946 0.367432654 0.587135553
v 0.602043867 0.363412052 0.592268169
v 0.602045536 0.359836102 0.597732008
v 0.60087359 0.356568754 0.603329539
v 0.598943174 0.353490084 0.608979583
v 0.597358346 0.350062877 0.614799857
v 0.596223474 0.34611696 0.620980203
v 0.583910108 0.397446454 0.556695282
v 0.586880565 0.394222826 0.560758591
v 0.589282334 0.391009003 0.56503737
v 0.591590405 0.387765676 0.569333613
v 0.593445659 0.384529322 0.573789239
v 0.596001387 0.38108471 0.578122377
v 0.599349916 0.377312958 0.582477152
v 0.60119909 0.373700768 0.587312996
v 0.603808761 0.369694024 0.592286885
v 0.604348302 0.366095185 0.597640336
v 0.603686035 0.362753779 0.603141487
v 0.603318572 0.359156221 0.60879308
v 0.600890338 0.356236398 0.614384949
v 0.598576844 0.353147238 0.620076239
v 0.597476721 0.349252254 0.626276255
v 0.58246094 0.402643949 0.558309019
v 0.586337864 0.399619639 0.5618065
v 0.587720692 0.396589458 0.566379368
v 0.590025902 0.393531471 0.570530474
v 0.592205167 0.390433937 0.574752688
v 0.594833732 0.387204111 0.578944147
v 0.596991539 0.383925498 0.583375216
v 0.599677384 0.380417615 0.58789748
v 0.602873623 0.376605004 0.592637539
v 0.604727209 0.372884303 0.597762406
v 0.607315898 0.368739426 0.603187621
v 0.60728842 0.365139872 0.608817399
v 0.604711115 0.36228171 0.614313424
v 0.601689816 0.359560072 0.619724214
v 0.599377215 0.356478155 0.62532866
v 0.598330617 0.352641463 0.63152492
v 0.580791712 0.407633871 0.560001791
v 0.584357977 0.404866964 0.563474536
v 0.586675048 0.401991606 0.567517698
v 0.588127017 0.399106592 0.571837604
v 0.589627445 0.396231353 0.576096117
v 0.592448473 0.393243015 0.580070853
v 0.594873726 0.390173435 0.584284365
v 0.596862912 0.387040973 0.588718951
v 0.600391567 0.383536935 0.593216538
v 0.602916062 0.37998724 0.598092139
v 0.60555172 0.3762016 0.603279829
v 0.608755887 0.372015327 0.608888447
v 0.607831538 0.368691832 0.614440739
v 0.605230391 0.365808547 0.619807065
v 0.602478504 0.362954587 0.62514025
v 0.600114346 0.359892488 0.63063705
v 0.59922564 0.356066465 0.636859536
v 0.578959882 0.412419736 0.561744809
v 0.581950128 0.409859389 0.565300226
v 0.584329009 0.407203257 0.569137454
v 0.58656013 0.404516459 0.573045373
v 0.587951183 0.401777536 0.577215552
v 0.589936078 0.399029434 0.581255257
v 0.59238106 0.396201968 0.585309386
v 0.594743609 0.393272042 0.589537323
v 0.597684145 0.390160292 0.593918741
v 0.600817263 0.386843026 0.598577619
v 0.602561295 0.383531004 0.603526115
v 0.605824947 0.379767597 0.608848631
v 0.608059525 0.375944883 0.614480853
v 0.606135964 0.372919977 0.619742274
v 0.604514062 0.369783372 0.625099957
v 0.602038383 0.366845697 0.630311906
v 0.600071132 0.363670707 0.635771751
v 0.598881781 0.360071272 0.641774833
v 0.577747464 0.417177737 0.56316781
v 0.579560041 0.41463691 0.567092478
v 0.581765771 0.412185967 0.570823193
v 0.583904922 0.409710258 0.574599028
v 0.585286558 0.407139748 0.578612447
v 0.586548209 0.404561579 0.582649529
v 0.588734567 0.401992381 0.58656472
v 0.591443837 0.399334401 0.590562224
v 0.594457805 0.396532416 0.594756186
v 0.597937584 0.393531263 0.599217176
v 0.600290656 0.390420914 0.603979945
v 0.602963567 0.387098491 0.609046161
v 0.605322778 0.383607745 0.614416361
v 0.606586874 0.380093575 0.619944453
v 0.604404449 0.377141684 0.62495172
v 0.603302538 0.373921245 0.630265594
v 0.601880014 0.370695114 0.635620177
v 0.599291563 0.367738158 0.640667975
v 0.596863687 0.364691556 0.645903468
v 0.576298416 0.421797335 0.5647313
v 0.577810049 0.419382751 0.568638206
v 0.579196692 0.416978806 0.572527826
v 0.580663323 0.414616406 0.576350272
v 0.582053125 0.412246764 0.5801844
v 0.583836734 0.409917116 0.583953857
v 0.585801959 0.407557726 0.587771416
v 0.588069916 0.405145556 0.591674387
v 0.590852201 0.402646154 0.595718503
v 0.59428525 0.400000006 0.600000024
v 0.596768498 0.397181064 0.60456115
v 0.600037694 0.394153148 0.609460413
v 0.603441 0.390883416 0.614750981
v 0.606477201 0.387394607 0.620395958
v 0.606607258 0.384072453 0.625771284
v 0.604556918 0.381032079 0.630690694
v 0.603346705 0.377813041 0.635899186
v 0.60127759 0.374730766 0.640886426
v 0.598297596 0.371866345 0.645521104
v 0.595800161 0.368872613 0.650365114
v 0.574426055 0.427171826 0.564785004
v 0.572649956 0.431651294 0.563342333
v 0.574243844 0.430014998 0.568680048
v 0.570920765 0.436231434 0.561884224
v 0.572701752 0.434795171 0.56721288
v 0.574542046 0.43303135 0.57234484
v 0.569152534 0.440900773 0.560400903
v 0.571045339 0.439608544 0.565805197
v 0.57336992 0.438231945 0.570800364
v 0.575417697 0.436341941 0.575845718
v 0.568104446 0.446220607 0.558407962
v 0.569505334 0.444619149 0.564298093
v 0.571941495 0.443428636 0.569357216
v 0.574145555 0.441776037 0.574406743
v 0.575807989 0.439479947 0.579582274
v 0.566952944 0.451827407 0.556323528
v 0.568194866 0.450007677 0.562591732
v 0.570186555 0.448570639 0.568021595
v 0.572580218 0.447158039 0.57308358
v 0.574595511 0.445201576 0.578203738
v 0.576352656 0.44276467 0.58336401
v 0.56553936 0.457655132 0.554226577
v 0.566871285 0.455723673 0.56077081
v 0.567944527 0.453518599 0.566876054
v 0.570488691 0.452313244 0.571949959
v 0.572501659 0.450468987 0.577120066
v 0.574346662 0.448248416 0.58225733
v 0.576091468 0.445658475 0.587400377
v 0.562124193 0.462008059 0.553406417
v 0.564310133 0.460718215 0.559565783
v 0.565477192 0.458442301 0.565805078
v 0.567913532 0.457208961 0.571007371
v 0.570421875 0.4558312 0.576053023
v 0.572341979 0.453761727 0.58121568
v 0.574053526 0.45130232 0.586363673
v 0.576068044 0.448752463 0.591472745
v 0.558266282 0.466006517 0.552882254
v 0.560631156 0.464799732 0.55901736
v 0.562153757 0.462721854 0.565157235
v 0.563965797 0.46093294 0.570682347
v 0.566947997 0.460118949 0.575493813
v 0.569014966 0.458282769 0.580578625
v 0.571825683 0.456835657 0.585446835
v 0.573186398 0.453991711 0.590613604
v 0.57542944 0.451515615 0.595697165
v 0.553820312 0.469353169 0.552829921
v 0.555853069 0.467639506 0.559245288
v 0.557692945 0.465810418 0.565176904
v 0.559747398 0.464262545 0.57054621
v 0.562206864 0.463084549 0.575483859
v 0.565151334 0.462228566 0.580175877
v 0.567733645 0.460804671 0.585001945
v 0.570392311 0.459197879 0.589867771
v 0.572155654 0.456584483 0.594911814
v 0.57467407 0.454253912 0.600000024
v 0.547966719 0.470614344 0.554133296
v 0.550750971 0.469852716 0.559805274
v 0.553281009 0.468823761 0.565224528
v 0.555776298 0.467773616 0.570337176
v 0.558590174 0.467048705 0.5751037
v 0.561185777 0.465952814 0.579885244
v 0.563750923 0.464673102 0.584643304
v 0.566356301 0.463237911 0.589417636
v 0.568933964 0.461533844 0.594274819
v 0.57130897 0.459372133 0.599257886
v 0.57415396 0.457247555 0.604413331
v 0.543064713 0.472922474 0.554680824
v 0.545890868 0.472167641 0.56026727
v 0.548967063 0.471906543 0.565241158
v 0.552102327 0.471712708 0.569976449
v 0.554779887 0.470840245 0.574832797
v 0.557209492 0.469600081 0.579665542
v 0.559743166 0.46839875 0.584383726
v 0.562314034 0.467095613 0.589089155
v 0.565166235 0.465886146 0.593818843
v 0.568117142 0.464499295 0.598685205
v 0.571049929 0.462766856 0.603742838
v 0.573426723 0.46019429 0.608962357
v 0.537910283 0.474574447 0.555595577
v 0.541416526 0.475014448 0.560429513
v 0.544665039 0.475044042 0.565251887
v 0.548232198 0.475574821 0.569701076
v 0.55110532 0.474958122 0.574503183
v 0.5538463 0.474113107 0.579259515
v 0.556253314 0.472759545 0.584055483
v 0.558511138 0.471152663 0.588820994
v 0.561229885 0.469975442 0.59350884
v 0.564420283 0.46909669 0.598278284
v 0.567704141 0.467998594 0.603254735
v 0.570187688 0.465782404 0.608383
v 0.571798623 0.462491512 0.61351788
v 0.532781541 0.475976497 0.556612372
v 0.536446393 0.476912558 0.5610919
v 0.54020083 0.478019029 0.565368235
v 0.543731689 0.478619039 0.56980139
v 0.547272682 0.479139566 0.574224651
v 0.550076187 0.478360862 0.579010904
v 0.553083301 0.47784394 0.583665311
v 0.555256248 0.476053774 0.588523805
v 0.557700038 0.474588305 0.593271852
v 0.560617745 0.473579973 0.598025262
v 0.563791454 0.472631007 0.602927029
v 0.56700474 0.471416324 0.608039379
v 0.569004059 0.468641043 0.613160312
v 0.569899678 0.464612484 0.618100286
v 0.527535975 0.476721466 0.557953537
v 0.531198323 0.477982223 0.56214875
v 0.535008967 0.479560435 0.566133857
v 0.538538873 0.480405092 0.570409596
v 0.542579114 0.48214063 0.574397504
v 0.546327174 0.483074367 0.578732491
v 0.548583031 0.481292665 0.583715498
v 0.551552057 0.480708569 0.588378906
v 0.554125249 0.479418874 0.593143225
v 0.557102859 0.478595346 0.59790796
v 0.560015619 0.477486491 0.602791607
v 0.563042819 0.476290435 0.607829392
v 0.565700829 0.474396348 0.612979233
v 0.567569613 0.471405566 0.618078768
v 0.568441331 0.467242777 0.622930348
v 0.522542596 0.477775097 0.559081733
v 0.525980592 0.478774279 0.563307941
v 0.529688895 0.480575234 0.567113757
v 0.533498764 0.482456177 0.57094115
v 0.537280738 0.484036684 0.574961126
v 0.541511834 0.486314982 0.578925371
v 0.54407841 0.484997541 0.583809197
v 0.54670459 0.483858526 0.588563323
v 0.549741387 0.483399302 0.593221784
v 0.552875042 0.482943416 0.597963274
v 0.556526542 0.48304835 0.60286206
v 0.559562206 0.481980354 0.60791713
v 0.562101841 0.480034709 0.61302489
v 0.565174222 0.47854203 0.618392467
v 0.566575706 0.474856079 0.623385191
v 0.567412555 0.470491052 0.628160775
v 0.517672956 0.479049176 0.560076296
v 0.521016657 0.480119467 0.564196169
v 0.524315 0.481127173 0.568269432
v 0.527917743 0.483047098 0.572003007
v 0.531678736 0.485147595 0.575791597
v 0.535488248 0.487048328 0.57978946
v 0.538778484 0.487453908 0.584237516
v 0.54172039 0.486997426 0.588862121
v 0.544413388 0.485998303 0.59354502
v 0.547648847 0.485942155 0.598210156
v 0.551026225 0.485914528 0.603026688
v 0.554431975 0.48566851 0.608030438
v 0.558516026 0.486133903 0.613389492
v 0.562065661 0.485426098 0.618900716
v 0.562666893 0.480573893 0.623547316
v 0.56405586 0.476798028 0.628405869
v 0.566653192 0.474321365 0.633896887
v 0.512827635 0.480438769 0.561014652
v 0.516064703 0.481584013 0.565043926
v 0.519252598 0.482617527 0.569066286
v 0.522497296 0.483884186 0.572992325
v 0.526118338 0.486282349 0.576651275
v 0.529788971 0.488428086 0.580553651
v 0.533331871 0.489851236 0.584773839
v 0.53611958 0.489123315 0.589407384
v 0.539139688 0.488942146 0.59398073
v 0.542038679 0.488389015 0.598629534
v 0.545808434 0.489427984 0.603409708
v 0.549977899 0.490818113 0.608512163
v 0.55348593 0.490617603 0.613762259
v 0.556404114 0.48917526 0.619016349
v 0.55915457 0.487287045 0.624325633
v 0.560038269 0.482635617 0.628856063
v 0.562174678 0.479716748 0.633967042
v 0.563188791 0.475319028 0.63849777
v 0.507939696 0.481852651 0.561958015
v 0.511045218 0.48305884 0.565914869
v 0.514222085 0.48478657 0.569657981
v 0.517302215 0.485829681 0.57366991
v 0.520422101 0.486980468 0.577673554
v 0.523852587 0.489139169 0.581528664
v 0.527286172 0.490884691 0.585638046
v 0.530523419 0.491676509 0.590029716
v 0.533715725 0.49212715 0.594558835
v 0.53659302 0.491587758 0.599213541
v 0.53960079 0.491265625 0.603929639
v 0.543366313 0.49239856 0.608897328
v 0.547452986 0.493750602 0.614210904
v 0.550695121 0.493061364 0.619491696
v 0.553077519 0.490650386 0.624523461
v 0.554445267 0.486562014 0.629047394
v 0.55642432 0.483502299 0.633860171
v 0.558194339 0.480097651 0.638564467
v 0.559804976 0.476454586 0.643202364
v 0.502976179 0.483127594 0.563016117
v 0.505983949 0.485441893 0.566487491
v 0.508966982 0.486850947 0.570373297
v 0.511963308 0.488189161 0.574315071
v 0.514859736 0.488720059 0.578506768
v 0.517996848 0.490462482 0.582463086
v 0.521362185 0.492791325 0.586477458
v 0.524705946 0.494473666 0.590781748
v 0.527923405 0.495297313 0.595321059
v 0.531125069 0.495793045 0.600000024
v 0.534037471 0.495226443 0.604765058
v 0.536987484 0.494648099 0.609593868
v 0.540472627 0.495178521 0.614691734
v 0.542970002 0.493206233 0.619520962
v 0.545184553 0.490643859 0.62421
v 0.546875 0.487131357 0.628567576
v 0.54848665 0.483604848 0.632810831
v 0.55104512 0.481678188 0.637711287
v 0.553593338 0.479559451 0.64269191
v 0.556542575 0.477824181 0.648097932
v 0.5 0.486203611 0.566426992
v 0.496979326 0.488663197 0.570197821
v 0.503000677 0.488078237 0.570394695
v 0.493878812 0.491443515 0.573971391
v 0.5 0.491066486 0.574277461
v 0.506063104 0.49057892 0.574217856
v 0.490683943 0.494195908 0.57790637
v 0.496956766 0.493029296 0.578531444
v 0.503048003 0.493174195 0.578497887
v 0.508992553 0.490936786 0.57867229
v 0.487479985 0.496154189 0.582168639
v 0.49389416 0.494803429 0.582882822
v 0.5 0.494259059 0.583131969
v 0.50603646 0.493729293 0.583077192
v 0.511957288 0.491846412 0.582969368
v 0.48436901 0.497030169 0.586710751
v 0.490759015 0.496892184 0.587272942
v 0.496990621 0.495289981 0.587744176
v 0.503002882 0.495085031 0.587770641
v 0.508942246 0.493769616 0.587684333
v 0.515080392 0.493622601 0.587178946
v 0.481308639 0.497460127 0.591350794
v 0.487694144 0.497758329 0.591911018
v 0.494022131 0.49585852 0.592402875
v 0.5 0.495863974 0.592511952
v 0.505964041 0.495637 0.592420518
v 0.512029707 0.495570958 0.592092812
v 0.518390715 0.495896906 0.591490149
v 0.47842598 0.496965051 0.596076429
v 0.484871626 0.496871293 0.596673727
v 0.491095483 0.496121466 0.597077131
v 0.497076631 0.495207548 0.597287834
v 0.502925217 0.495266974 0.597286105
v 0.508831382 0.495334238 0.597101331
v 0.515099585 0.496687472 0.596680105
v 0.52143693 0.496350378 0.596101522
v 0.475516319 0.496605158 0.600794315
v 0.482051492 0.496243417 0.601370871
v 0.488259852 0.495693088 0.601756573
v 0.494269311 0.494159847 0.601954341
v 0.5 0.494065434 0.602026403
v 0.50573802 0.494279504 0.601956785
v 0.511692762 0.495307624 0.601749599
v 0.518171012 0.497433722 0.601387441
v 0.524507999 0.496700883 0.60079509
v 0.472754329 0.49565047 0.605515718
v 0.479438394 0.494719684 0.606004059
v 0.485583395 0.494368792 0.606366873
v 0.491576761 0.492796004 0.606504798
v 0.497214735 0.492496729 0.606602788
v 0.502799928 0.492982656 0.606637359
v 0.508540273 0.494082123 0.606594682
v 0.514461279 0.494660497 0.606386483
v 0.521003604 0.496751249 0.606132209
v 0.527669251 0.497134089 0.605600774
v 0.470561028 0.492886156 0.610054195
v 0.477161378 0.492024451 0.610444486
v 0.483171195 0.491884023 0.610783994
v 0.489018172 0.490962684 0.610917389
v 0.494547307 0.49093467 0.611055017
v 0.5 0.491100669 0.611121655
v 0.50549984 0.491719544 0.611150384
v 0.511169255 0.492512137 0.611103117
v 0.517287195 0.494381428 0.611076593
v 0.52391386 0.496347725 0.610934079
v 0.530939996 0.497612 0.610564172
v 0.468413889 0.490251362 0.614471793
v 0.474837631 0.489842981 0.614824116
v 0.480838895 0.48948741 0.615079343
v 0.486502916 0.489366412 0.615283787
v 0.491969556 0.489352256 0.61542654
v 0.497340351 0.489142358 0.615461409
v 0.502669513 0.489473701 0.615518868
v 0.50811255 0.490263939 0.615583897
v 0.513899088 0.49202311 0.615737855
v 0.520111918 0.493919104 0.615825534
v 0.526941299 0.496182114 0.615868747
v 0.533400178 0.49542436 0.615299761
v 0.466221243 0.487904876 0.61885041
v 0.472616851 0.487474799 0.619102836
v 0.478573412 0.487109065 0.619286716
v 0.484104007 0.487346977 0.619535208
v 0.489392668 0.488266379 0.619877279
v 0.494777292 0.487413704 0.619764328
v 0.5 0.487319291 0.619769037
v 0.505255699 0.487964749 0.619888961
v 0.510705888 0.489085138 0.620061696
v 0.516452372 0.490398675 0.620217741
v 0.522392452 0.491028637 0.620154262
v 0.529015899 0.492681146 0.620239019
v 0.536024153 0.493737638 0.620099783
v 0.463858187 0.486027002 0.623316348
v 0.470227182 0.485694736 0.623496532
v 0.476189405 0.48532632 0.623605371
v 0.481750488 0.485302418 0.623757958
v 0.486993611 0.486017108 0.62407279
v 0.492255926 0.485954076 0.624130011
v 0.497436047 0.485669553 0.624086857
v 0.502571106 0.485908478 0.624154031
v 0.507732034 0.485820383 0.62409246
v 0.513050079 0.486305624 0.624153554
v 0.518619537 0.487029284 0.624239087
v 0.52474755 0.488678634 0.624532819
v 0.530914187 0.48897472 0.624395609
v 0.538445652 0.491501868 0.624799311
v 0.461621314 0.483809888 0.627719581
v 0.46785301 0.483799279 0.627911091
v 0.473680139 0.483888865 0.62809509
v 0.479196042 0.484131128 0.628295898
v 0.484581888 0.484084636 0.628369153
v 0.489781201 0.484264791 0.62849158
v 0.494934052 0.483945847 0.628419697
v 0.5 0.484224111 0.628525913
v 0.505064428 0.483921111 0.628411293
v 0.510156214 0.48374927 0.628317118
v 0.51549989 0.484529823 0.628519475
v 0.521153152 0.485541284 0.628770471
v 0.527134717 0.486482352 0.628964007
v 0.53321588 0.486581683 0.628837943
v 0.539652348 0.486587286 0.628637969
v 0.45931688 0.481670588 0.632202089
v 0.465530396 0.481666803 0.6323241
v 0.471178442 0.482226014 0.632644653
v 0.476505369 0.483176827 0.633101106
v 0.482006252 0.482883215 0.633043945
v 0.487208009 0.483218253 0.63322103
v 0.492377967 0.483121097 0.633210361
v 0.497480452 0.482667565 0.633042693
v 0.502507865 0.482284456 0.63288933
v 0.507557929 0.48242259 0.632930934
v 0.512731194 0.482823104 0.633063138
v 0.517974198 0.482793361 0.633008122
v 0.523703694 0.483915985 0.633395553
v 0.529673457 0.484653503 0.633608997
v 0.535376728 0.483813405 0.633174062
v 0.541603982 0.483516932 0.6329301
v 0.457066238 0.479314685 0.63668859
v 0.463089913 0.479655474 0.636908054
v 0.468734562 0.480182052 0.637202024
v 0.47403729 0.481120497 0.637677789
v 0.479192227 0.48225987 0.638239026
v 0.48462674 0.481791198 0.638044119
v 0.489854336 0.481500775 0.63792491
v 0.4949857 0.480875909 0.63764298
v 0.5 0.479931712 0.637205899
v 0.504977882 0.480289668 0.637369692
v 0.510082722 0.480995685 0.637689531
v 0.515377283 0.481812686 0.638054132
v 0.520775974 0.482134372 0.638180614
v 0.526243865 0.481997997 0.638085783
v 0.5323807 0.48303923 0.638528824
v 0.538025618 0.482060403 0.638023019
v 0.544084489 0.481438279 0.637671173
v 0.454607487 0.477180004 0.64142108
v 0.460474432 0.477772325 0.641755998
v 0.465885609 0.478838384 0.642342389
v 0.471499175 0.479005277 0.642442644
v 0.476759553 0.479699433 0.642824233
v 0.482029587 0.479993701 0.642988801
v 0.487265348 0.479925066 0.642956197
v 0.492458403 0.479257256 0.642599404
v 0.497522682 0.478287488 0.642078519
v 0.502470255 0.478064775 0.641958594
v 0.507486939 0.47868374 0.642290533
v 0.51264286 0.479349613 0.642646372
v 0.518023312 0.48022902 0.643115461
v 0.52341342 0.480292082 0.643143177
v 0.528877556 0.480048597 0.643003881
v 0.534918845 0.480695963 0.643341124
v 0.540808797 0.480295122 0.643111646
v 0.547230899 0.480303288 0.643098176
v 0.452025086 0.475017518 0.646363378
v 0.457927167 0.475468755 0.646642208
v 0.463277876 0.476548225 0.647309363
v 0.468689978 0.477230608 0.647731125
v 0.474213779 0.477231562 0.647731721
v 0.47948131 0.477550179 0.647928596
v 0.484727502 0.477526128 0.647913754
v 0.489915788 0.47718215 0.647701144
v 0.495006531 0.476674199 0.647387207
v 0.5 0.476617873 0.647352397
v 0.505004466 0.476842672 0.647491336
v 0.510183334 0.477938652 0.648168683
v 0.515323937 0.477786422 0.648074627
v 0.520595193 0.477838278 0.648106694
v 0.526013374 0.477909327 0.648150563
v 0.531688869 0.478160888 0.648306072
v 0.537674963 0.478524059 0.648530483
v 0.543842435 0.478623748 0.648592114
v 0.550163269 0.47841534 0.648463309
v 0.405264735 0.430781394 0.561199903
v 0.403738409 0.427689552 0.566346288
v 0.403113902 0.435172617 0.565368116
v 0.403899848 0.424262226 0.57184732
v 0.401767999 0.431917548 0.570820332
v 0.401422143 0.4394916 0.569833875
v 0.404308438 0.420953572 0.577133954
v 0.400793135 0.428682834 0.576176584
v 0.399191141 0.43644166 0.575270057
v 0.399083793 0.444196403 0.574278474
v 0.404693335 0.417804122 0.582170546
v 0.401547104 0.425121248 0.581689596
v 0.397717804 0.433233559 0.580748975
v 0.396720946 0.441072285 0.579966962
v 0.396164358 0.449354649 0.578850448
v 0.405050159 0.414782584 0.587007463
v 0.402179182 0.421778619 0.586894691
v 0.398080915 0.429592073 0.586353004
v 0.395413607 0.43767336 0.585703731
v 0.394626856 0.445709497 0.584974229
v 0.394416988 0.454160243 0.583946168
v 0.405231357 0.411878914 0.59167707
v 0.402540654 0.418635786 0.591853678
v 0.399120986 0.42595911 0.591757774
v 0.396627098 0.433587909 0.591505587
v 0.394458354 0.441723019 0.591017008
v 0.393978268 0.449840039 0.590375423
v 0.392915428 0.459022135 0.589333534
v 0.405942053 0.408987314 0.596269906
v 0.403784692 0.41545248 0.596694171
v 0.400532752 0.422427952 0.596911013
v 0.398162544 0.429665148 0.596976578
v 0.396817148 0.437065452 0.596873939
v 0.395803452 0.444862813 0.596559823
v 0.394971251 0.453238219 0.595998406
v 0.393077075 0.463108391 0.595086157
v 0.406357855 0.406187654 0.600750208
v 0.404722512 0.412436455 0.601346016
v 0.402493119 0.418962419 0.601809025
v 0.399088889 0.426128179 0.602156997
v 0.398259938 0.433057368 0.602301359
v 0.39803651 0.440131605 0.602266252
v 0.397874534 0.447615087 0.602048516
v 0.396860659 0.456158727 0.601638138
v 0.395476282 0.465893984 0.600975752
v 0.406256288 0.403441846 0.605204523
v 0.405389667 0.409531534 0.60589081
v 0.403529495 0.415821344 0.606519461
v 0.40130043 0.422446549 0.607064545
v 0.399169594 0.429436684 0.607492387
v 0.398975551 0.436222374 0.60765481
v 0.399366975 0.443107218 0.607639313
v 0.399887711 0.450326562 0.607469141
v 0.399379909 0.45868513 0.607209861
v 0.40070051 0.466739774 0.60662812
v 0.406095088 0.400681913 0.609690905
v 0.405331463 0.406722695 0.61045444
v 0.404389799 0.412791908 0.611135423
v 0.403359652 0.41898647 0.611734271
v 0.401291192 0.425652355 0.61237514
v 0.400652349 0.432280034 0.612751067
v 0.401005924 0.438860238 0.612903774
v 0.401601255 0.445646346 0.612922251
v 0.402168363 0.452858329 0.612833738
v 0.403373927 0.460244745 0.612538218
v 0.406746984 0.466739535 0.611826718
v 0.407220721 0.397914112 0.614046395
v 0.40659672 0.403839558 0.614852965
v 0.405218989 0.40981701 0.615700364
v 0.404595435 0.415811926 0.616352975
v 0.402698368 0.422219634 0.617161751
v 0.401498854 0.428786218 0.617790878
v 0.400826067 0.435527891 0.618263125
v 0.40347749 0.441244125 0.618048489
v 0.404686332 0.447710872 0.618023157
v 0.406542391 0.454152048 0.617795169
v 0.408783942 0.460719436 0.617406785
v 0.412803739 0.466410249 0.616584361
v 0.408323705 0.395164758 0.61837709
v 0.408349007 0.400988221 0.619101882
v 0.406821072 0.406810105 0.62008661
v 0.404929101 0.412827849 0.621108532
v 0.404882878 0.418741256 0.621676147
v 0.403935879 0.424987197 0.622403741
v 0.403430641 0.431377292 0.622989416
v 0.405000389 0.437268287 0.623033047
v 0.405531943 0.443759143 0.623278379
v 0.407759637 0.449701488 0.623054862
v 0.410488576 0.455548108 0.62264818
v 0.413519263 0.46142742 0.622104764
v 0.417779475 0.466637611 0.621181667
v 0.409903049 0.392454505 0.622592807
v 0.409834266 0.398176581 0.623357952
v 0.408337057 0.403853416 0.62444675
v 0.406861305 0.409662634 0.625503063
v 0.406598806 0.415463328 0.626198292
v 0.406653762 0.421295166 0.626771688
v 0.40660122 0.42728591 0.627347589
v 0.407719463 0.433067739 0.627551079
v 0.407481998 0.439556479 0.628135562
v 0.4086487 0.445746124 0.628272653
v 0.410905689 0.451601803 0.628042102
v 0.414565146 0.456752479 0.627330601
v 0.418178588 0.462020427 0.626590669
v 0.422441691 0.466926038 0.625596106
v 0.411790729 0.389789015 0.626703441
v 0.411973894 0.395406336 0.627411127
v 0.410647422 0.400905371 0.628554225
v 0.410099447 0.40645957 0.629428506
v 0.409012794 0.4121539 0.630464315
v 0.409133911 0.417801976 0.631082296
v 0.409084082 0.423590362 0.631744146
v 0.409820527 0.429301083 0.632118344
v 0.410046726 0.435350358 0.632665396
v 0.410268784 0.44168207 0.633214355
v 0.411875188 0.447634369 0.633247197
v 0.415227592 0.452749729 0.632601082
v 0.418790728 0.457758993 0.631845593
v 0.422574341 0.462676764 0.630977333
v 0.426837504 0.467291743 0.62989068
v 0.413946718 0.387172669 0.630706549
v 0.414010644 0.392654151 0.631470442
v 0.412942499 0.397999465 0.632625759
v 0.411224961 0.403451204 0.634025097
v 0.410934806 0.408969194 0.634877563
v 0.410846233 0.414536208 0.635644615
v 0.411151081 0.420121074 0.636249423
v 0.411293626 0.425862312 0.636920452
v 0.411782503 0.431666315 0.637452185
v 0.412038386 0.437773228 0.638093948
v 0.413158715 0.443753183 0.638373971
v 0.415562987 0.449243486 0.638087749
v 0.418678224 0.454389483 0.637471318
v 0.422361732 0.459184706 0.636578143
v 0.426614881 0.463536024 0.635396779
v 0.430462003 0.468290418 0.634397149
v 0.415997744 0.384543687 0.63474524
v 0.415652663 0.389851183 0.635715365
v 0.414218247 0.395050377 0.637142479
v 0.413520128 0.400380939 0.638256431
v 0.41200459 0.405851066 0.639745593
v 0.412470758 0.411297232 0.640347481
v 0.412862837 0.416785389 0.640981376
v 0.412892878 0.422449291 0.641794264
v 0.413220733 0.428196281 0.642480373
v 0.414285034 0.433847427 0.642818987
v 0.415605068 0.439527869 0.643041074
v 0.417682081 0.44496733 0.642885268
v 0.419644415 0.450596362 0.642799377
v 0.422702581 0.455644488 0.642136276
v 0.426605403 0.460081786 0.641003668
v 0.430840433 0.464184433 0.639668107
v 0.434947371 0.468379319 0.638393342
v 0.418018937 0.381885111 0.638838768
v 0.417368859 0.387001425 0.640035331
v 0.415492147 0.392013788 0.641839921
v 0.414117783 0.397245377 0.643422961
v 0.413514763 0.402631313 0.644635618
v 0.413727045 0.408061355 0.645436823
v 0.414504826 0.413459241 0.645941496
v 0.414710134 0.419008315 0.646762908
v 0.415059328 0.424657196 0.647525668
v 0.416268021 0.430166245 0.647823393
v 0.417819023 0.435624331 0.647935629
v 0.419604331 0.441058815 0.647922158
v 0.421857148 0.446328223 0.64763993
v 0.424322873 0.451542228 0.647237539
v 0.427567005 0.456261873 0.64635253
v 0.431505561 0.460385591 0.645011306
v 0.435548514 0.464319944 0.643583357
v 0.4394328 0.468366921 0.642253041
v 0.419724375 0.379110575 0.643195271
v 0.419657528 0.384192377 0.644205093
v 0.418806523 0.389131844 0.645648718
v 0.416887224 0.394088864 0.647723496
v 0.415161043 0.399309993 0.649735272
v 0.414659977 0.404736698 0.651066184
v 0.415815383 0.410117686 0.651414752
v 0.416690141 0.415522456 0.651932776
v 0.416466355 0.421250075 0.653158247
v 0.417100638 0.426935613 0.653871238
v 0.41862309 0.432428926 0.654025495
v 0.420641422 0.437760741 0.65385741
v 0.423270524 0.442791104 0.653272808
v 0.42596668 0.447755992 0.65263623
v 0.42880246 0.452623218 0.65189898
v 0.432151049 0.457080513 0.650781989
v 0.435819954 0.461188734 0.649410069
v 0.439771563 0.464910448 0.647798121
v 0.443506926 0.468774557 0.646340549
v 0.428488314 0.301572621 0.552602112
v 0.433939219 0.302232802 0.560349345
v 0.423286259 0.301646948 0.558082402
v 0.437747419 0.301018715 0.566780031
v 0.429459274 0.302909017 0.566089392
v 0.421751052 0.306193799 0.565293133
v 0.440928459 0.299105078 0.572700977
v 0.434534639 0.303398848 0.573074758
v 0.427593291 0.306905866 0.572787404
v 0.420451343 0.31056717 0.572051704
v 0.443875521 0.296962738 0.578414917
v 0.438194662 0.302281767 0.579158485
v 0.432397902 0.306953639 0.579409957
v 0.425877541 0.31067872 0.579077661
v 0.420085818 0.315559983 0.578612328
v 0.446927696 0.2951352 0.584099948
v 0.440823287 0.299735069 0.584768891
v 0.436018705 0.305819809 0.585356534
v 0.430195957 0.310040832 0.58535552
v 0.424276173 0.314260602 0.585035741
v 0.418956757 0.319394827 0.584537625
v 0.450752497 0.29505378 0.589889228
v 0.444305629 0.298785955 0.590509534
v 0.438809276 0.303690165 0.590968132
v 0.433429778 0.308373988 0.591147661
v 0.427721888 0.312537551 0.591019154
v 0.422323823 0.317217618 0.590675056
v 0.417334408 0.322535664 0.590120256
v 0.455489188 0.297400981 0.595577657
v 0.447657943 0.297804534 0.59609884
v 0.441423535 0.301366091 0.596520901
v 0.435899645 0.305822432 0.596750677
v 0.430459321 0.310217679 0.596760988
v 0.425372362 0.315037251 0.596570849
v 0.420165539 0.319828361 0.596156359
v 0.415444613 0.325316489 0.595538676
v 0.459960222 0.299770474 0.600857079
v 0.452089131 0.299250185 0.601557791
v 0.444082171 0.299133241 0.602096021
v 0.438434571 0.303419948 0.602367699
v 0.433080733 0.307893485 0.602447748
v 0.42822057 0.312875688 0.602333903
v 0.422664583 0.31705904 0.60206145
v 0.417817503 0.322194695 0.601579785
v 0.413248211 0.327786744 0.60089463
v 0.463701725 0.300802588 0.605856001
v 0.456622154 0.301414549 0.606668711
v 0.448709458 0.300674528 0.607451618
v 0.441477418 0.301871061 0.607971847
v 0.435968667 0.306043744 0.608108699
v 0.431281805 0.311170667 0.608009517
v 0.426050782 0.315494627 0.607835293
v 0.42072916 0.319863319 0.607513666
v 0.41615361 0.325167894 0.606957078
v 0.411299109 0.330458313 0.606246173
v 0.467291266 0.30174613 0.610683143
v 0.460737228 0.303109914 0.611513436
v 0.453993499 0.304056585 0.612281144
v 0.446540475 0.30400604 0.613089502
v 0.439785779 0.305726588 0.61357224
v 0.434383422 0.309686512 0.613625944
v 0.429760337 0.314588487 0.613417208
v 0.424253285 0.318448275 0.613259256
v 0.420011193 0.323780209 0.612751901
v 0.415300727 0.328783035 0.612185717
v 0.409964025 0.333595157 0.611538827
v 0.47065866 0.302254438 0.615443766
v 0.464214623 0.303524882 0.616347015
v 0.458033025 0.305347919 0.617058635
v 0.451108277 0.305714607 0.617958963
v 0.443766832 0.305901885 0.618848801
v 0.437621564 0.308523715 0.619194686
v 0.432871073 0.313175261 0.619026363
v 0.428249449 0.317858934 0.618753374
v 0.424047619 0.322956026 0.618293524
v 0.419805646 0.328018397 0.617753744
v 0.414314687 0.332208961 0.6173563
v 0.409373224 0.337232351 0.616680205
v 0.474240243 0.303715765 0.619949639
v 0.467702925 0.304114163 0.621084869
v 0.461608917 0.305823267 0.621864736
v 0.455332637 0.307118863 0.622677505
v 0.448429257 0.307518512 0.623675883
v 0.441524655 0.308493018 0.624511063
v 0.435480118 0.31119597 0.624852955
v 0.431255579 0.316369653 0.624435008
v 0.427601427 0.321965814 0.623800695
v 0.424096495 0.327507973 0.623094618
v 0.419009268 0.331612259 0.622789025
v 0.41347605 0.335710347 0.622462392
v 0.409257472 0.341126323 0.621648312
v 0.478122413 0.306803644 0.623920321
v 0.471864134 0.307040602 0.625154674
v 0.465561241 0.307424605 0.626319885
v 0.459375948 0.308420688 0.627286494
v 0.453033894 0.309391707 0.628242671
v 0.445969373 0.30954355 0.629463077
v 0.440429866 0.312625021 0.629723012
v 0.434963048 0.315896809 0.629882336
v 0.431051403 0.321100742 0.62929976
v 0.427575499 0.326558381 0.628543973
v 0.423533529 0.331338972 0.627990365
v 0.41838944 0.33530581 0.627750397
v 0.413430482 0.339749008 0.627316058
v 0.410212845 0.34560588 0.626229286
v 0.481576949 0.308593869 0.628039658
v 0.475848138 0.309934497 0.628997445
v 0.469967782 0.310654581 0.630120635
v 0.463859469 0.311035246 0.631353557
v 0.457923949 0.312210679 0.632309616
v 0.451541305 0.31287986 0.633466482
v 0.445557714 0.314692914 0.634204149
v 0.439825237 0.317176521 0.634679735
v 0.434825778 0.320808887 0.634665072
v 0.432051122 0.326919079 0.633499682
v 0.428582788 0.33197242 0.632734597
v 0.424678177 0.336554587 0.632156074
v 0.420182109 0.340769023 0.631762326
v 0.416032612 0.345451325 0.631137609
v 0.415020555 0.352128178 0.629329503
v 0.485034794 0.310769022 0.63193208
v 0.479606211 0.312475085 0.632771313
v 0.47409445 0.313558221 0.633810103
v 0.468324035 0.314026564 0.635090947
v 0.46250999 0.314797372 0.636269867
v 0.456848979 0.316252977 0.637176931
v 0.450792164 0.317321509 0.638287127
v 0.445210665 0.319542974 0.638897061
v 0.440277129 0.32285586 0.638984978
v 0.437273383 0.328448892 0.637864649
v 0.433507055 0.332900882 0.637277484
v 0.429675967 0.337233752 0.636728048
v 0.425931633 0.341660947 0.636110961
v 0.42211172 0.346104085 0.635488391
v 0.419377059 0.351336181 0.634340286
v 0.417770207 0.357157409 0.632723868
v 0.488337696 0.312284231 0.635996282
v 0.483171731 0.314529598 0.636621952
v 0.478091985 0.316477388 0.637325704
v 0.472717464 0.317274123 0.638534427
v 0.467114568 0.317797661 0.639901936
v 0.461506486 0.318765312 0.641097367
v 0.455984652 0.320277065 0.642057598
v 0.450987905 0.322923332 0.642439425
v 0.44609803 0.325810283 0.642694056
v 0.441779345 0.329493642 0.642484725
v 0.438178331 0.333928227 0.641788363
v 0.434141874 0.337820798 0.641408622
v 0.430105031 0.341757923 0.641004741
v 0.427179456 0.34660247 0.639947653
v 0.424504906 0.351538837 0.638780296
v 0.421971977 0.356502444 0.637556434
v 0.419738829 0.361591339 0.636195719
v 0.491574913 0.313123763 0.640377522
v 0.486555666 0.315685123 0.640865207
v 0.481747448 0.318354279 0.641236424
v 0.476904482 0.320315123 0.641924262
v 0.471967041 0.321892858 0.642807007
v 0.466807276 0.32306996 0.643932998
v 0.461595595 0.324453264 0.644984365
v 0.456349969 0.326086193 0.64593631
v 0.45149228 0.328589231 0.646385014
v 0.446794182 0.331438631 0.646630704
v 0.442655414 0.33503747 0.646371245
v 0.438346982 0.338462114 0.646239758
v 0.434292853 0.342197299 0.645890832
v 0.431195676 0.346740127 0.644885719
v 0.428929895 0.351767957 0.643405139
v 0.426065624 0.356273144 0.642339647
v 0.423256785 0.360796779 0.641246796
v 0.421020657 0.365594208 0.639851987
v 0.49493289 0.314928293 0.644376576
v 0.49000898 0.317024857 0.645116985
v 0.48529008 0.319665372 0.645510972
v 0.480732411 0.322350323 0.645824134
v 0.476146638 0.324524641 0.646402895
v 0.471481085 0.326400399 0.647159874
v 0.46666491 0.32803911 0.648090065
v 0.461712927 0.329646826 0.649085164
v 0.456587732 0.331257552 0.650141597
v 0.452120781 0.334099859 0.65034318
v 0.447830617 0.337221354 0.650340915
v 0.443552434 0.340402007 0.650304735
v 0.439487338 0.343858451 0.650053263
v 0.435482204 0.347421527 0.649726629
v 0.432598144 0.35185945 0.648555398
v 0.429755479 0.356221318 0.647407115
v 0.426746398 0.360434711 0.646393538
v 0.423975915 0.364766359 0.645234168
v 0.421896815 0.369373262 0.643685997
v 0.550775886 0.330113024 0.566356301
v 0.554853201 0.329667985 0.570036769
v 0.548757792 0.327846467 0.570746601
v 0.558786631 0.329516262 0.573933482
v 0.553011298 0.327036232 0.574525952
v 0.54695797 0.325348049 0.574954212
v 0.563652635 0.328428328 0.577642977
v 0.557927907 0.325517893 0.578236163
v 0.551307976 0.324293852 0.578906775
v 0.54536438 0.322532356 0.579048157
v 0.568126202 0.328006804 0.581772089
v 0.56224215 0.324989974 0.582436562
v 0.556259632 0.322565228 0.582870901
v 0.549776196 0.321308017 0.583223462
v 0.543545723 0.320074886 0.583264947
v 0.572791278 0.327595353 0.586115539
v 0.567037225 0.324091256 0.58675617
v 0.561039031 0.321334779 0.587198675
v 0.554880083 0.319219112 0.587444842
v 0.547925472 0.318808854 0.587673068
v 0.541457474 0.318107814 0.587591469
v 0.577474058 0.327396005 0.590743005
v 0.572676599 0.322542608 0.591277361
v 0.566330969 0.319731832 0.591760695
v 0.560400963 0.316865176 0.59197098
v 0.553151667 0.316347241 0.592159331
v 0.546069384 0.316289872 0.592156768
v 0.539655924 0.315517515 0.591868281
v 0.582665861 0.32698375 0.595639169
v 0.577581704 0.322089076 0.596265733
v 0.572301924 0.317683995 0.596678615
v 0.566353083 0.314332485 0.596910715
v 0.558797777 0.313614219 0.597021818
v 0.55134207 0.313553393 0.596954465
v 0.544504941 0.313119113 0.59668839
v 0.538170457 0.312035948 0.596213937
v 0.587714255 0.326986432 0.600904107
v 0.581732452 0.322620481 0.601571321
v 0.576338887 0.318127245 0.602035224
v 0.570716918 0.314164996 0.60229975
v 0.563765168 0.3122347 0.602333426
v 0.557312489 0.310093522 0.602205753
v 0.5497154 0.310327977 0.601866424
v 0.543058813 0.30946362 0.601403058
v 0.53637737 0.308952957 0.600782037
v 0.592458665 0.327515423 0.606509149
v 0.587002039 0.32235384 0.607217729
v 0.580429435 0.318692774 0.6076231
v 0.573746264 0.315726489 0.607813835
v 0.567187071 0.313149631 0.607831478
v 0.561027825 0.310451418 0.607729137
v 0.554955363 0.307854772 0.607486963
v 0.547838807 0.307363689 0.606951416
v 0.540920854 0.307005048 0.606292248
v 0.534304619 0.306260586 0.605535805
v 0.593217373 0.331251383 0.611945212
v 0.590232611 0.324134529 0.612979949
v 0.584902465 0.319101036 0.613533914
v 0.578047931 0.315971702 0.613661587
v 0.571128845 0.313507408 0.613586903
v 0.564857364 0.310731441 0.613468468
v 0.558899641 0.307785213 0.613276184
v 0.552409947 0.305891633 0.612832725
v 0.545369804 0.3053855 0.61211133
v 0.538362563 0.3053343 0.611249745
v 0.531746328 0.304642737 0.610369265
v 0.59432894 0.33467117 0.617360115
v 0.592324495 0.32696104 0.618699074
v 0.588090718 0.320935547 0.619500041
v 0.582081616 0.316741675 0.619768739
v 0.575620234 0.31343016 0.619764388
v 0.569272399 0.310403198 0.619633734
v 0.563518882 0.306851089 0.619545639
v 0.557154059 0.30436042 0.619157434
v 0.550055325 0.30346936 0.618386328
v 0.542742312 0.30359745 0.617373765
v 0.535740077 0.30364722 0.616326272
v 0.528991282 0.303423017 0.615259528
v 0.594979763 0.338380396 0.622657597
v 0.593751848 0.330344737 0.624336898
v 0.589628279 0.324324012 0.625217915
v 0.5852139 0.318620741 0.625926554
v 0.580025673 0.313747853 0.626307905
v 0.573622108 0.310436785 0.626168966
v 0.568639398 0.305525869 0.626440167
v 0.56201154 0.30295828 0.625993848
v 0.554532051 0.302205861 0.625036001
v 0.547344327 0.301548511 0.624037325
v 0.539818466 0.302318126 0.622678101
v 0.532776713 0.302688032 0.621398211
v 0.526111364 0.302398503 0.620222211
v 0.596352935 0.341632843 0.628145218
v 0.595227242 0.333728909 0.630046129
v 0.591914892 0.327143371 0.631253183
v 0.587365031 0.321558386 0.631979644
v 0.581941068 0.316911936 0.63229537
v 0.577098072 0.311777353 0.632764101
v 0.571927488 0.306986958 0.633049905
v 0.565884948 0.303361923 0.632875741
v 0.558834314 0.301499248 0.63208431
v 0.552315831 0.299065828 0.631462216
v 0.544581652 0.299492061 0.629947066
v 0.536773443 0.30114159 0.628105879
v 0.529582202 0.302254021 0.626449227
v 0.523006439 0.301982671 0.625156462
v 0.597764134 0.344934702 0.633738518
v 0.595838785 0.337746382 0.63553828
v 0.593366683 0.330722272 0.637153685
v 0.589803278 0.324363649 0.638339758
v 0.584243298 0.319760382 0.638616085
v 0.579613209 0.314377308 0.639253795
v 0.574219584 0.309819758 0.639479578
v 0.56897068 0.305069894 0.639753163
v 0.562330186 0.302331209 0.639164388
v 0.555714548 0.299830645 0.63848263
v 0.548660934 0.298463851 0.637371659
v 0.541005433 0.299049318 0.635579228
v 0.533456802 0.300453603 0.633560002
v 0.526268065 0.302028358 0.631542385
v 0.519695818 0.302261472 0.629980981
v 0.597746134 0.349082768 0.63889575
v 0.595297992 0.34248668 0.64059037
v 0.593329191 0.335427582 0.642525256
v 0.589251935 0.329708993 0.643516958
v 0.583986878 0.32504493 0.643868506
v 0.580041885 0.319232941 0.644879639
v 0.575041592 0.31440419 0.645305693
v 0.569715798 0.309948832 0.645514846
v 0.564554513 0.305202007 0.645837605
v 0.559035003 0.300806373 0.645942688
v 0.552313685 0.298462898 0.64508152
v 0.544397414 0.299089253 0.642961919
v 0.537122667 0.299229622 0.641134143
v 0.529815853 0.300492764 0.638922334
v 0.52301383 0.301208198 0.63699019
v 0.516454101 0.301864475 0.63511765
v 0.597350419 0.353422463 0.643901348
v 0.594970286 0.347066432 0.645712674
v 0.591983557 0.340962648 0.647254229
v 0.589381695 0.334465861 0.649039328
v 0.58385849 0.330127865 0.649204075
v 0.579296649 0.325137466 0.649867296
v 0.575040758 0.319803745 0.650734663
v 0.569803774 0.315467954 0.650948167
v 0.564889431 0.310687333 0.65140903
v 0.560863674 0.304283023 0.652716756
v 0.555741251 0.299032539 0.653279245
v 0.547924936 0.298852652 0.651183128
v 0.540145397 0.299637616 0.648726225
v 0.53303653 0.299809575 0.64667666
v 0.526228249 0.299983054 0.64470166
v 0.519366801 0.301609367 0.642159879
v 0.512874246 0.303138405 0.639749467
v 0.595646322 0.35834083 0.648263276
v 0.593902946 0.352038324 0.650474131
v 0.591449797 0.345921367 0.652377963
v 0.588526487 0.339928061 0.654077172
v 0.583475053 0.335389137 0.654467821
v 0.578477442 0.330967337 0.654821634
v 0.57441318 0.325729162 0.655823946
v 0.569560111 0.321201444 0.656264901
v 0.56499964 0.31624186 0.656984329
v 0.560151458 0.311446875 0.657538712
v 0.554979086 0.306898743 0.657880604
v 0.548585594 0.304418653 0.656932771
v 0.541942775 0.302779615 0.655537486
v 0.534674704 0.303373218 0.652970374
v 0.528447747 0.301829249 0.651661456
v 0.521941662 0.301827759 0.649591029
v 0.515319169 0.303901047 0.646580219
v 0.508995175 0.307222724 0.643120885
v 0.59376961 0.363291383 0.652418017
v 0.591610491 0.357593238 0.654482782
v 0.589241266 0.351842314 0.656497598
v 0.586235166 0.34629038 0.658181489
v 0.582783163 0.34090063 0.659622371
v 0.57849592 0.336049348 0.660490572
v 0.574074745 0.331290364 0.661263943
v 0.569975674 0.326128989 0.662355602
v 0.565074682 0.321696937 0.662791252
v 0.560273528 0.317040592 0.663375258
v 0.554563046 0.313593805 0.663024247
v 0.548783481 0.310342729 0.662550211
v 0.542679548 0.307835698 0.661586344
v 0.536234915 0.306435734 0.65994519
v 0.529482126 0.306638628 0.657390654
v 0.52302295 0.307109684 0.6548087
v 0.517008066 0.306963086 0.652696967
v 0.510971367 0.308695108 0.649637997
v 0.505284548 0.311059326 0.646390021
v 0.575862408 0.424649209 0.568936765
v 0.575640798 0.427456915 0.572971046
v 0.577185154 0.422204852 0.573022902
v 0.576035917 0.430455148 0.576741815
v 0.577076912 0.425043851 0.577112913
v 0.578671813 0.419866592 0.576959908
v 0.576498926 0.433494031 0.580512643
v 0.577151954 0.427887142 0.581082821
v 0.578354716 0.422656417 0.581192076
v 0.579961956 0.417514861 0.58089906
v 0.577194631 0.436680079 0.584288299
v 0.577704787 0.430896461 0.584937453
v 0.578479886 0.425499707 0.585237622
v 0.579697013 0.420339465 0.585184932
v 0.581358075 0.415204525 0.584785819
v 0.577862501 0.439926594 0.588172734
v 0.578845263 0.434194386 0.588766813
v 0.579220176 0.428533763 0.589179814
v 0.580066919 0.423249364 0.589286566
v 0.581334233 0.418112904 0.5891096
v 0.583429396 0.412994832 0.588588715
v 0.578492105 0.443246722 0.592193067
v 0.579435885 0.43733269 0.592798173
v 0.580096424 0.43165952 0.593190849
v 0.580731988 0.426231444 0.59337312
v 0.581902981 0.421079338 0.59331429
v 0.583343685 0.415941715 0.593038678
v 0.585413992 0.410711557 0.592502594
v 0.578635097 0.44639498 0.596396983
v 0.580076337 0.440579504 0.596957266
v 0.580796659 0.434782058 0.597339213
v 0.581590056 0.429307163 0.59753406
v 0.582677186 0.424085319 0.59755069
v 0.583863556 0.418913394 0.597400248
v 0.585731149 0.41377303 0.597058058
v 0.587927043 0.408405215 0.596515596
v 0.578440666 0.449433267 0.600741625
v 0.580268264 0.443694621 0.601281762
v 0.581377089 0.437934965 0.601637721
v 0.582257628 0.432372689 0.601832867
v 0.583655357 0.427181274 0.601896405
v 0.584847867 0.421971381 0.601817489
v 0.586603701 0.416845292 0.601609766
v 0.588616133 0.411570013 0.601254106
v 0.590837598 0.406004101 0.600728869
v 0.577768266 0.452252746 0.605198205
v 0.580015957 0.446657181 0.605738938
v 0.581627548 0.441027582 0.606094062
v 0.582980394 0.435541868 0.6063025
v 0.584859252 0.430425256 0.606432736
v 0.586245 0.425179541 0.606411159
v 0.587623656 0.419929862 0.606274009
v 0.589712083 0.41471523 0.606064379
v 0.591618538 0.409231603 0.60570544
v 0.593809128 0.403444201 0.605208099
v 0.57661289 0.454817265 0.609721482
v 0.579047203 0.449274451 0.610261083
v 0.581201136 0.443866104 0.610654891
v 0.583399951 0.438684672 0.610954523
v 0.585770965 0.433667839 0.611181617
v 0.587374032 0.428389549 0.611215591
v 0.589352131 0.423221886 0.611203253
v 0.590853214 0.417850882 0.611032486
v 0.593212247 0.41247195 0.610856652
v 0.594751716 0.406728566 0.610463619
v 0.597007751 0.400702447 0.610010028
v 0.574841976 0.456990421 0.614237845
v 0.577812195 0.451788515 0.614851177
v 0.580315351 0.446531087 0.615294158
v 0.583299041 0.441693068 0.615752041
v 0.586355686 0.436898053 0.616147816
v 0.588588536 0.431735218 0.616314054
v 0.591074109 0.426616162 0.616449714
v 0.592839122 0.421201319 0.61637491
v 0.595125437 0.415765733 0.616305113
v 0.596976936 0.410043597 0.616063774
v 0.599079013 0.40406996 0.615754306
v 0.600912631 0.397726029 0.615275204
v 0.572872162 0.459052622 0.618775189
v 0.576042473 0.454006135 0.619437754
v 0.579207778 0.449148893 0.62004143
v 0.582816839 0.444620639 0.620699346
v 0.586818337 0.440214038 0.621393025
v 0.590598285 0.435541183 0.621965647
v 0.593489945 0.430376709 0.6222561
v 0.595474839 0.424833983 0.622266293
v 0.5994398 0.419592112 0.622661352
v 0.599905193 0.413478702 0.622181773
v 0.601177812 0.407391489 0.621810198
v 0.603671908 0.401111633 0.621605277
v 0.604728937 0.394468158 0.620989978
v 0.571383595 0.461592108 0.623559058
v 0.57449615 0.456462801 0.624210119
v 0.57785517 0.451713502 0.624905348
v 0.581625223 0.447273076 0.625690401
v 0.586264074 0.44319731 0.626697421
v 0.590625823 0.438747197 0.627559841
v 0.594692111 0.433932006 0.62827152
v 0.597369552 0.428445786 0.628510952
v 0.600535154 0.422934204 0.628834546
v 0.603040755 0.417057097 0.628903151
v 0.602849066 0.410667032 0.628162503
v 0.607622385 0.404517889 0.628702939
v 0.607494891 0.397817403 0.627845347
v 0.606859684 0.391040534 0.62679261
v 0.570314169 0.464669347 0.628727019
v 0.573419869 0.459431171 0.629374206
v 0.576561451 0.454450786 0.630022109
v 0.580402315 0.450028688 0.630919397
v 0.584957063 0.445921212 0.63205117
v 0.590099871 0.441853374 0.633350968
v 0.593667328 0.436810255 0.634015322
v 0.596691072 0.43141681 0.634439528
v 0.600223303 0.426004618 0.634996653
v 0.604209781 0.42041409 0.635650277
v 0.603818238 0.413864791 0.634763241
v 0.604643583 0.407514215 0.634256899
v 0.605965436 0.401067078 0.633864462
v 0.606269181 0.394445449 0.633091569
v 0.605893373 0.38773185 0.632054329
v 0.569123268 0.467882752 0.63419193
v 0.571935058 0.462279588 0.63469702
v 0.575330257 0.457424045 0.63549
v 0.57900703 0.452840388 0.636403799
v 0.583185136 0.448513031 0.637522519
v 0.588305533 0.444491178 0.639021695
v 0.591961324 0.439491272 0.639828086
v 0.594248831 0.433831543 0.640015662
v 0.597810924 0.428516418 0.640714169
v 0.600205362 0.422691703 0.640887856
v 0.601492405 0.416545808 0.64058274
v 0.602586508 0.410327554 0.64017719
v 0.605312228 0.404088974 0.640367985
v 0.605754137 0.397562623 0.639636099
v 0.605425119 0.390984923 0.638585091
v 0.6045627 0.384403884 0.637310266
v 0.567229033 0.470668912 0.639678478
v 0.569821656 0.464799345 0.640048146
v 0.573006928 0.459764242 0.640786886
v 0.576916039 0.4553698 0.641928196
v 0.580829859 0.45089516 0.64305228
v 0.585107565 0.446491867 0.644340515
v 0.589237213 0.441796541 0.645514011
v 0.592375219 0.4364779 0.646150768
v 0.59561193 0.431066155 0.646810174
v 0.597418964 0.425106227 0.646748781
v 0.599251449 0.419117481 0.646686435
v 0.600682259 0.412992418 0.646418095
v 0.602333128 0.406800956 0.64622885
v 0.605046868 0.400457174 0.646477997
v 0.604295552 0.393975556 0.645164788
v 0.603752017 0.387508333 0.643935919
v 0.60330385 0.380983204 0.642729878
v 0.564142942 0.47240591 0.644749284
v 0.567074776 0.466939569 0.645359039
v 0.570275366 0.46195659 0.646183014
v 0.574327588 0.457734287 0.647566557
v 0.578582585 0.453522027 0.649053752
v 0.582460403 0.448888987 0.650276184
v 0.586306095 0.444078267 0.651450872
v 0.589981019 0.439006269 0.652492881
v 0.59283489 0.43344602 0.65303117
v 0.594576836 0.427454174 0.652926266
v 0.596274912 0.421455622 0.652795672
v 0.598201156 0.415457785 0.652779996
v 0.599004507 0.40924862 0.652152002
v 0.600301445 0.403048515 0.651775956
v 0.601534069 0.396739125 0.651346207
v 0.601294279 0.390422106 0.65015924
v 0.601017892 0.384102404 0.648950517
v 0.599871397 0.377924949 0.647317886
v 0.560523808 0.473713756 0.649653077
v 0.565330684 0.470437288 0.651852727
v 0.567852497 0.464703709 0.652239978
v 0.571543455 0.460197985 0.653548956
v 0.576248169 0.456364691 0.65558219
v 0.580403626 0.451872289 0.657166719
v 0.584448099 0.447101116 0.658632874
v 0.587842762 0.44180119 0.659615993
v 0.589842677 0.435804099 0.659646153
v 0.591102362 0.429600924 0.65920186
v 0.592368066 0.423495948 0.65877986
v 0.594373286 0.417579859 0.658828676
v 0.596463442 0.411586493 0.658912599
v 0.597138643 0.405382007 0.658124506
v 0.597833514 0.399189532 0.657350302
v 0.598895371 0.392941535 0.656781197
v 0.599794924 0.386602044 0.6560992
v 0.598596752 0.380548954 0.65423888
v 0.596978128 0.374702811 0.652170956
v 0.49999997 0.400000006 0.732557178
v 0.504147351 0.405708343 0.728896022
v 0.495771557 0.405819952 0.731527925
v 0.508155286 0.411224782 0.725353539
v 0.5 0.411823869 0.727937937
v 0.491665989 0.41147086 0.728148341
v 0.511907816 0.416389704 0.721109271
v 0.504056215 0.41741997 0.72425878
v 0.495907515 0.417574853 0.725365818
v 0.487599671 0.417067617 0.726163447
v 0.515722454 0.421640098 0.718952298
v 0.507949889 0.422844976 0.721239269
v 0.5 0.423525125 0.723480165
v 0.491877109 0.423339844 0.723870158
v 0.483520091 0.422682673 0.724712551
v 0.519358337 0.426644474 0.716007948
v 0.511592209 0.427800238 0.717053533
v 0.504005671 0.429449618 0.722058475
v 0.49596411 0.429671109 0.722977698
v 0.487799555 0.429252744 0.723178566
v 0.479288578 0.428506821 0.724141538
v 0.523008823 0.431668907 0.71353215
v 0.515220582 0.432860345 0.714185297
v 0.507741034 0.434308261 0.717131555
v 0.5 0.436078519 0.7224769
v 0.491981596 0.435532928 0.72131753
v 0.483712524 0.435154855 0.722168922
v 0.475428164 0.433820218 0.721259058
v 0.526678562 0.436719894 0.711233675
v 0.518851817 0.437971354 0.711782038
v 0.511309206 0.439069033 0.712965488
v 0.503858507 0.440548062 0.7162323
v 0.4960711 0.44128558 0.718348444
v 0.48819536 0.440774888 0.717902839
v 0.479938835 0.440398604 0.718935788
v 0.472280562 0.438152581 0.715578437
v 0.530620396 0.442145377 0.709854364
v 0.522454262 0.443038434 0.709318161
v 0.514860034 0.444028348 0.709904671
v 0.50741601 0.444720984 0.710522652
v 0.5 0.4458386 0.712917089
v 0.492444366 0.445560336 0.712598681
v 0.484816015 0.444985211 0.712295294
v 0.476668298 0.444714725 0.71358043
v 0.469500035 0.441979617 0.709421992
v 0.533831894 0.446565568 0.705813587
v 0.525668263 0.447391212 0.705233395
v 0.517978549 0.447922647 0.704695046
v 0.51070857 0.448525012 0.704920053
v 0.503637969 0.449934572 0.70742768
v 0.496333063 0.450331092 0.708281279
v 0.489064753 0.449549347 0.707136333
v 0.481775105 0.448577344 0.706126451
v 0.474173546 0.447682381 0.705880523
v 0.466881186 0.445584148 0.703582823
v 0.535924494 0.449445814 0.69889164
v 0.528134406 0.450440198 0.698852718
v 0.520839274 0.451375216 0.699203849
v 0.513779581 0.452050567 0.699502945
v 0.506921351 0.452942789 0.700621009
v 0.5 0.454273582 0.702954471
v 0.492970765 0.453766018 0.702186406
v 0.485944062 0.45309177 0.701494575
v 0.478822887 0.452205837 0.700808883
v 0.471324354 0.45140785 0.700750709
v 0.464076102 0.449445009 0.69889009
v 0.537761033 0.451973647 0.692124009
v 0.530228257 0.452917039 0.692161977
v 0.523269653 0.453998744 0.692816019
v 0.516542673 0.454942435 0.693560719
v 0.509919345 0.455699831 0.694284618
v 0.503331542 0.456518799 0.695391893
v 0.496613681 0.45744586 0.696957111
v 0.48975879 0.45750317 0.697338402
v 0.48286888 0.456892252 0.696882606
v 0.475601703 0.456611365 0.697309434
v 0.468721002 0.454751521 0.695359409
v 0.462040484 0.452246785 0.692608058
v 0.539939165 0.454971582 0.68677485
v 0.532367051 0.455545217 0.686384201
v 0.525526464 0.456424057 0.686757028
v 0.519022048 0.457333565 0.687422633
v 0.51271987 0.458409369 0.688556194
v 0.506376386 0.45909977 0.689305127
v 0.5 0.460015863 0.690590501
v 0.493433148 0.460861474 0.691967905
v 0.486723542 0.460960031 0.692424357
v 0.479803592 0.460865557 0.692810237
v 0.472792625 0.460131198 0.692459881
v 0.466186523 0.458021402 0.690237701
v 0.460102201 0.4549146 0.686684966
v 0.542553067 0.458569318 0.682594538
v 0.534670174 0.458497584 0.681487799
v 0.5278427 0.459117383 0.68156755
v 0.521452367 0.459891856 0.682044446
v 0.515333951 0.460920602 0.683025897
v 0.509245455 0.461874872 0.684047401
v 0.50309813 0.462530613 0.684800148
v 0.496846646 0.463642716 0.686308444
v 0.490415245 0.464141488 0.687126458
v 0.483784258 0.464417458 0.687792301
v 0.477076173 0.463992 0.687662482
v 0.470227242 0.463206977 0.687212288
v 0.463849276 0.460990161 0.684961915
v 0.457968116 0.457851917 0.681583762
v 0.545109928 0.462088466 0.678348005
v 0.537302613 0.46201995 0.677504838
v 0.530308545 0.462198496 0.677129745
v 0.523930728 0.462763518 0.677370906
v 0.51794368 0.463805526 0.678311944
v 0.51202774 0.464906275 0.679423213
v 0.505998313 0.465187132 0.679626286
v 0.5 0.465662688 0.680160582
v 0.493908048 0.466203272 0.680867374
v 0.487602711 0.466897577 0.681859791
v 0.481130868 0.467091054 0.682344437
v 0.474424958 0.467068851 0.682678878
v 0.467933774 0.465799123 0.681595802
v 0.461843044 0.463437617 0.679277182
v 0.455693662 0.460982472 0.67695415
v 0.547642767 0.465574622 0.674061775
v 0.540261149 0.466076672 0.674087405
v 0.53316319 0.466085553 0.673659444
v 0.52664721 0.466322482 0.67358315
v 0.520439923 0.466516852 0.673541129
v 0.514600217 0.467341512 0.674265504
v 0.508728325 0.467640996 0.674474239
v 0.50290668 0.467847317 0.67464149
v 0.497069418 0.46840471 0.675254524
v 0.491105497 0.468926966 0.675889671
v 0.484959453 0.469369799 0.676501811
v 0.478675067 0.469393134 0.676720619
v 0.472154886 0.469299763 0.676886201
v 0.465970159 0.467810005 0.675581753
v 0.459678024 0.466176361 0.674199224
v 0.453292727 0.464287072 0.672610164
v 0.549256682 0.467796028 0.668458581
v 0.542579114 0.469079256 0.669403315
v 0.536230564 0.470361292 0.670394063
v 0.529332101 0.469805747 0.669606507
v 0.523087025 0.469831586 0.669453621
v 0.51704663 0.469622612 0.669113755
v 0.511289954 0.469782621 0.669181228
v 0.5056144 0.46977073 0.669115901
v 0.5 0.470328927 0.669650793
v 0.494283378 0.471039534 0.670372128
v 0.488505453 0.471045911 0.670432985
v 0.482537329 0.471320122 0.670798182
v 0.476319551 0.471624613 0.671236396
v 0.470261455 0.470771939 0.670569718
v 0.46431607 0.469301045 0.669333398
v 0.458467066 0.467384338 0.667700231
v 0.452628911 0.465200722 0.66584456
v 0.550785005 0.469899595 0.662943721
v 0.544092536 0.470794648 0.66355598
v 0.538166285 0.472444028 0.664864302
v 0.532018483 0.473281473 0.665475309
v 0.525678575 0.47300899 0.66512388
v 0.519541025 0.472346246 0.664451599
v 0.513771355 0.472050875 0.664130151
v 0.50817734 0.471745908 0.663821161
v 0.502713263 0.471634984 0.663704038
v 0.497276515 0.471904755 0.663943708
v 0.49171257 0.472711384 0.664679289
v 0.486013234 0.473176956 0.665131688
v 0.480214417 0.473251104 0.665257215
v 0.474486113 0.472541004 0.664706647
v 0.468870759 0.471248031 0.663659155
v 0.463167727 0.469914317 0.662599802
v 0.457709312 0.467904866 0.660961688
v 0.452134788 0.465880841 0.659337461
v 0.552617073 0.472421199 0.657912076
v 0.54593879 0.473061085 0.658346176
v 0.539756238 0.473923087 0.65895611
v 0.53382796 0.47479561 0.659588158
v 0.527877867 0.475137442 0.659809828
v 0.521867335 0.474603206 0.659346223
v 0.516288519 0.474807918 0.659480035
v 0.510695696 0.474183142 0.658963978
v 0.505290866 0.473688096 0.658559442
v 0.5 0.473195761 0.658164859
v 0.494722039 0.473508865 0.658417165
v 0.489256293 0.474515915 0.659228206
v 0.483693063 0.474892348 0.659547091
v 0.478298932 0.474036098 0.658895493
v 0.472777814 0.473371148 0.658405006
v 0.467230737 0.472456157 0.657725573
v 0.461683124 0.471248537 0.656823993
v 0.456151217 0.469739914 0.655694485
v 0.450454503 0.468193531 0.654547453
v 0.554645121 0.475212544 0.653082788
v 0.548116446 0.475856304 0.653535664
v 0.541811109 0.476297766 0.653827012
v 0.535701513 0.476531029 0.653975666
v 0.529570937 0.476045489 0.653621376
v 0.523878932 0.475977093 0.653563857
v 0.5184533 0.476219058 0.653727233
v 0.513127267 0.476451308 0.653885722
v 0.507760167 0.475678861 0.653338969
v 0.502563059 0.475162208 0.65297389
v 0.497446179 0.474891067 0.652783096
v 0.492244005 0.475638032 0.653310239
v 0.486870944 0.476461619 0.653892994
v 0.481538773 0.476251721 0.653750241
v 0.476258516 0.475539863 0.653255999
v 0.470898956 0.474837333 0.6527704
v 0.465456635 0.474049121 0.652226865
v 0.459746838 0.473455817 0.651823461
v 0.453994364 0.472530246 0.651189327
v 0.44864583 0.470682979 0.649906576
v 0.506753385 0.397805721 0.729755461
v 0.513399959 0.395646095 0.727328897
v 0.511156142 0.403624862 0.726922154
v 0.519869149 0.393544108 0.724926531
v 0.517913222 0.401533157 0.72490406
v 0.515313447 0.409240484 0.724254847
v 0.526257038 0.391468555 0.72279495
v 0.524628282 0.399488837 0.723471761
v 0.522206128 0.407215208 0.72255373
v 0.519117594 0.414504111 0.720276713
v 0.532585621 0.389412284 0.72070092
v 0.531503022 0.397443533 0.722834647
v 0.529447198 0.405327111 0.72289896
v 0.526420236 0.412740916 0.720459342
v 0.523148835 0.419866472 0.718549252
v 0.538767099 0.387403786 0.71823144
v 0.538266659 0.395397544 0.721531093
v 0.536570728 0.403381765 0.722318709
v 0.534026623 0.411055923 0.72145462
v 0.530844688 0.418325722 0.719489098
v 0.526998162 0.425048321 0.716122746
v 0.54449594 0.385542393 0.714662373
v 0.544410706 0.393435836 0.718375921
v 0.543720067 0.401414007 0.721498549
v 0.541321754 0.409208864 0.720814228
v 0.538242817 0.416577876 0.718946218
v 0.534953117 0.423705876 0.717303813
v 0.531075358 0.430436879 0.714695752
v 0.550195873 0.383690357 0.711298823
v 0.550467134 0.391503811 0.71525085
v 0.550517797 0.399423003 0.719495177
v 0.548727989 0.407353908 0.720155358
v 0.545954704 0.414931566 0.71903336
v 0.542839527 0.422222286 0.717667878
v 0.539315522 0.429254591 0.715908766
v 0.535062551 0.435747981 0.712763011
v 0.556225181 0.381731302 0.708683074
v 0.556692123 0.389548182 0.712559938
v 0.557728052 0.397408694 0.718205214
v 0.556371391 0.405478865 0.719590724
v 0.553942323 0.413281471 0.719206989
v 0.550884485 0.42073229 0.717903018
v 0.547428548 0.427879423 0.716165543
v 0.543426394 0.434627444 0.713612795
v 0.538742244 0.440746129 0.709780991
v 0.562626719 0.379651308 0.706546903
v 0.562880576 0.387596488 0.709699333
v 0.563510716 0.395463347 0.713937759
v 0.564947844 0.403592199 0.72021538
v 0.561762333 0.411501706 0.718402028
v 0.558326125 0.418951303 0.71634227
v 0.555361509 0.426347435 0.715549827
v 0.552528143 0.433894902 0.715533376
v 0.547474027 0.439954996 0.711033463
v 0.542276859 0.445585668 0.706412613
v 0.568484247 0.377748102 0.703256965
v 0.567820191 0.385899991 0.70475775
v 0.568966091 0.393577367 0.709339201
v 0.569852114 0.401508063 0.71393168
v 0.568408608 0.409490317 0.715102136
v 0.565867901 0.417188376 0.714701772
v 0.562454462 0.424443722 0.713006079
v 0.560782194 0.43245697 0.714837909
v 0.556783795 0.439411193 0.712711692
v 0.551086187 0.444911331 0.707375526
v 0.544394612 0.448860556 0.699837089
v 0.572734296 0.376367152 0.697660804
v 0.572592735 0.384254128 0.69981271
v 0.572990179 0.391877472 0.702884674
v 0.574398577 0.399530351 0.707677305
v 0.574636519 0.40746218 0.711122751
v 0.573053122 0.415314227 0.712143362
v 0.56955117 0.422598541 0.710390389
v 0.567031741 0.430069417 0.710379481
v 0.564118028 0.437453002 0.710006535
v 0.560035467 0.444200099 0.707896352
v 0.553686321 0.448935539 0.701766074
v 0.546138108 0.451665074 0.693076193
v 0.576819241 0.375039876 0.692143202
v 0.576315522 0.382855356 0.693731904
v 0.57631129 0.390324384 0.696017683
v 0.577186704 0.397691667 0.699588239
v 0.578296602 0.405292332 0.703716218
v 0.577669799 0.412995487 0.705795467
v 0.576811433 0.4208152 0.707792997
v 0.574274182 0.428269744 0.707644522
v 0.572445452 0.436122656 0.708754241
v 0.568541646 0.443052173 0.706975222
v 0.563390017 0.449018121 0.703341782
v 0.556721985 0.453314871 0.697169662
v 0.548831522 0.455503076 0.688589692
v 0.579318881 0.374227703 0.685133636
v 0.579393506 0.381625563 0.687268615
v 0.580105305 0.388762891 0.690170646
v 0.580310106 0.395964861 0.692620397
v 0.580407202 0.403213352 0.695076764
v 0.581546068 0.41073373 0.698958397
v 0.583173573 0.418806255 0.70372051
v 0.581202984 0.426384449 0.704230845
v 0.578013837 0.433532119 0.703284919
v 0.574751735 0.440589845 0.702340662
v 0.570665836 0.447150469 0.700369954
v 0.565588593 0.452881008 0.697042763
v 0.558357477 0.456326395 0.690412283
v 0.551282942 0.459054589 0.683758259
v 0.58124733 0.373601109 0.678051114
v 0.582066298 0.380512804 0.680761933
v 0.583269119 0.387328267 0.683906376
v 0.583761513 0.39429912 0.686427951
v 0.583428502 0.40133217 0.688177109
v 0.583759248 0.408455342 0.690728009
v 0.584228098 0.415831983 0.693579197
v 0.583589375 0.423253983 0.695358098
v 0.582160115 0.430642903 0.696374297
v 0.579016864 0.437443435 0.695474744
v 0.575553656 0.444036901 0.69424665
v 0.571570218 0.450274259 0.692428589
v 0.566856027 0.455889285 0.689705551
v 0.56008172 0.459358066 0.684135914
v 0.553586125 0.462424785 0.678772211
v 0.584234178 0.372630626 0.672344387
v 0.585119009 0.379326522 0.674915195
v 0.586420774 0.385929018 0.677878857
v 0.587034225 0.392699093 0.680286288
v 0.58685559 0.399549454 0.682014883
v 0.586366296 0.406402797 0.683496892
v 0.585864723 0.413305253 0.685026646
v 0.585018456 0.420251906 0.686288714
v 0.585142732 0.427664548 0.688650727
v 0.582956195 0.434534013 0.688716471
v 0.57929939 0.440740168 0.687240183
v 0.576060116 0.447086602 0.68624568
v 0.57366091 0.454105258 0.68629992
v 0.568052888 0.458732575 0.682632327
v 0.561344862 0.461877286 0.677499354
v 0.555211365 0.464989334 0.672933042
v 0.587475896 0.371577322 0.666992426
v 0.588775992 0.378000259 0.669694781
v 0.59045887 0.384400249 0.672712207
v 0.591362298 0.391035348 0.675155878
v 0.590035141 0.397831529 0.675776958
v 0.588783979 0.404471546 0.676447511
v 0.588028014 0.411086351 0.677555442
v 0.586966038 0.417688608 0.678424537
v 0.586220682 0.424447775 0.679627359
v 0.585287571 0.431327969 0.680727959
v 0.582842588 0.437759012 0.680451453
v 0.5799492 0.443992496 0.679765701
v 0.577372789 0.45047152 0.679440737
v 0.575109124 0.457384139 0.679527819
v 0.569896877 0.46206668 0.676526845
v 0.563131511 0.464883745 0.671710432
v 0.556530416 0.467172623 0.66690135
v 0.590477228 0.370602131 0.661527872
v 0.591377199 0.37694186 0.663710475
v 0.592861176 0.383168697 0.666283786
v 0.594637036 0.389489055 0.669111609
v 0.594221473 0.396120995 0.670367539
v 0.591728151 0.402662009 0.670041978
v 0.590436101 0.409051508 0.670599163
v 0.589215159 0.415402383 0.671210945
v 0.587962925 0.421757132 0.671809793
v 0.587327123 0.428374261 0.672947943
v 0.585549414 0.434750289 0.673174858
v 0.58409375 0.44138819 0.673719287
v 0.581759751 0.447747022 0.673542678
v 0.578789651 0.45382303 0.672827125
v 0.575185418 0.459500611 0.671545446
v 0.570231318 0.463989824 0.668960929
v 0.563439727 0.466323376 0.66446203
v 0.557900727 0.46939981 0.661101997
v 0.594080508 0.369431347 0.656460643
v 0.594983339 0.375632703 0.658437371
v 0.596253514 0.381771356 0.660603285
v 0.597500801 0.388011545 0.662778616
v 0.596726358 0.394508213 0.663657784
v 0.59504658 0.4009161 0.663914502
v 0.593914628 0.407209754 0.664516151
v 0.592390954 0.413407326 0.664837182
v 0.590494692 0.419475228 0.664883018
v 0.589263201 0.425674945 0.665404737
v 0.58832401 0.432065308 0.666165769
v 0.587299585 0.438603282 0.666904151
v 0.584747076 0.444574624 0.666499078
v 0.581366539 0.450076699 0.665440142
v 0.577810764 0.455394894 0.664226174
v 0.573498964 0.460050076 0.662363946
v 0.56865257 0.464040846 0.66000098
v 0.564271927 0.468259513 0.65800184
v 0.559664309 0.472090811 0.655768514
v 0.5 0.392601907 0.735423684
v 0.5 0.38493228 0.736316979
v 0.50717479 0.390124768 0.73208952
v 0.5 0.377052248 0.737327933
v 0.507446885 0.382360369 0.733036518
v 0.513990283 0.387885481 0.728577435
v 0.5 0.369895965 0.733950496
v 0.507618964 0.37477389 0.732093394
v 0.514403999 0.380174607 0.728634477
v 0.520459652 0.385774851 0.724903643
v 0.5 0.36275053 0.731254578
v 0.507643759 0.367807686 0.728594184
v 0.51489377 0.372284532 0.729225874
v 0.520981967 0.378079087 0.724621892
v 0.526686251 0.38373518 0.72145617
v 0.5 0.357080996 0.724498808
v 0.507701993 0.3608841 0.725709975
v 0.514726102 0.36577788 0.724083126
v 0.521257281 0.370741844 0.722771168
v 0.526972294 0.376317412 0.719542205
v 0.532740831 0.381743699 0.718200207
v 0.5 0.353682697 0.713512957
v 0.507711411 0.354358852 0.722055554
v 0.514671266 0.359367102 0.719990671
v 0.521173894 0.36414513 0.71882844
v 0.527061045 0.369343996 0.716689229
v 0.532802939 0.374504983 0.715390801
v 0.538694084 0.379776031 0.715124249
v 0.5 0.3499749 0.705487728
v 0.507343709 0.350540817 0.712601721
v 0.5146029 0.353251249 0.715839744
v 0.520984173 0.358065248 0.714329541
v 0.52694726 0.362910271 0.712933898
v 0.532821894 0.367651343 0.712357402
v 0.538742423 0.372519255 0.712343752
v 0.544640779 0.377795637 0.712279022
v 0.5 0.34531337 0.700533092
v 0.507066309 0.346750945 0.70488137
v 0.514076889 0.34901318 0.708194852
v 0.520507872 0.35295701 0.708355546
v 0.526492953 0.35732621 0.707775176
v 0.532475293 0.361525685 0.708031058
v 0.538753331 0.365648776 0.709343255
v 0.544804275 0.370419413 0.709819496
v 0.550443351 0.375878841 0.709174156
v 0.5 0.340228885 0.696711659
v 0.507015288 0.341575086 0.700716138
v 0.513835132 0.344175011 0.702914238
v 0.520371556 0.347398221 0.70424521
v 0.526318491 0.351630598 0.703774691
v 0.532345235 0.355480582 0.704388261
v 0.538538516 0.359316438 0.705609322
v 0.545085192 0.363269597 0.707470357
v 0.55104506 0.368206263 0.707609236
v 0.556550741 0.373818159 0.706661284
v 0.5 0.336021483 0.691744924
v 0.506917238 0.336948156 0.695924699
v 0.51379174 0.338721663 0.699150443
v 0.520466387 0.341362357 0.701272011
v 0.526670277 0.345076263 0.701753855
v 0.532612681 0.349056005 0.701917529
v 0.538894951 0.352604687 0.703304827
v 0.545054972 0.356642395 0.704207659
v 0.551607966 0.360771805 0.705704987
v 0.557970047 0.365606189 0.706403673
v 0.563174009 0.371535063 0.704788446
v 0.5 0.330998212 0.688119054
v 0.506836653 0.332301855 0.691429913
v 0.513674378 0.33369869 0.694837093
v 0.520582497 0.3352772 0.698292971
v 0.527027369 0.3384642 0.69956702
v 0.533009768 0.342456728 0.699668109
v 0.539010167 0.346307039 0.700180888
v 0.545387864 0.349872828 0.701596618
v 0.551261663 0.35430938 0.70172888
v 0.557069659 0.359081596 0.701631129
v 0.564209104 0.36345014 0.703504324
v 0.568434358 0.369871885 0.700473726
v 0.5 0.328841627 0.681184173
v 0.506778419 0.327509493 0.687247932
v 0.513293803 0.330159932 0.688742638
v 0.520114303 0.331166565 0.692483366
v 0.526534796 0.333889097 0.694149852
v 0.532992542 0.336621314 0.695991158
v 0.539574862 0.339437604 0.697991967
v 0.545504928 0.343478233 0.698285818
v 0.551827788 0.347260833 0.699337721
v 0.557059526 0.352344811 0.698253989
v 0.56275481 0.35721153 0.697954059
v 0.569061458 0.362075418 0.698348284
v 0.573105752 0.368458748 0.69541204
v 0.5 0.327729672 0.67378515
v 0.506424189 0.3261787 0.679353595
v 0.512877822 0.3270998 0.68252331
v 0.519167602 0.329090536 0.684607744
v 0.525781691 0.330266148 0.687841654
v 0.533067524 0.330670834 0.692416251
v 0.539579451 0.333450288 0.694181323
v 0.545391977 0.337523222 0.694274664
v 0.551362693 0.341449767 0.694736183
v 0.557340384 0.34558773 0.695107102
v 0.562278867 0.350834846 0.693747818
v 0.567384243 0.356033087 0.69267571
v 0.572914362 0.361207873 0.692067444
v 0.577440798 0.367179632 0.69007045
v 0.5 0.32607165 0.667561829
v 0.506125093 0.324639678 0.672395349
v 0.512409389 0.324635983 0.67608875
v 0.518808901 0.325165868 0.679435611
v 0.525100768 0.326754183 0.68182534
v 0.532048643 0.32721597 0.685709774
v 0.539036274 0.328538358 0.688912868
v 0.545072258 0.332022816 0.689642906
v 0.551686525 0.334913105 0.691346943
v 0.557641268 0.338948816 0.691679478
v 0.56307596 0.343674153 0.691137135
v 0.566974878 0.349686831 0.688524365
v 0.571339309 0.355237812 0.686700046
v 0.575272918 0.361070395 0.684420466
v 0.578789592 0.367135763 0.681739151
v 0.5 0.324033767 0.662074685
v 0.505841017 0.323267847 0.665817678
v 0.512010515 0.322013319 0.670184851
v 0.518370628 0.321717471 0.673917413
v 0.524868608 0.322094023 0.677221835
v 0.53149575 0.322977006 0.680230141
v 0.53791362 0.324971437 0.682262719
v 0.54472822 0.326719284 0.684764266
v 0.55120492 0.329522431 0.686265945
v 0.557601511 0.332798779 0.687386394
v 0.563041329 0.337379426 0.686951041
v 0.567626119 0.342771202 0.685412765
v 0.571328104 0.348740518 0.682939529
v 0.574898124 0.354631275 0.680495381
v 0.577949822 0.360705912 0.67764312
v 0.580958426 0.366716355 0.674863577
v 0.5 0.321503341 0.657205582
v 0.505646229 0.320958465 0.660387039
v 0.511563182 0.319938183 0.664080143
v 0.517855823 0.318770945 0.668091774
v 0.524383128 0.31831792 0.67172569
v 0.531142294 0.318375409 0.675130129
v 0.537572086 0.320076108 0.67719841
v 0.54379797 0.322577715 0.678605795
v 0.550917745 0.324027747 0.681258678
v 0.557471514 0.326886415 0.682626605
v 0.562456071 0.331848681 0.681687057
v 0.567735732 0.336441129 0.681191981
v 0.571834207 0.342072368 0.679356217
v 0.574869752 0.348311782 0.6765486
v 0.57749176 0.354542494 0.673551738
v 0.580982983 0.360123515 0.671504021
v 0.583995163 0.365923673 0.66907239
v 0.5 0.318392545 0.652819097
v 0.505541801 0.317444086 0.655939281
v 0.511308908 0.316668242 0.659068465
v 0.517345965 0.31597057 0.662280262
v 0.523891032 0.314679414 0.666118026
v 0.530747354 0.313947827 0.669747293
v 0.537249088 0.315206498 0.671939075
v 0.54313314 0.318173796 0.67275399
v 0.549454629 0.320525914 0.674178004
v 0.555630624 0.323430955 0.675188839
v 0.561442137 0.327053457 0.675579131
v 0.5667243 0.331397712 0.675269365
v 0.571373999 0.336373657 0.67426908
v 0.575403094 0.341801405 0.672698975
v 0.577751577 0.348258555 0.669691145
v 0.580397844 0.354211181 0.667155743
v 0.583977222 0.359536171 0.665471792
v 0.587421119 0.364967316 0.663668394
v 0.5 0.315375477 0.648349702
v 0.505468428 0.313396692 0.651716709
v 0.511173666 0.312498957 0.654574156
v 0.517018974 0.312369734 0.657052577
v 0.523287594 0.311551422 0.66010046
v 0.530115545 0.310266078 0.663646936
v 0.536540091 0.31130296 0.665705025
v 0.542705238 0.313428432 0.667038023
v 0.548930407 0.315744251 0.668289661
v 0.554764688 0.318951309 0.668874681
v 0.560739458 0.322125584 0.669538796
v 0.565901518 0.326434582 0.669223309
v 0.570571959 0.331235349 0.668426991
v 0.574691653 0.336455017 0.66716671
v 0.577665269 0.342421025 0.665009379
v 0.580818176 0.34801504 0.663140297
v 0.584083736 0.353410035 0.661433518
v 0.587083519 0.358879626 0.659576714
v 0.590281665 0.364233732 0.657870948
v 0.492977619 0.39771831 0.735149682
v 0.485878736 0.39541173 0.734297752
v 0.492486656 0.389658779 0.738339663
v 0.479428768 0.393316001 0.729379117
v 0.4854092 0.387366652 0.734100997
v 0.492340177 0.381854534 0.736856461
v 0.473676145 0.391446859 0.723108947
v 0.47918871 0.385531068 0.72705096
v 0.485140771 0.379548043 0.732706308
v 0.492079347 0.373770356 0.737352312
v 0.467837602 0.389549792 0.71912843
v 0.473247766 0.383695096 0.721756518
v 0.478594929 0.377637506 0.727136791
v 0.484874904 0.371853471 0.731237531
v 0.492186517 0.367088526 0.73146832
v 0.462238699 0.387730598 0.715158284
v 0.467284918 0.381758004 0.718107224
v 0.472741127 0.376066148 0.720812857
v 0.478145003 0.369919151 0.726226985
v 0.485280812 0.365793854 0.72402519
v 0.492269903 0.360740483 0.726171613
v 0.457926393 0.386329442 0.708413482
v 0.462162226 0.380222082 0.712577283
v 0.467379749 0.374646693 0.714748204
v 0.472450107 0.368790567 0.71879828
v 0.478836298 0.364162445 0.71877104
v 0.485523671 0.359908313 0.718391776
v 0.492642909 0.356472671 0.716401517
v 0.454051971 0.385070562 0.701874316
v 0.458102077 0.379155517 0.705382466
v 0.462538362 0.37342602 0.708630025
v 0.467428356 0.367897749 0.711500645
v 0.473057508 0.362916857 0.712913871
v 0.479386926 0.358807743 0.712304294
v 0.486050516 0.355349451 0.710639179
v 0.49295789 0.352590084 0.707935631
v 0.44958657 0.383619666 0.697445989
v 0.453811646 0.377907187 0.699968278
v 0.458078653 0.372319072 0.702754498
v 0.462735295 0.366966784 0.705143034
v 0.468046904 0.362144113 0.706293285
v 0.473850101 0.357879072 0.706378222
v 0.480228007 0.354647636 0.704460323
v 0.486523956 0.351197302 0.703559399
v 0.493156463 0.348445982 0.701542497
v 0.445083708 0.382156581 0.693429172
v 0.448912889 0.3763403 0.696359992
v 0.453793854 0.371214509 0.697410762
v 0.458612204 0.366278261 0.698657572
v 0.463706255 0.36168474 0.69945699
v 0.469039828 0.357386976 0.699916065
v 0.475169301 0.354366958 0.697902262
v 0.480756283 0.35031563 0.698462665
v 0.486780137 0.346667081 0.698319733
v 0.493272096 0.34399268 0.696548462
v 0.442222357 0.381226867 0.687117934
v 0.445502788 0.375434101 0.690401256
v 0.449465543 0.37000984 0.692759633
v 0.455028296 0.365810126 0.692115068
v 0.45987007 0.361378521 0.692817032
v 0.465313792 0.357731998 0.692124426
v 0.47065708 0.354165047 0.691693902
v 0.476076454 0.350738019 0.691263318
v 0.481175721 0.346076131 0.693130553
v 0.487047642 0.342465967 0.693092048
v 0.4933047 0.33899194 0.692815423
v 0.439724386 0.380415231 0.680940509
v 0.442195565 0.374540001 0.684873044
v 0.446560323 0.369570196 0.686149716
v 0.451350063 0.365111411 0.686641037
v 0.456361204 0.361098737 0.686603844
v 0.461752981 0.357756376 0.685612798
v 0.46691516 0.354462594 0.684961319
v 0.471797466 0.35084042 0.685145974
v 0.476632029 0.3468045 0.686072111
v 0.481748074 0.342620343 0.687141657
v 0.487318963 0.338534355 0.68792063
v 0.493459553 0.335265189 0.687427998
v 0.437394083 0.379658073 0.675107896
v 0.440505683 0.374317914 0.677654266
v 0.4439013 0.369182676 0.679895043
v 0.448875844 0.365132987 0.679805696
v 0.453727424 0.361347228 0.679684281
v 0.45840919 0.357673287 0.679720104
v 0.463389993 0.35452503 0.679074526
v 0.468082011 0.35115701 0.679029584
v 0.47259599 0.347362787 0.67972362
v 0.477241457 0.343307972 0.680737793
v 0.482613236 0.340519369 0.679918766
v 0.48797071 0.336829841 0.680268645
v 0.493738443 0.333092064 0.680529654
v 0.434368581 0.378675044 0.670459926
v 0.437589526 0.373536527 0.672595739
v 0.441561103 0.368898064 0.673796833
v 0.445972234 0.364739031 0.674313307
v 0.450678498 0.361056596 0.674250305
v 0.455390424 0.357662946 0.673997819
v 0.459851474 0.354230344 0.674056828
v 0.464457333 0.351079702 0.673820674
v 0.468875229 0.34766981 0.674061179
v 0.473255694 0.343935937 0.674737453
v 0.47810185 0.340782136 0.674598098
v 0.483175486 0.337776423 0.674246311
v 0.488393486 0.334324628 0.674346507
v 0.494006574 0.331177473 0.673981071
v 0.430747032 0.377498329 0.666548133
v 0.434445083 0.372645736 0.668014765
v 0.438276321 0.368068635 0.669231415
v 0.442823499 0.364116192 0.669495583
v 0.447270989 0.360381782 0.669703424
v 0.451915711 0.357055783 0.669485152
v 0.456189454 0.353594095 0.669689834
v 0.460664958 0.350465566 0.66952461
v 0.46519509 0.347509265 0.669226527
v 0.469591588 0.344337702 0.669261634
v 0.474090695 0.341167241 0.669286668
v 0.478692353 0.337834865 0.669451177
v 0.483616501 0.334834158 0.669176221
v 0.488764614 0.331792414 0.668865621
v 0.494219691 0.328921914 0.668282509
v 0.428121179 0.376645118 0.661758184
v 0.430459321 0.37140274 0.664310217
v 0.435197502 0.367325932 0.664554119
v 0.439394981 0.363282323 0.665142417
v 0.443434089 0.35934338 0.665783703
v 0.44820559 0.35616377 0.665428102
v 0.452556729 0.352869749 0.665448487
v 0.456800818 0.349599391 0.665547669
v 0.461392015 0.346860617 0.66505301
v 0.465884209 0.344108552 0.664659679
v 0.470351428 0.341332555 0.664333105
v 0.474789798 0.338357061 0.66421771
v 0.479335308 0.335276514 0.664161384
v 0.484086931 0.332207888 0.664016366
v 0.489111155 0.329320788 0.663610935
v 0.494403601 0.326509088 0.663038313
v 0.426147014 0.376003683 0.656593561
v 0.427977204 0.370774329 0.659231901
v 0.431588918 0.366308331 0.660410047
v 0.435709357 0.362281471 0.661029816
v 0.439851522 0.3584705 0.661507368
v 0.444235504 0.355027258 0.661616027
v 0.448543668 0.351713717 0.661692142
v 0.45295015 0.348657906 0.661550999
v 0.457318753 0.345701426 0.661376774
v 0.46188727 0.343134373 0.66083616
v 0.466415018 0.34063378 0.660286427
v 0.470874339 0.33804816 0.659851074
v 0.47532025 0.335321724 0.659542501
v 0.479863226 0.33255434 0.659232497
v 0.484524399 0.32961446 0.659007251
v 0.489400864 0.326632112 0.658725083
v 0.49457705 0.324107856 0.657981813
v 0.424177766 0.375363827 0.65160656
v 0.426211923 0.370425165 0.653744876
v 0.429295599 0.365927339 0.655130625
v 0.432548344 0.361581087 0.656350136
v 0.436258614 0.357579172 0.657143712
v 0.440119863 0.35378024 0.6577456
v 0.444303095 0.35034731 0.657970667
v 0.448500872 0.347050279 0.658110082
v 0.45296368 0.344155997 0.657875121
v 0.457392216 0.341355413 0.657603621
v 0.462027609 0.338978708 0.656970918
v 0.466679335 0.336790383 0.6562168
v 0.471225023 0.334500164 0.655584872
v 0.475711644 0.332029939 0.655103862
v 0.480231494 0.329410046 0.654712021
v 0.484842509 0.326583266 0.654420257
v 0.489634007 0.323631167 0.654136002
v 0.494690388 0.32092312 0.653583109
v 0.422199309 0.374720991 0.646749914
v 0.424134254 0.369941235 0.648635983
v 0.426453561 0.365269393 0.650322795
v 0.429498076 0.360933959 0.651519358
v 0.432811052 0.356780797 0.652503073
v 0.43608883 0.352617443 0.65350914
v 0.439931065 0.348895252 0.654032171
v 0.444104254 0.345535666 0.654213667
v 0.44844082 0.342444867 0.654176354
v 0.452825904 0.339517802 0.654027343
v 0.457160413 0.336599767 0.653895736
v 0.461934686 0.334453315 0.653144598
v 0.466758102 0.332612514 0.65220046
v 0.471421748 0.330629885 0.651404619
v 0.475977004 0.328421414 0.650783837
v 0.480507523 0.325968832 0.650314093
v 0.485095829 0.32326445 0.64996618
v 0.489809453 0.320207596 0.649770141
v 0.494829863 0.318138927 0.648886502
v 0.488466531 0.403747439 0.731227279
v 0.484051704 0.409624547 0.729419231
v 0.481214613 0.401606798 0.730996072
v 0.479687274 0.415413588 0.727813601
v 0.476546079 0.407620639 0.729451597
v 0.474426091 0.399467885 0.728218675
v 0.475677162 0.42087701 0.724574268
v 0.47230643 0.413355827 0.726273954
v 0.469638944 0.405491918 0.726717293
v 0.468519121 0.397445381 0.722748101
v 0.471517086 0.426429838 0.722521305
v 0.468553245 0.418684036 0.721824765
v 0.465815902 0.411107093 0.722017407
v 0.46428299 0.403303444 0.719460964
v 0.463060707 0.395559072 0.717312276
v 0.468398094 0.430954039 0.716642678
v 0.465599716 0.423330218 0.715445995
v 0.462790757 0.41612947 0.715728223
v 0.460942805 0.408704907 0.714188099
v 0.459727436 0.401305377 0.71191144
v 0.458669841 0.393895358 0.710159659
v 0.465568274 0.435103118 0.710730791
v 0.462640256 0.427796602 0.710135818
v 0.459926158 0.420786053 0.71006453
v 0.457930595 0.413669169 0.708962381
v 0.456666708 0.406542182 0.706844985
v 0.455462247 0.399496436 0.705342472
v 0.454665959 0.392374635 0.703522205
v 0.462919027 0.438994676 0.705066502
v 0.460022062 0.431872815 0.704581082
v 0.457336813 0.425074905 0.704484403
v 0.455216974 0.418245077 0.70375663
v 0.453832418 0.411368638 0.70201695
v 0.452762991 0.404595762 0.700203776
v 0.451736987 0.397841454 0.698816359
v 0.450649977 0.390910715 0.697975993
v 0.460047573 0.44307372 0.700553954
v 0.457263142 0.435961425 0.699943244
v 0.454801977 0.429159403 0.699399829
v 0.452579111 0.422565669 0.698967338
v 0.450738102 0.416006148 0.698254406
v 0.449583173 0.409392029 0.696644485
v 0.448519856 0.402854353 0.695279658
v 0.447465211 0.396256238 0.694240689
v 0.446522683 0.389461935 0.693288743
v 0.458037913 0.446177602 0.69435972
v 0.45485568 0.439679474 0.694875896
v 0.452028751 0.43328777 0.695208848
v 0.449736834 0.426835597 0.694955111
v 0.447689027 0.420472443 0.694646001
v 0.446125686 0.414059997 0.693810701
v 0.444971621 0.40763846 0.692583919
v 0.444105268 0.401214153 0.691161633
v 0.443395883 0.394738138 0.689735711
v 0.442722917 0.388103038 0.688467562
v 0.455937713 0.449335903 0.688883722
v 0.452226609 0.443537891 0.690549195
v 0.449028701 0.437519431 0.691597819
v 0.445753545 0.431682199 0.693063974
v 0.444249719 0.42500639 0.691797972
v 0.442016691 0.418839902 0.692026913
v 0.441281646 0.412311733 0.6901353
v 0.440074682 0.405996382 0.689217389
v 0.439423859 0.399624825 0.687669516
v 0.438987017 0.393219113 0.685999155
v 0.439024866 0.386785358 0.683835149
v 0.45413959 0.452119887 0.683194101
v 0.450105011 0.446889341 0.685467064
v 0.446452349 0.441399574 0.687289834
v 0.4433164 0.435598403 0.688463449
v 0.440185338 0.42982161 0.689790487
v 0.438189656 0.423524916 0.689579666
v 0.436665177 0.417164117 0.688880205
v 0.435030222 0.410873204 0.688496411
v 0.434719265 0.404417068 0.686474442
v 0.435147285 0.398066759 0.683674097
v 0.435800493 0.391868383 0.680776834
v 0.436618984 0.385772675 0.677842915
v 0.451841474 0.455450863 0.678650975
v 0.448304594 0.449888349 0.680085659
v 0.444303781 0.44489789 0.682402194
v 0.441089422 0.43930155 0.683671355
v 0.43751955 0.433923334 0.685539961
v 0.434883118 0.427987158 0.68621105
v 0.4327434 0.421852976 0.686331034
v 0.431272447 0.41554144 0.685707808
v 0.430480152 0.409153372 0.684365988
v 0.431244314 0.402751654 0.681300938
v 0.431760252 0.396577001 0.678700686
v 0.432756275 0.390575081 0.675692916
v 0.433777928 0.384684503 0.672789335
v 0.449165553 0.459214777 0.674724579
v 0.445685536 0.45365414 0.676056802
v 0.4422988 0.448229939 0.677420139
v 0.438498586 0.443197012 0.679425478
v 0.435311109 0.437701344 0.680695295
v 0.431592822 0.432414323 0.682657599
v 0.430501014 0.425920188 0.681526124
v 0.42936039 0.419652015 0.680588901
v 0.427308679 0.413664907 0.680765033
v 0.42678988 0.40739271 0.679304183
v 0.427775264 0.401156753 0.676338315
v 0.427846611 0.395094067 0.674452364
v 0.429403871 0.389263749 0.671137571
v 0.430372477 0.383475393 0.668520689
v 0.447282583 0.46205014 0.669637024
v 0.443286687 0.457201272 0.671647072
v 0.439808011 0.451943606 0.673087537
v 0.43660894 0.44655785 0.674269855
v 0.43317759 0.441365451 0.67577374
v 0.429830343 0.436048388 0.677199721
v 0.427035093 0.430374056 0.678035676
v 0.426134199 0.424000442 0.676914215
v 0.425044537 0.417855442 0.676079929
v 0.423281431 0.411889136 0.675973773
v 0.423339814 0.405685067 0.674117148
v 0.422876418 0.399602532 0.672828674
v 0.424872875 0.393702149 0.669305682
v 0.426962137 0.388114274 0.665821135
v 0.427870005 0.382489175 0.663484156
v 0.447088152 0.462868661 0.662617862
v 0.442306489 0.459290743 0.665533543
v 0.438105792 0.454956681 0.667767048
v 0.434740216 0.449856073 0.669102788
v 0.430934042 0.445051134 0.670915961
v 0.427803189 0.439725727 0.672035515
v 0.424903035 0.434228092 0.672934055
v 0.422812343 0.428352535 0.67306602
v 0.422504365 0.421973974 0.671574891
v 0.421146512 0.41603902 0.67111361
v 0.421585083 0.409876645 0.669091463
v 0.421123862 0.403974056 0.667921484
v 0.422059298 0.39812535 0.66560322
v 0.424120218 0.392558813 0.662425339
v 0.425420284 0.387144476 0.659952462
v 0.425887644 0.381641239 0.658185005
v 0.446067423 0.464640111 0.656914413
v 0.441658229 0.460990876 0.65928334
v 0.437340438 0.457088411 0.661529601
v 0.434096485 0.452153087 0.662718296
v 0.430246532 0.447648972 0.664480805
v 0.426728338 0.442789346 0.66591388
v 0.423193365 0.437801361 0.667336762
v 0.419773847 0.432587862 0.668625772
v 0.419335067 0.426209599 0.667388022
v 0.419800133 0.419837117 0.665478349
v 0.419500679 0.413897991 0.664260507
v 0.419781566 0.408029497 0.662629843
v 0.419841856 0.402327359 0.66121459
v 0.421167672 0.396756619 0.658882678
v 0.42278716 0.391427577 0.656394839
v 0.423771203 0.386187762 0.654417455
v 0.423933685 0.380810976 0.653038681
v 0.444785029 0.466712415 0.651610911
v 0.440763503 0.462910086 0.653460264
v 0.436827272 0.458928168 0.655215502
v 0.433431417 0.454387218 0.656489074
v 0.429880142 0.449919283 0.657884717
v 0.426398546 0.445297599 0.659202158
v 0.423467875 0.440253764 0.660060823
v 0.421063185 0.43490532 0.660503209
v 0.419038951 0.429392278 0.660657167
v 0.418021083 0.423579752 0.660074413
v 0.417509377 0.417752653 0.659151673
v 0.41760087 0.411957383 0.657833934
v 0.417832941 0.406308025 0.656455457
v 0.418190598 0.400788873 0.6550228
v 0.419036508 0.395403981 0.653293967
v 0.420750886 0.390257388 0.651036441
v 0.421610177 0.385157019 0.649363518
v 0.421797663 0.379941523 0.648117959
g 
f 3 1 2
f 5 2 4
f 6 3 5
f 8 4 7
f 9 5 8
f 10 6 9
f 12 7 11
f 13 8 12
f 14 9 13
f 15 10 14
f 17 11 16
f 18 12 17
f 19 13 18
f 20 14 19
f 21 15 20
f 23 16 22
f 24 17 23
f 25 18 24
f 26 19 25
f 27 20 26
f 28 21 27
f 30 22 29
f 31 23 30
f 32 24 31
f 33 25 32
f 34 26 33
f 35 27 34
f 36 28 35
f 38 29 37
f 39 30 38
f 40 31 39
f 41 32 40
f 42 33 41
f 43 34 42
f 44 35 43
f 45 36 44
f 47 37 46
f 48 38 47
f 49 39 48
f 50 40 49
f 51 41 50
f 52 42 51
f 53 43 52
f 54 44 53
f 55 45 54
f 57 46 56
f 58 47 57
f 59 48 58
f 60 49 59
f 61 50 60
f 62 51 61
f 63 52 62
f 64 53 63
f 65 54 64
f 66 55 65
f 68 56 67
f 69 57 68
f 70 58 69
f 71 59 70
f 72 60 71
f 73 61 72
f 74 62 73
f 75 63 74
f 76 64 75
f 77 65 76
f 78 66 77
f 80 67 79
f 81 68 80
f 82 69 81
f 83 70 82
f 84 71 83
f 85 72 84
f 86 73 85
f 87 74 86
f 88 75 87
f 89 76 88
f 90 77 89
f 91 78 90
f 93 79 92
f 94 80 93
f 95 81 94
f 96 82 95
f 97 83 96
f 98 84 97
f 99 85 98
f 100 86 99
f 101 87 100
f 102 88 101
f 103 89 102
f 104 90 103
f 105 91 104
f 107 92 106
f 108 93 107
f 109 94 108
f 110 95 109
f 111 96 110
f 112 97 111
f 113 98 112
f 114 99 113
f 115 100 114
f 116 101 115
f 117 102 116
f 118 103 117
f 119 104 118
f 120 105 119
f 122 106 121
f 123 107 122
f 124 108 123
f 125 109 124
f 126 110 125
f 127 111 126
f 128 112 127
f 129 113 128
f 130 114 129
f 131 115 130
f 132 116 131
f 133 117 132
f 134 118 133
f 135 119 134
f 136 120 135
f 138 121 137
f 139 122 138
f 140 123 139
f 141 124 140
f 142 125 141
f 143 126 142
f 144 127 143
f 145 128 144
f 146 129 145
f 147 130 146
f 148 131 147
f 149 132 148
f 150 133 149
f 151 134 150
f 152 135 151
f 153 136 152
f 155 137 154
f 156 138 155
f 157 139 156
f 158 140 157
f 159 141 158
f 160 142 159
f 161 143 160
f 162 144 161
f 163 145 162
f 164 146 163
f 165 147 164
f 166 148 165
f 167 149 166
f 168 150 167
f 169 151 168
f 170 152 169
f 171 153 170
f 173 154 172
f 174 155 173
f 175 156 174
f 176 157 175
f 177 158 176
f 178 159 177
f 179 160 178
f 180 161 179
f 181 162 180
f 182 163 181
f 183 164 182
f 184 165 183
f 185 166 184
f 186 167 185
f 187 168 186
f 188 169 187
f 189 170 188
f 190 171 189
f 192 172 191
f 193 173 192
f 194 174 193
f 195 175 194
f 196 176 195
f 197 177 196
f 198 178 197
f 199 179 198
f 200 180 199
f 201 181 200
f 202 182 201
f 203 183 202
f 204 184 203
f 205 185 204
f 206 186 205
f 207 187 206
f 208 188 207
f 209 189 208
f 210 190 209
f 212 191 211
f 213 192 212
f 214 193 213
f 215 194 214
f 216 195 215
f 217 196 216
f 218 197 217
f 219 198 218
f 220 199 219
f 221 200 220
f 222 201 221
f 223 202 222
f 224 203 223
f 225 204 224
f 226 205 225
f 227 206 226
f 228 207 227
f 229 208 228
f 230 209 229
f 231 210 230
f 3 2 5
f 5 4 8
f 6 5 9
f 8 7 12
f 9 8 13
f 10 9 14
f 12 11 17
f 13 12 18
f 14 13 19
f 15 14 20
f 17 16 23
f 18 17 24
f 19 18 25
f 20 19 26
f 21 20 27
f 23 22 30
f 24 23 31
f 25 24 32
f 26 25 33
f 27 26 34
f 28 27 35
f 30 29 38
f 31 30 39
f 32 31 40
f 33 32 41
f 34 33 42
f 35 34 43
f 36 35 44
f 38 37 47
f 39 38 48
f 40 39 49
f 41 40 50
f 42 41 51
f 43 42 52
f 44 43 53
f 45 44 54
f 47 46 57
f 48 47 58
f 49 48 59
f 50 49 60
f 51 50 61
f 52 51 62
f 53 52 63
f 54 53 64
f 55 54 65
f 57 56 68
f 58 57 69
f 59 58 70
f 60 59 71
f 61 60 72
f 62 61 73
f 63 62 74
f 64 63 75
f 65 64 76
f 66 65 77
f 68 67 80
f 69 68 81
f 70 69 82
f 71 70 83
f 72 71 84
f 73 72 85
f 74 73 86
f 75 74 87
f 76 75 88
f 77 76 89
f 78 77 90
f 80 79 93
f 81 80 94
f 82 81 95
f 83 82 96
f 84 83 97
f 85 84 98
f 86 85 99
f 87 86 100
f 88 87 101
f 89 88 102
f 90 89 103
f 91 90 104
f 93 92 107
f 94 93 108
f 95 94 109
f 96 95 110
f 97 96 111
f 98 97 112
f 99 98 113
f 100 99 114
f 101 100 115
f 102 101 116
f 103 102 117
f 104 103 118
f 105 104 119
f 107 106 122
f 108 107 123
f 109 108 124
f 110 109 125
f 111 110 126
f 112 111 127
f 113 112 128
f 114 113 129
f 115 114 130
f 116 115 131
f 117 116 132
f 118 117 133
f 119 118 134
f 120 119 135
f 122 121 138
f 123 122 139
f 124 123 140
f 125 124 141
f 126 125 142
f 127 126 143
f 128 127 144
f 129 128 145
f 130 129 146
f 131 130 147
f 132 131 148
f 133 132 149
f 134 133 150
f 135 134 151
f 136 135 152
f 138 137 155
f 139 138 156
f 140 139 157
f 141 140 158
f 142 141 159
f 143 142 160
f 144 143 161
f 145 144 162
f 146 145 163
f 147 146 164
f 148 147 165
f 149 148 166
f 150 149 167
f 151 150 168
f 152 151 169
f 153 152 170
f 155 154 173
f 156 155 174
f 157 156 175
f 158 157 176
f 159 158 177
f 160 159 178
f 161 160 179
f 162 161 180
f 163 162 181
f 164 163 182
f 165 164 183
f 166 165 184
f 167 166 185
f 168 167 186
f 169 168 187
f 170 169 188
f 171 170 189
f 173 172 192
f 174 173 193
f 175 174 194
f 176 175 195
f 177 176 196
f 178 177 197
f 179 178 198
f 180 179 199
f 181 180 200
f 182 181 201
f 183 182 202
f 184 183 203
f 185 184 204
f 186 185 205
f 187 186 206
f 188 187 207
f 189 188 208
f 190 189 209
f 192 191 212
f 193 192 213
f 194 193 214
f 195 194 215
f 196 195 216
f 197 196 217
f 198 197 218
f 199 198 219
f 200 199 220
f 201 200 221
f 202 201 222
f 203 202 223
f 204 203 224
f 205 204 225
f 206 205 226
f 207 206 227
f 208 207 228
f 209 208 229
f 210 209 230
f 232 1 3
f 233 3 6
f 234 232 233
f 235 6 10
f 236 233 235
f 237 234 236
f 238 10 15
f 239 235 238
f 240 236 239
f 241 237 240
f 242 15 21
f 243 238 242
f 244 239 243
f 245 240 244
f 246 241 245
f 247 21 28
f 248 242 247
f 249 243 248
f 250 244 249
f 251 245 250
f 252 246 251
f 253 28 36
f 254 247 253
f 255 248 254
f 256 249 255
f 257 250 256
f 258 251 257
f 259 252 258
f 260 36 45
f 261 253 260
f 262 254 261
f 263 255 262
f 264 256 263
f 265 257 264
f 266 258 265
f 267 259 266
f 268 45 55
f 269 260 268
f 270 261 269
f 271 262 270
f 272 263 271
f 273 264 272
f 274 265 273
f 275 266 274
f 276 267 275
f 277 55 66
f 278 268 277
f 279 269 278
f 280 270 279
f 281 271 280
f 282 272 281
f 283 273 282
f 284 274 283
f 285 275 284
f 286 276 285
f 287 66 78
f 288 277 287
f 289 278 288
f 290 279 289
f 291 280 290
f 292 281 291
f 293 282 292
f 294 283 293
f 295 284 294
f 296 285 295
f 297 286 296
f 298 78 91
f 299 287 298
f 300 288 299
f 301 289 300
f 302 290 301
f 303 291 302
f 304 292 303
f 305 293 304
f 306 294 305
f 307 295 306
f 308 296 307
f 309 297 308
f 310 91 105
f 311 298 310
f 312 299 311
f 313 300 312
f 314 301 313
f 315 302 314
f 316 303 315
f 317 304 316
f 318 305 317
f 319 306 318
f 320 307 319
f 321 308 320
f 322 309 321
f 323 105 120
f 324 310 323
f 325 311 324
f 326 312 325
f 327 313 326
f 328 314 327
f 329 315 328
f 330 316 329
f 331 317 330
f 332 318 331
f 333 319 332
f 334 320 333
f 335 321 334
f 336 322 335
f 337 120 136
f 338 323 337
f 339 324 338
f 340 325 339
f 341 326 340
f 342 327 341
f 343 328 342
f 344 329 343
f 345 330 344
f 346 331 345
f 347 332 346
f 348 333 347
f 349 334 348
f 350 335 349
f 351 336 350
f 352 136 153
f 353 337 352
f 354 338 353
f 355 339 354
f 356 340 355
f 357 341 356
f 358 342 357
f 359 343 358
f 360 344 359
f 361 345 360
f 362 346 361
f 363 347 362
f 364 348 363
f 365 349 364
f 366 350 365
f 367 351 366
f 368 153 171
f 369 352 368
f 370 353 369
f 371 354 370
f 372 355 371
f 373 356 372
f 374 357 373
f 375 358 374
f 376 359 375
f 377 360 376
f 378 361 377
f 379 362 378
f 380 363 379
f 381 364 380
f 382 365 381
f 383 366 382
f 384 367 383
f 385 171 190
f 386 368 385
f 387 369 386
f 388 370 387
f 389 371 388
f 390 372 389
f 391 373 390
f 392 374 391
f 393 375 392
f 394 376 393
f 395 377 394
f 396 378 395
f 397 379 396
f 398 380 397
f 399 381 398
f 400 382 399
f 401 383 400
f 402 384 401
f 403 190 210
f 404 385 403
f 405 386 404
f 406 387 405
f 407 388 406
f 408 389 407
f 409 390 408
f 410 391 409
f 411 392 410
f 412 393 411
f 413 394 412
f 414 395 413
f 415 396 414
f 416 397 415
f 417 398 416
f 418 399 417
f 419 400 418
f 420 401 419
f 421 402 420
f 422 210 231
f 423 403 422
f 424 404 423
f 425 405 424
f 426 406 425
f 427 407 426
f 428 408 427
f 429 409 428
f 430 410 429
f 431 411 430
f 432 412 431
f 433 413 432
f 434 414 433
f 435 415 434
f 436 416 435
f 437 417 436
f 438 418 437
f 439 419 438
f 440 420 439
f 441 421 440
f 232 3 233
f 233 6 235
f 234 233 236
f 235 10 238
f 236 235 239
f 237 236 240
f 238 15 242
f 239 238 243
f 240 239 244
f 241 240 245
f 242 21 247
f 243 242 248
f 244 243 249
f 245 244 250
f 246 245 251
f 247 28 253
f 248 247 254
f 249 248 255
f 250 249 256
f 251 250 257
f 252 251 258
f 253 36 260
f 254 253 261
f 255 254 262
f 256 255 263
f 257 256 264
f 258 257 265
f 259 258 266
f 260 45 268
f 261 260 269
f 262 261 270
f 263 262 271
f 264 263 272
f 265 264 273
f 266 265 274
f 267 266 275
f 268 55 277
f 269 268 278
f 270 269 279
f 271 270 280
f 272 271 281
f 273 272 282
f 274 273 283
f 275 274 284
f 276 275 285
f 277 66 287
f 278 277 288
f 279 278 289
f 280 279 290
f 281 280 291
f 282 281 292
f 283 282 293
f 284 283 294
f 285 284 295
f 286 285 296
f 287 78 298
f 288 287 299
f 289 288 300
f 290 289 301
f 291 290 302
f 292 291 303
f 293 292 304
f 294 293 305
f 295 294 306
f 296 295 307
f 297 296 308
f 298 91 310
f 299 298 311
f 300 299 312
f 301 300 313
f 302 301 314
f 303 302 315
f 304 303 316
f 305 304 317
f 306 305 318
f 307 306 319
f 308 307 320
f 309 308 321
f 310 105 323
f 311 310 324
f 312 311 325
f 313 312 326
f 314 313 327
f 315 314 328
f 316 315 329
f 317 316 330
f 318 317 331
f 319 318 332
f 320 319 333
f 321 320 334
f 322 321 335
f 323 120 337
f 324 323 338
f 325 324 339
f 326 325 340
f 327 326 341
f 328 327 342
f 329 328 343
f 330 329 344
f 331 330 345
f 332 331 346
f 333 332 347
f 334 333 348
f 335 334 349
f 336 335 350
f 337 136 352
f 338 337 353
f 339 338 354
f 340 339 355
f 341 340 356
f 342 341 357
f 343 342 358
f 344 343 359
f 345 344 360
f 346 345 361
f 347 346 362
f 348 347 363
f 349 348 364
f 350 349 365
f 351 350 366
f 352 153 368
f 353 352 369
f 354 353 370
f 355 354 371
f 356 355 372
f 357 356 373
f 358 357 374
f 359 358 375
f 360 359 376
f 361 360 377
f 362 361 378
f 363 362 379
f 364 363 380
f 365 364 381
f 366 365 382
f 367 366 383
f 368 171 385
f 369 368 386
f 370 369 387
f 371 370 388
f 372 371 389
f 373 372 390
f 374 373 391
f 375 374 392
f 376 375 393
f 377 376 394
f 378 377 395
f 379 378 396
f 380 379 397
f 381 380 398
f 382 381 399
f 383 382 400
f 384 383 401
f 385 190 403
f 386 385 404
f 387 386 405
f 388 387 406
f 389 388 407
f 390 389 408
f 391 390 409
f 392 391 410
f 393 392 411
f 394 393 412
f 395 394 413
f 396 395 414
f 397 396 415
f 398 397 416
f 399 398 417
f 400 399 418
f 401 400 419
f 402 401 420
f 403 210 422
f 404 403 423
f 405 404 424
f 406 405 425
f 407 406 426
f 408 407 427
f 409 408 428
f 410 409 429
f 411 410 430
f 412 411 431
f 413 412 432
f 414 413 433
f 415 414 434
f 416 415 435
f 417 416 436
f 418 417 437
f 419 418 438
f 420 419 439
f 421 420 440
f 442 1 232
f 443 232 234
f 444 442 443
f 445 234 237
f 446 443 445
f 447 444 446
f 448 237 241
f 449 445 448
f 450 446 449
f 451 447 450
f 452 241 246
f 453 448 452
f 454 449 453
f 455 450 454
f 456 451 455
f 457 246 252
f 458 452 457
f 459 453 458
f 460 454 459
f 461 455 460
f 462 456 461
f 463 252 259
f 464 457 463
f 465 458 464
f 466 459 465
f 467 460 466
f 468 461 467
f 469 462 468
f 470 259 267
f 471 463 470
f 472 464 471
f 473 465 472
f 474 466 473
f 475 467 474
f 476 468 475
f 477 469 476
f 478 267 276
f 479 470 478
f 480 471 479
f 481 472 480
f 482 473 481
f 483 474 482
f 484 475 483
f 485 476 484
f 486 477 485
f 487 276 286
f 488 478 487
f 489 479 488
f 490 480 489
f 491 481 490
f 492 482 491
f 493 483 492
f 494 484 493
f 495 485 494
f 496 486 495
f 497 286 297
f 498 487 497
f 499 488 498
f 500 489 499
f 501 490 500
f 502 491 501
f 503 492 502
f 504 493 503
f 505 494 504
f 506 495 505
f 507 496 506
f 508 297 309
f 509 497 508
f 510 498 509
f 511 499 510
f 512 500 511
f 513 501 512
f 514 502 513
f 515 503 514
f 516 504 515
f 517 505 516
f 518 506 517
f 519 507 518
f 520 309 322
f 521 508 520
f 522 509 521
f 523 510 522
f 524 511 523
f 525 512 524
f 526 513 525
f 527 514 526
f 528 515 527
f 529 516 528
f 530 517 529
f 531 518 530
f 532 519 531
f 533 322 336
f 534 520 533
f 535 521 534
f 536 522 535
f 537 523 536
f 538 524 537
f 539 525 538
f 540 526 539
f 541 527 540
f 542 528 541
f 543 529 542
f 544 530 543
f 545 531 544
f 546 532 545
f 547 336 351
f 548 533 547
f 549 534 548
f 550 535 549
f 551 536 550
f 552 537 551
f 553 538 552
f 554 539 553
f 555 540 554
f 556 541 555
f 557 542 556
f 558 543 557
f 559 544 558
f 560 545 559
f 561 546 560
f 562 351 367
f 563 547 562
f 564 548 563
f 565 549 564
f 566 550 565
f 567 551 566
f 568 552 567
f 569 553 568
f 570 554 569
f 571 555 570
f 572 556 571
f 573 557 572
f 574 558 573
f 575 559 574
f 576 560 575
f 577 561 576
f 578 367 384
f 579 562 578
f 580 563 579
f 581 564 580
f 582 565 581
f 583 566 582
f 584 567 583
f 585 568 584
f 586 569 585
f 587 570 586
f 588 571 587
f 589 572 588
f 590 573 589
f 591 574 590
f 592 575 591
f 593 576 592
f 594 577 593
f 595 384 402
f 596 578 595
f 597 579 596
f 598 580 597
f 599 581 598
f 600 582 599
f 601 583 600
f 602 584 601
f 603 585 602
f 604 586 603
f 605 587 604
f 606 588 605
f 607 589 606
f 608 590 607
f 609 591 608
f 610 592 609
f 611 593 610
f 612 594 611
f 613 402 421
f 614 595 613
f 615 596 614
f 616 597 615
f 617 598 616
f 618 599 617
f 619 600 618
f 620 601 619
f 621 602 620
f 622 603 621
f 623 604 622
f 624 605 623
f 625 606 624
f 626 607 625
f 627 608 626
f 628 609 627
f 629 610 628
f 630 611 629
f 631 612 630
f 632 421 441
f 633 613 632
f 634 614 633
f 635 615 634
f 636 616 635
f 637 617 636
f 638 618 637
f 639 619 638
f 640 620 639
f 641 621 640
f 642 622 641
f 643 623 642
f 644 624 643
f 645 625 644
f 646 626 645
f 647 627 646
f 648 628 647
f 649 629 648
f 650 630 649
f 651 631 650
f 442 232 443
f 443 234 445
f 444 443 446
f 445 237 448
f 446 445 449
f 447 446 450
f 448 241 452
f 449 448 453
f 450 449 454
f 451 450 455
f 452 246 457
f 453 452 458
f 454 453 459
f 455 454 460
f 456 455 461
f 457 252 463
f 458 457 464
f 459 458 465
f 460 459 466
f 461 460 467
f 462 461 468
f 463 259 470
f 464 463 471
f 465 464 472
f 466 465 473
f 467 466 474
f 468 467 475
f 469 468 476
f 470 267 478
f 471 470 479
f 472 471 480
f 473 472 481
f 474 473 482
f 475 474 483
f 476 475 484
f 477 476 485
f 478 276 487
f 479 478 488
f 480 479 489
f 481 480 490
f 482 481 491
f 483 482 492
f 484 483 493
f 485 484 494
f 486 485 495
f 487 286 497
f 488 487 498
f 489 488 499
f 490 489 500
f 491 490 501
f 492 491 502
f 493 492 503
f 494 493 504
f 495 494 505
f 496 495 506
f 497 297 508
f 498 497 509
f 499 498 510
f 500 499 511
f 501 500 512
f 502 501 513
f 503 502 514
f 504 503 515
f 505 504 516
f 506 505 517
f 507 506 518
f 508 309 520
f 509 508 521
f 510 509 522
f 511 510 523
f 512 511 524
f 513 512 525
f 514 513 526
f 515 514 527
f 516 515 528
f 517 516 529
f 518 517 530
f 519 518 531
f 520 322 533
f 521 520 534
f 522 521 535
f 523 522 536
f 524 523 537
f 525 524 538
f 526 525 539
f 527 526 540
f 528 527 541
f 529 528 542
f 530 529 543
f 531 530 544
f 532 531 545
f 533 336 547
f 534 533 548
f 535 534 549
f 536 535 550
f 537 536 551
f 538 537 552
f 539 538 553
f 540 539 554
f 541 540 555
f 542 541 556
f 543 542 557
f 544 543 558
f 545 544 559
f 546 545 560
f 547 351 562
f 548 547 563
f 549 548 564
f 550 549 565
f 551 550 566
f 552 551 567
f 553 552 568
f 554 553 569
f 555 554 570
f 556 555 571
f 557 556 572
f 558 557 573
f 559 558 574
f 560 559 575
f 561 560 576
f 562 367 578
f 563 562 579
f 564 563 580
f 565 564 581
f 566 565 582
f 567 566 583
f 568 567 584
f 569 568 585
f 570 569 586
f 571 570 587
f 572 571 588
f 573 572 589
f 574 573 590
f 575 574 591
f 576 575 592
f 577 576 593
f 578 384 595
f 579 578 596
f 580 579 597
f 581 580 598
f 582 581 599
f 583 582 600
f 584 583 601
f 585 584 602
f 586 585 603
f 587 586 604
f 588 587 605
f 589 588 606
f 590 589 607
f 591 590 608
f 592 591 609
f 593 592 610
f 594 593 611
f 595 402 613
f 596 595 614
f 597 596 615
f 598 597 616
f 599 598 617
f 600 599 618
f 601 600 619
f 602 601 620
f 603 602 621
f 604 603 622
f 605 604 623
f 606 605 624
f 607 606 625
f 608 607 626
f 609 608 627
f 610 609 628
f 611 610 629
f 612 611 630
f 613 421 632
f 614 613 633
f 615 614 634
f 616 615 635
f 617 616 636
f 618 617 637
f 619 618 638
f 620 619 639
f 621 620 640
f 622 621 641
f 623 622 642
f 624 623 643
f 625 624 644
f 626 625 645
f 627 626 646
f 628 627 647
f 629 628 648
f 630 629 649
f 631 630 650
f 652 1 442
f 653 442 444
f 654 652 653
f 655 444 447
f 656 653 655
f 657 654 656
f 658 447 451
f 659 655 658
f 660 656 659
f 661 657 660
f 662 451 456
f 663 658 662
f 664 659 663
f 665 660 664
f 666 661 665
f 667 456 462
f 668 662 667
f 669 663 668
f 670 664 669
f 671 665 670
f 672 666 671
f 673 462 469
f 674 667 673
f 675 668 674
f 676 669 675
f 677 670 676
f 678 671 677
f 679 672 678
f 680 469 477
f 681 673 680
f 682 674 681
f 683 675 682
f 684 676 683
f 685 677 684
f 686 678 685
f 687 679 686
f 688 477 486
f 689 680 688
f 690 681 689
f 691 682 690
f 692 683 691
f 693 684 692
f 694 685 693
f 695 686 694
f 696 687 695
f 697 486 496
f 698 688 697
f 699 689 698
f 700 690 699
f 701 691 700
f 702 692 701
f 703 693 702
f 704 694 703
f 705 695 704
f 706 696 705
f 707 496 507
f 708 697 707
f 709 698 708
f 710 699 709
f 711 700 710
f 712 701 711
f 713 702 712
f 714 703 713
f 715 704 714
f 716 705 715
f 717 706 716
f 718 507 519
f 719 707 718
f 720 708 719
f 721 709 720
f 722 710 721
f 723 711 722
f 724 712 723
f 725 713 724
f 726 714 725
f 727 715 726
f 728 716 727
f 729 717 728
f 730 519 532
f 731 718 730
f 732 719 731
f 733 720 732
f 734 721 733
f 735 722 734
f 736 723 735
f 737 724 736
f 738 725 737
f 739 726 738
f 740 727 739
f 741 728 740
f 742 729 741
f 743 532 546
f 744 730 743
f 745 731 744
f 746 732 745
f 747 733 746
f 748 734 747
f 749 735 748
f 750 736 749
f 751 737 750
f 752 738 751
f 753 739 752
f 754 740 753
f 755 741 754
f 756 742 755
f 757 546 561
f 758 743 757
f 759 744 758
f 760 745 759
f 761 746 760
f 762 747 761
f 763 748 762
f 764 749 763
f 765 750 764
f 766 751 765
f 767 752 766
f 768 753 767
f 769 754 768
f 770 755 769
f 771 756 770
f 772 561 577
f 773 757 772
f 774 758 773
f 775 759 774
f 776 760 775
f 777 761 776
f 778 762 777
f 779 763 778
f 780 764 779
f 781 765 780
f 782 766 781
f 783 767 782
f 784 768 783
f 785 769 784
f 786 770 785
f 787 771 786
f 788 577 594
f 789 772 788
f 790 773 789
f 791 774 790
f 792 775 791
f 793 776 792
f 794 777 793
f 795 778 794
f 796 779 795
f 797 780 796
f 798 781 797
f 799 782 798
f 800 783 799
f 801 784 800
f 802 785 801
f 803 786 802
f 804 787 803
f 805 594 612
f 806 788 805
f 807 789 806
f 808 790 807
f 809 791 808
f 810 792 809
f 811 793 810
f 812 794 811
f 813 795 812
f 814 796 813
f 815 797 814
f 816 798 815
f 817 799 816
f 818 800 817
f 819 801 818
f 820 802 819
f 821 803 820
f 822 804 821
f 823 612 631
f 824 805 823
f 825 806 824
f 826 807 825
f 827 808 826
f 828 809 827
f 829 810 828
f 830 811 829
f 831 812 830
f 832 813 831
f 833 814 832
f 834 815 833
f 835 816 834
f 836 817 835
f 837 818 836
f 838 819 837
f 839 820 838
f 840 821 839
f 841 822 840
f 842 631 651
f 843 823 842
f 844 824 843
f 845 825 844
f 846 826 845
f 847 827 846
f 848 828 847
f 849 829 848
f 850 830 849
f 851 831 850
f 852 832 851
f 853 833 852
f 854 834 853
f 855 835 854
f 856 836 855
f 857 837 856
f 858 838 857
f 859 839 858
f 860 840 859
f 861 841 860
f 652 442 653
f 653 444 655
f 654 653 656
f 655 447 658
f 656 655 659
f 657 656 660
f 658 451 662
f 659 658 663
f 660 659 664
f 661 660 665
f 662 456 667
f 663 662 668
f 664 663 669
f 665 664 670
f 666 665 671
f 667 462 673
f 668 667 674
f 669 668 675
f 670 669 676
f 671 670 677
f 672 671 678
f 673 469 680
f 674 673 681
f 675 674 682
f 676 675 683
f 677 676 684
f 678 677 685
f 679 678 686
f 680 477 688
f 681 680 689
f 682 681 690
f 683 682 691
f 684 683 692
f 685 684 693
f 686 685 694
f 687 686 695
f 688 486 697
f 689 688 698
f 690 689 699
f 691 690 700
f 692 691 701
f 693 692 702
f 694 693 703
f 695 694 704
f 696 695 705
f 697 496 707
f 698 697 708
f 699 698 709
f 700 699 710
f 701 700 711
f 702 701 712
f 703 702 713
f 704 703 714
f 705 704 715
f 706 705 716
f 707 507 718
f 708 707 719
f 709 708 720
f 710 709 721
f 711 710 722
f 712 711 723
f 713 712 724
f 714 713 725
f 715 714 726
f 716 715 727
f 717 716 728
f 718 519 730
f 719 718 731
f 720 719 732
f 721 720 733
f 722 721 734
f 723 722 735
f 724 723 736
f 725 724 737
f 726 725 738
f 727 726 739
f 728 727 740
f 729 728 741
f 730 532 743
f 731 730 744
f 732 731 745
f 733 732 746
f 734 733 747
f 735 734 748
f 736 735 749
f 737 736 750
f 738 737 751
f 739 738 752
f 740 739 753
f 741 740 754
f 742 741 755
f 743 546 757
f 744 743 758
f 745 744 759
f 746 745 760
f 747 746 761
f 748 747 762
f 749 748 763
f 750 749 764
f 751 750 765
f 752 751 766
f 753 752 767
f 754 753 768
f 755 754 769
f 756 755 770
f 757 561 772
f 758 757 773
f 759 758 774
f 760 759 775
f 761 760 776
f 762 761 777
f 763 762 778
f 764 763 779
f 765 764 780
f 766 765 781
f 767 766 782
f 768 767 783
f 769 768 784
f 770 769 785
f 771 770 786
f 772 577 788
f 773 772 789
f 774 773 790
f 775 774 791
f 776 775 792
f 777 776 793
f 778 777 794
f 779 778 795
f 780 779 796
f 781 780 797
f 782 781 798
f 783 782 799
f 784 783 800
f 785 784 801
f 786 785 802
f 787 786 803
f 788 594 805
f 789 788 806
f 790 789 807
f 791 790 808
f 792 791 809
f 793 792 810
f 794 793 811
f 795 794 812
f 796 795 813
f 797 796 814
f 798 797 815
f 799 798 816
f 800 799 817
f 801 800 818
f 802 801 819
f 803 802 820
f 804 803 821
f 805 612 823
f 806 805 824
f 807 806 825
f 808 807 826
f 809 808 827
f 810 809 828
f 811 810 829
f 812 811 830
f 813 812 831
f 814 813 832
f 815 814 833
f 816 815 834
f 817 816 835
f 818 817 836
f 819 818 837
f 820 819 838
f 821 820 839
f 822 821 840
f 823 631 842
f 824 823 843
f 825 824 844
f 826 825 845
f 827 826 846
f 828 827 847
f 829 828 848
f 830 829 849
f 831 830 850
f 832 831 851
f 833 832 852
f 834 833 853
f 835 834 854
f 836 835 855
f 837 836 856
f 838 837 857
f 839 838 858
f 840 839 859
f 841 840 860
f 2 1 652
f 862 652 654
f 4 2 862
f 863 654 657
f 864 862 863
f 7 4 864
f 865 657 661
f 866 863 865
f 867 864 866
f 11 7 867
f 868 661 666
f 869 865 868
f 870 866 869
f 871 867 870
f 16 11 871
f 872 666 672
f 873 868 872
f 874 869 873
f 875 870 874
f 876 871 875
f 22 16 876
f 877 672 679
f 878 872 877
f 879 873 878
f 880 874 879
f 881 875 880
f 882 876 881
f 29 22 882
f 883 679 687
f 884 877 883
f 885 878 884
f 886 879 885
f 887 880 886
f 888 881 887
f 889 882 888
f 37 29 889
f 890 687 696
f 891 883 890
f 892 884 891
f 893 885 892
f 894 886 893
f 895 887 894
f 896 888 895
f 897 889 896
f 46 37 897
f 898 696 706
f 899 890 898
f 900 891 899
f 901 892 900
f 902 893 901
f 903 894 902
f 904 895 903
f 905 896 904
f 906 897 905
f 56 46 906
f 907 706 717
f 908 898 907
f 909 899 908
f 910 900 909
f 911 901 910
f 912 902 911
f 913 903 912
f 914 904 913
f 915 905 914
f 916 906 915
f 67 56 916
f 917 717 729
f 918 907 917
f 919 908 918
f 920 909 919
f 921 910 920
f 922 911 921
f 923 912 922
f 924 913 923
f 925 914 924
f 926 915 925
f 927 916 926
f 79 67 927
f 928 729 742
f 929 917 928
f 930 918 929
f 931 919 930
f 932 920 931
f 933 921 932
f 934 922 933
f 935 923 934
f 936 924 935
f 937 925 936
f 938 926 937
f 939 927 938
f 92 79 939
f 940 742 756
f 941 928 940
f 942 929 941
f 943 930 942
f 944 931 943
f 945 932 944
f 946 933 945
f 947 934 946
f 948 935 947
f 949 936 948
f 950 937 949
f 951 938 950
f 952 939 951
f 106 92 952
f 953 756 771
f 954 940 953
f 955 941 954
f 956 942 955
f 957 943 956
f 958 944 957
f 959 945 958
f 960 946 959
f 961 947 960
f 962 948 961
f 963 949 962
f 964 950 963
f 965 951 964
f 966 952 965
f 121 106 966
f 967 771 787
f 968 953 967
f 969 954 968
f 970 955 969
f 971 956 970
f 972 957 971
f 973 958 972
f 974 959 973
f 975 960 974
f 976 961 975
f 977 962 976
f 978 963 977
f 979 964 978
f 980 965 979
f 981 966 980
f 137 121 981
f 982 787 804
f 983 967 982
f 984 968 983
f 985 969 984
f 986 970 985
f 987 971 986
f 988 972 987
f 989 973 988
f 990 974 989
f 991 975 990
f 992 976 991
f 993 977 992
f 994 978 993
f 995 979 994
f 996 980 995
f 997 981 996
f 154 137 997
f 998 804 822
f 999 982 998
f 1000 983 999
f 1001 984 1000
f 1002 985 1001
f 1003 986 1002
f 1004 987 1003
f 1005 988 1004
f 1006 989 1005
f 1007 990 1006
f 1008 991 1007
f 1009 992 1008
f 1010 993 1009
f 1011 994 1010
f 1012 995 1011
f 1013 996 1012
f 1014 997 1013
f 172 154 1014
f 1015 822 841
f 1016 998 1015
f 1017 999 1016
f 1018 1000 1017
f 1019 1001 1018
f 1020 1002 1019
f 1021 1003 1020
f 1022 1004 1021
f 1023 1005 1022
f 1024 1006 1023
f 1025 1007 1024
f 1026 1008 1025
f 1027 1009 1026
f 1028 1010 1027
f 1029 1011 1028
f 1030 1012 1029
f 1031 1013 1030
f 1032 1014 1031
f 191 172 1032
f 1033 841 861
f 1034 1015 1033
f 1035 1016 1034
f 1036 1017 1035
f 1037 1018 1036
f 1038 1019 1037
f 1039 1020 1038
f 1040 1021 1039
f 1041 1022 1040
f 1042 1023 1041
f 1043 1024 1042
f 1044 1025 1043
f 1045 1026 1044
f 1046 1027 1045
f 1047 1028 1046
f 1048 1029 1047
f 1049 1030 1048
f 1050 1031 1049
f 1051 1032 1050
f 211 191 1051
f 2 652 862
f 862 654 863
f 4 862 864
f 863 657 865
f 864 863 866
f 7 864 867
f 865 661 868
f 866 865 869
f 867 866 870
f 11 867 871
f 868 666 872
f 869 868 873
f 870 869 874
f 871 870 875
f 16 871 876
f 872 672 877
f 873 872 878
f 874 873 879
f 875 874 880
f 876 875 881
f 22 876 882
f 877 679 883
f 878 877 884
f 879 878 885
f 880 879 886
f 881 880 887
f 882 881 888
f 29 882 889
f 883 687 890
f 884 883 891
f 885 884 892
f 886 885 893
f 887 886 894
f 888 887 895
f 889 888 896
f 37 889 897
f 890 696 898
f 891 890 899
f 892 891 900
f 893 892 901
f 894 893 902
f 895 894 903
f 896 895 904
f 897 896 905
f 46 897 906
f 898 706 907
f 899 898 908
f 900 899 909
f 901 900 910
f 902 901 911
f 903 902 912
f 904 903 913
f 905 904 914
f 906 905 915
f 56 906 916
f 907 717 917
f 908 907 918
f 909 908 919
f 910 909 920
f 911 910 921
f 912 911 922
f 913 912 923
f 914 913 924
f 915 914 925
f 916 915 926
f 67 916 927
f 917 729 928
f 918 917 929
f 919 918 930
f 920 919 931
f 921 920 932
f 922 921 933
f 923 922 934
f 924 923 935
f 925 924 936
f 926 925 937
f 927 926 938
f 79 927 939
f 928 742 940
f 929 928 941
f 930 929 942
f 931 930 943
f 932 931 944
f 933 932 945
f 934 933 946
f 935 934 947
f 936 935 948
f 937 936 949
f 938 937 950
f 939 938 951
f 92 939 952
f 940 756 953
f 941 940 954
f 942 941 955
f 943 942 956
f 944 943 957
f 945 944 958
f 946 945 959
f 947 946 960
f 948 947 961
f 949 948 962
f 950 949 963
f 951 950 964
f 952 951 965
f 106 952 966
f 953 771 967
f 954 953 968
f 955 954 969
f 956 955 970
f 957 956 971
f 958 957 972
f 959 958 973
f 960 959 974
f 961 960 975
f 962 961 976
f 963 962 977
f 964 963 978
f 965 964 979
f 966 965 980
f 121 966 981
f 967 787 982
f 968 967 983
f 969 968 984
f 970 969 985
f 971 970 986
f 972 971 987
f 973 972 988
f 974 973 989
f 975 974 990
f 976 975 991
f 977 976 992
f 978 977 993
f 979 978 994
f 980 979 995
f 981 980 996
f 137 981 997
f 982 804 998
f 983 982 999
f 984 983 1000
f 985 984 1001
f 986 985 1002
f 987 986 1003
f 988 987 1004
f 989 988 1005
f 990 989 1006
f 991 990 1007
f 992 991 1008
f 993 992 1009
f 994 993 1010
f 995 994 1011
f 996 995 1012
f 997 996 1013
f 154 997 1014
f 998 822 1015
f 999 998 1016
f 1000 999 1017
f 1001 1000 1018
f 1002 1001 1019
f 1003 1002 1020
f 1004 1003 1021
f 1005 1004 1022
f 1006 1005 1023
f 1007 1006 1024
f 1008 1007 1025
f 1009 1008 1026
f 1010 1009 1027
f 1011 1010 1028
f 1012 1011 1029
f 1013 1012 1030
f 1014 1013 1031
f 172 1014 1032
f 1015 841 1033
f 1016 1015 1034
f 1017 1016 1035
f 1018 1017 1036
f 1019 1018 1037
f 1020 1019 1038
f 1021 1020 1039
f 1022 1021 1040
f 1023 1022 1041
f 1024 1023 1042
f 1025 1024 1043
f 1026 1025 1044
f 1027 1026 1045
f 1028 1027 1046
f 1029 1028 1047
f 1030 1029 1048
f 1031 1030 1049
f 1032 1031 1050
f 191 1032 1051
f 1052 211 1051
f 1053 1051 1050
f 1054 1052 1053
f 1055 1050 1049
f 1056 1053 1055
f 1057 1054 1056
f 1058 1049 1048
f 1059 1055 1058
f 1060 1056 1059
f 1061 1057 1060
f 1062 1048 1047
f 1063 1058 1062
f 1064 1059 1063
f 1065 1060 1064
f 1066 1061 1065
f 1067 1047 1046
f 1068 1062 1067
f 1069 1063 1068
f 1070 1064 1069
f 1071 1065 1070
f 1072 1066 1071
f 1073 1046 1045
f 1074 1067 1073
f 1075 1068 1074
f 1076 1069 1075
f 1077 1070 1076
f 1078 1071 1077
f 1079 1072 1078
f 1080 1045 1044
f 1081 1073 1080
f 1082 1074 1081
f 1083 1075 1082
f 1084 1076 1083
f 1085 1077 1084
f 1086 1078 1085
f 1087 1079 1086
f 1088 1044 1043
f 1089 1080 1088
f 1090 1081 1089
f 1091 1082 1090
f 1092 1083 1091
f 1093 1084 1092
f 1094 1085 1093
f 1095 1086 1094
f 1096 1087 1095
f 1097 1043 1042
f 1098 1088 1097
f 1099 1089 1098
f 1100 1090 1099
f 1101 1091 1100
f 1102 1092 1101
f 1103 1093 1102
f 1104 1094 1103
f 1105 1095 1104
f 1106 1096 1105
f 1107 1042 1041
f 1108 1097 1107
f 1109 1098 1108
f 1110 1099 1109
f 1111 1100 1110
f 1112 1101 1111
f 1113 1102 1112
f 1114 1103 1113
f 1115 1104 1114
f 1116 1105 1115
f 1117 1106 1116
f 1118 1041 1040
f 1119 1107 1118
f 1120 1108 1119
f 1121 1109 1120
f 1122 1110 1121
f 1123 1111 1122
f 1124 1112 1123
f 1125 1113 1124
f 1126 1114 1125
f 1127 1115 1126
f 1128 1116 1127
f 1129 1117 1128
f 1130 1040 1039
f 1131 1118 1130
f 1132 1119 1131
f 1133 1120 1132
f 1134 1121 1133
f 1135 1122 1134
f 1136 1123 1135
f 1137 1124 1136
f 1138 1125 1137
f 1139 1126 1138
f 1140 1127 1139
f 1141 1128 1140
f 1142 1129 1141
f 1143 1039 1038
f 1144 1130 1143
f 1145 1131 1144
f 1146 1132 1145
f 1147 1133 1146
f 1148 1134 1147
f 1149 1135 1148
f 1150 1136 1149
f 1151 1137 1150
f 1152 1138 1151
f 1153 1139 1152
f 1154 1140 1153
f 1155 1141 1154
f 1156 1142 1155
f 1157 1038 1037
f 1158 1143 1157
f 1159 1144 1158
f 1160 1145 1159
f 1161 1146 1160
f 1162 1147 1161
f 1163 1148 1162
f 1164 1149 1163
f 1165 1150 1164
f 1166 1151 1165
f 1167 1152 1166
f 1168 1153 1167
f 1169 1154 1168
f 1170 1155 1169
f 1171 1156 1170
f 1172 1037 1036
f 1173 1157 1172
f 1174 1158 1173
f 1175 1159 1174
f 1176 1160 1175
f 1177 1161 1176
f 1178 1162 1177
f 1179 1163 1178
f 1180 1164 1179
f 1181 1165 1180
f 1182 1166 1181
f 1183 1167 1182
f 1184 1168 1183
f 1185 1169 1184
f 1186 1170 1185
f 1187 1171 1186
f 1188 1036 1035
f 1189 1172 1188
f 1190 1173 1189
f 1191 1174 1190
f 1192 1175 1191
f 1193 1176 1192
f 1194 1177 1193
f 1195 1178 1194
f 1196 1179 1195
f 1197 1180 1196
f 1198 1181 1197
f 1199 1182 1198
f 1200 1183 1199
f 1201 1184 1200
f 1202 1185 1201
f 1203 1186 1202
f 1204 1187 1203
f 1205 1035 1034
f 1206 1188 1205
f 1207 1189 1206
f 1208 1190 1207
f 1209 1191 1208
f 1210 1192 1209
f 1211 1193 1210
f 1212 1194 1211
f 1213 1195 1212
f 1214 1196 1213
f 1215 1197 1214
f 1216 1198 1215
f 1217 1199 1216
f 1218 1200 1217
f 1219 1201 1218
f 1220 1202 1219
f 1221 1203 1220
f 1222 1204 1221
f 1223 1034 1033
f 1224 1205 1223
f 1225 1206 1224
f 1226 1207 1225
f 1227 1208 1226
f 1228 1209 1227
f 1229 1210 1228
f 1230 1211 1229
f 1231 1212 1230
f 1232 1213 1231
f 1233 1214 1232
f 1234 1215 1233
f 1235 1216 1234
f 1236 1217 1235
f 1237 1218 1236
f 1238 1219 1237
f 1239 1220 1238
f 1240 1221 1239
f 1241 1222 1240
f 1242 1033 861
f 1243 1223 1242
f 1244 1224 1243
f 1245 1225 1244
f 1246 1226 1245
f 1247 1227 1246
f 1248 1228 1247
f 1249 1229 1248
f 1250 1230 1249
f 1251 1231 1250
f 1252 1232 1251
f 1253 1233 1252
f 1254 1234 1253
f 1255 1235 1254
f 1256 1236 1255
f 1257 1237 1256
f 1258 1238 1257
f 1259 1239 1258
f 1260 1240 1259
f 1261 1241 1260
f 1052 1051 1053
f 1053 1050 1055
f 1054 1053 1056
f 1055 1049 1058
f 1056 1055 1059
f 1057 1056 1060
f 1058 1048 1062
f 1059 1058 1063
f 1060 1059 1064
f 1061 1060 1065
f 1062 1047 1067
f 1063 1062 1068
f 1064 1063 1069
f 1065 1064 1070
f 1066 1065 1071
f 1067 1046 1073
f 1068 1067 1074
f 1069 1068 1075
f 1070 1069 1076
f 1071 1070 1077
f 1072 1071 1078
f 1073 1045 1080
f 1074 1073 1081
f 1075 1074 1082
f 1076 1075 1083
f 1077 1076 1084
f 1078 1077 1085
f 1079 1078 1086
f 1080 1044 1088
f 1081 1080 1089
f 1082 1081 1090
f 1083 1082 1091
f 1084 1083 1092
f 1085 1084 1093
f 1086 1085 1094
f 1087 1086 1095
f 1088 1043 1097
f 1089 1088 1098
f 1090 1089 1099
f 1091 1090 1100
f 1092 1091 1101
f 1093 1092 1102
f 1094 1093 1103
f 1095 1094 1104
f 1096 1095 1105
f 1097 1042 1107
f 1098 1097 1108
f 1099 1098 1109
f 1100 1099 1110
f 1101 1100 1111
f 1102 1101 1112
f 1103 1102 1113
f 1104 1103 1114
f 1105 1104 1115
f 1106 1105 1116
f 1107 1041 1118
f 1108 1107 1119
f 1109 1108 1120
f 1110 1109 1121
f 1111 1110 1122
f 1112 1111 1123
f 1113 1112 1124
f 1114 1113 1125
f 1115 1114 1126
f 1116 1115 1127
f 1117 1116 1128
f 1118 1040 1130
f 1119 1118 1131
f 1120 1119 1132
f 1121 1120 1133
f 1122 1121 1134
f 1123 1122 1135
f 1124 1123 1136
f 1125 1124 1137
f 1126 1125 1138
f 1127 1126 1139
f 1128 1127 1140
f 1129 1128 1141
f 1130 1039 1143
f 1131 1130 1144
f 1132 1131 1145
f 1133 1132 1146
f 1134 1133 1147
f 1135 1134 1148
f 1136 1135 1149
f 1137 1136 1150
f 1138 1137 1151
f 1139 1138 1152
f 1140 1139 1153
f 1141 1140 1154
f 1142 1141 1155
f 1143 1038 1157
f 1144 1143 1158
f 1145 1144 1159
f 1146 1145 1160
f 1147 1146 1161
f 1148 1147 1162
f 1149 1148 1163
f 1150 1149 1164
f 1151 1150 1165
f 1152 1151 1166
f 1153 1152 1167
f 1154 1153 1168
f 1155 1154 1169
f 1156 1155 1170
f 1157 1037 1172
f 1158 1157 1173
f 1159 1158 1174
f 1160 1159 1175
f 1161 1160 1176
f 1162 1161 1177
f 1163 1162 1178
f 1164 1163 1179
f 1165 1164 1180
f 1166 1165 1181
f 1167 1166 1182
f 1168 1167 1183
f 1169 1168 1184
f 1170 1169 1185
f 1171 1170 1186
f 1172 1036 1188
f 1173 1172 1189
f 1174 1173 1190
f 1175 1174 1191
f 1176 1175 1192
f 1177 1176 1193
f 1178 1177 1194
f 1179 1178 1195
f 1180 1179 1196
f 1181 1180 1197
f 1182 1181 1198
f 1183 1182 1199
f 1184 1183 1200
f 1185 1184 1201
f 1186 1185 1202
f 1187 1186 1203
f 1188 1035 1205
f 1189 1188 1206
f 1190 1189 1207
f 1191 1190 1208
f 1192 1191 1209
f 1193 1192 1210
f 1194 1193 1211
f 1195 1194 1212
f 1196 1195 1213
f 1197 1196 1214
f 1198 1197 1215
f 1199 1198 1216
f 1200 1199 1217
f 1201 1200 1218
f 1202 1201 1219
f 1203 1202 1220
f 1204 1203 1221
f 1205 1034 1223
f 1206 1205 1224
f 1207 1206 1225
f 1208 1207 1226
f 1209 1208 1227
f 1210 1209 1228
f 1211 1210 1229
f 1212 1211 1230
f 1213 1212 1231
f 1214 1213 1232
f 1215 1214 1233
f 1216 1215 1234
f 1217 1216 1235
f 1218 1217 1236
f 1219 1218 1237
f 1220 1219 1238
f 1221 1220 1239
f 1222 1221 1240
f 1223 1033 1242
f 1224 1223 1243
f 1225 1224 1244
f 1226 1225 1245
f 1227 1226 1246
f 1228 1227 1247
f 1229 1228 1248
f 1230 1229 1249
f 1231 1230 1250
f 1232 1231 1251
f 1233 1232 1252
f 1234 1233 1253
f 1235 1234 1254
f 1236 1235 1255
f 1237 1236 1256
f 1238 1237 1257
f 1239 1238 1258
f 1240 1239 1259
f 1241 1240 1260
f 1262 861 860
f 1263 860 859
f 1264 1262 1263
f 1265 859 858
f 1266 1263 1265
f 1267 1264 1266
f 1268 858 857
f 1269 1265 1268
f 1270 1266 1269
f 1271 1267 1270
f 1272 857 856
f 1273 1268 1272
f 1274 1269 1273
f 1275 1270 1274
f 1276 1271 1275
f 1277 856 855
f 1278 1272 1277
f 1279 1273 1278
f 1280 1274 1279
f 1281 1275 1280
f 1282 1276 1281
f 1283 855 854
f 1284 1277 1283
f 1285 1278 1284
f 1286 1279 1285
f 1287 1280 1286
f 1288 1281 1287
f 1289 1282 1288
f 1290 854 853
f 1291 1283 1290
f 1292 1284 1291
f 1293 1285 1292
f 1294 1286 1293
f 1295 1287 1294
f 1296 1288 1295
f 1297 1289 1296
f 1298 853 852
f 1299 1290 1298
f 1300 1291 1299
f 1301 1292 1300
f 1302 1293 1301
f 1303 1294 1302
f 1304 1295 1303
f 1305 1296 1304
f 1306 1297 1305
f 1307 852 851
f 1308 1298 1307
f 1309 1299 1308
f 1310 1300 1309
f 1311 1301 1310
f 1312 1302 1311
f 1313 1303 1312
f 1314 1304 1313
f 1315 1305 1314
f 1316 1306 1315
f 1317 851 850
f 1318 1307 1317
f 1319 1308 1318
f 1320 1309 1319
f 1321 1310 1320
f 1322 1311 1321
f 1323 1312 1322
f 1324 1313 1323
f 1325 1314 1324
f 1326 1315 1325
f 1327 1316 1326
f 1328 850 849
f 1329 1317 1328
f 1330 1318 1329
f 1331 1319 1330
f 1332 1320 1331
f 1333 1321 1332
f 1334 1322 1333
f 1335 1323 1334
f 1336 1324 1335
f 1337 1325 1336
f 1338 1326 1337
f 1339 1327 1338
f 1340 849 848
f 1341 1328 1340
f 1342 1329 1341
f 1343 1330 1342
f 1344 1331 1343
f 1345 1332 1344
f 1346 1333 1345
f 1347 1334 1346
f 1348 1335 1347
f 1349 1336 1348
f 1350 1337 1349
f 1351 1338 1350
f 1352 1339 1351
f 1353 848 847
f 1354 1340 1353
f 1355 1341 1354
f 1356 1342 1355
f 1357 1343 1356
f 1358 1344 1357
f 1359 1345 1358
f 1360 1346 1359
f 1361 1347 1360
f 1362 1348 1361
f 1363 1349 1362
f 1364 1350 1363
f 1365 1351 1364
f 1366 1352 1365
f 1367 847 846
f 1368 1353 1367
f 1369 1354 1368
f 1370 1355 1369
f 1371 1356 1370
f 1372 1357 1371
f 1373 1358 1372
f 1374 1359 1373
f 1375 1360 1374
f 1376 1361 1375
f 1377 1362 1376
f 1378 1363 1377
f 1379 1364 1378
f 1380 1365 1379
f 1381 1366 1380
f 1382 846 845
f 1383 1367 1382
f 1384 1368 1383
f 1385 1369 1384
f 1386 1370 1385
f 1387 1371 1386
f 1388 1372 1387
f 1389 1373 1388
f 1390 1374 1389
f 1391 1375 1390
f 1392 1376 1391
f 1393 1377 1392
f 1394 1378 1393
f 1395 1379 1394
f 1396 1380 1395
f 1397 1381 1396
f 1398 845 844
f 1399 1382 1398
f 1400 1383 1399
f 1401 1384 1400
f 1402 1385 1401
f 1403 1386 1402
f 1404 1387 1403
f 1405 1388 1404
f 1406 1389 1405
f 1407 1390 1406
f 1408 1391 1407
f 1409 1392 1408
f 1410 1393 1409
f 1411 1394 1410
f 1412 1395 1411
f 1413 1396 1412
f 1414 1397 1413
f 1415 844 843
f 1416 1398 1415
f 1417 1399 1416
f 1418 1400 1417
f 1419 1401 1418
f 1420 1402 1419
f 1421 1403 1420
f 1422 1404 1421
f 1423 1405 1422
f 1424 1406 1423
f 1425 1407 1424
f 1426 1408 1425
f 1427 1409 1426
f 1428 1410 1427
f 1429 1411 1428
f 1430 1412 1429
f 1431 1413 1430
f 1432 1414 1431
f 1433 843 842
f 1434 1415 1433
f 1435 1416 1434
f 1436 1417 1435
f 1437 1418 1436
f 1438 1419 1437
f 1439 1420 1438
f 1440 1421 1439
f 1441 1422 1440
f 1442 1423 1441
f 1443 1424 1442
f 1444 1425 1443
f 1445 1426 1444
f 1446 1427 1445
f 1447 1428 1446
f 1448 1429 1447
f 1449 1430 1448
f 1450 1431 1449
f 1451 1432 1450
f 1452 842 651
f 1453 1433 1452
f 1454 1434 1453
f 1455 1435 1454
f 1456 1436 1455
f 1457 1437 1456
f 1458 1438 1457
f 1459 1439 1458
f 1460 1440 1459
f 1461 1441 1460
f 1462 1442 1461
f 1463 1443 1462
f 1464 1444 1463
f 1465 1445 1464
f 1466 1446 1465
f 1467 1447 1466
f 1468 1448 1467
f 1469 1449 1468
f 1470 1450 1469
f 1471 1451 1470
f 1262 860 1263
f 1263 859 1265
f 1264 1263 1266
f 1265 858 1268
f 1266 1265 1269
f 1267 1266 1270
f 1268 857 1272
f 1269 1268 1273
f 1270 1269 1274
f 1271 1270 1275
f 1272 856 1277
f 1273 1272 1278
f 1274 1273 1279
f 1275 1274 1280
f 1276 1275 1281
f 1277 855 1283
f 1278 1277 1284
f 1279 1278 1285
f 1280 1279 1286
f 1281 1280 1287
f 1282 1281 1288
f 1283 854 1290
f 1284 1283 1291
f 1285 1284 1292
f 1286 1285 1293
f 1287 1286 1294
f 1288 1287 1295
f 1289 1288 1296
f 1290 853 1298
f 1291 1290 1299
f 1292 1291 1300
f 1293 1292 1301
f 1294 1293 1302
f 1295 1294 1303
f 1296 1295 1304
f 1297 1296 1305
f 1298 852 1307
f 1299 1298 1308
f 1300 1299 1309
f 1301 1300 1310
f 1302 1301 1311
f 1303 1302 1312
f 1304 1303 1313
f 1305 1304 1314
f 1306 1305 1315
f 1307 851 1317
f 1308 1307 1318
f 1309 1308 1319
f 1310 1309 1320
f 1311 1310 1321
f 1312 1311 1322
f 1313 1312 1323
f 1314 1313 1324
f 1315 1314 1325
f 1316 1315 1326
f 1317 850 1328
f 1318 1317 1329
f 1319 1318 1330
f 1320 1319 1331
f 1321 1320 1332
f 1322 1321 1333
f 1323 1322 1334
f 1324 1323 1335
f 1325 1324 1336
f 1326 1325 1337
f 1327 1326 1338
f 1328 849 1340
f 1329 1328 1341
f 1330 1329 1342
f 1331 1330 1343
f 1332 1331 1344
f 1333 1332 1345
f 1334 1333 1346
f 1335 1334 1347
f 1336 1335 1348
f 1337 1336 1349
f 1338 1337 1350
f 1339 1338 1351
f 1340 848 1353
f 1341 1340 1354
f 1342 1341 1355
f 1343 1342 1356
f 1344 1343 1357
f 1345 1344 1358
f 1346 1345 1359
f 1347 1346 1360
f 1348 1347 1361
f 1349 1348 1362
f 1350 1349 1363
f 1351 1350 1364
f 1352 1351 1365
f 1353 847 1367
f 1354 1353 1368
f 1355 1354 1369
f 1356 1355 1370
f 1357 1356 1371
f 1358 1357 1372
f 1359 1358 1373
f 1360 1359 1374
f 1361 1360 1375
f 1362 1361 1376
f 1363 1362 1377
f 1364 1363 1378
f 1365 1364 1379
f 1366 1365 1380
f 1367 846 1382
f 1368 1367 1383
f 1369 1368 1384
f 1370 1369 1385
f 1371 1370 1386
f 1372 1371 1387
f 1373 1372 1388
f 1374 1373 1389
f 1375 1374 1390
f 1376 1375 1391
f 1377 1376 1392
f 1378 1377 1393
f 1379 1378 1394
f 1380 1379 1395
f 1381 1380 1396
f 1382 845 1398
f 1383 1382 1399
f 1384 1383 1400
f 1385 1384 1401
f 1386 1385 1402
f 1387 1386 1403
f 1388 1387 1404
f 1389 1388 1405
f 1390 1389 1406
f 1391 1390 1407
f 1392 1391 1408
f 1393 1392 1409
f 1394 1393 1410
f 1395 1394 1411
f 1396 1395 1412
f 1397 1396 1413
f 1398 844 1415
f 1399 1398 1416
f 1400 1399 1417
f 1401 1400 1418
f 1402 1401 1419
f 1403 1402 1420
f 1404 1403 1421
f 1405 1404 1422
f 1406 1405 1423
f 1407 1406 1424
f 1408 1407 1425
f 1409 1408 1426
f 1410 1409 1427
f 1411 1410 1428
f 1412 1411 1429
f 1413 1412 1430
f 1414 1413 1431
f 1415 843 1433
f 1416 1415 1434
f 1417 1416 1435
f 1418 1417 1436
f 1419 1418 1437
f 1420 1419 1438
f 1421 1420 1439
f 1422 1421 1440
f 1423 1422 1441
f 1424 1423 1442
f 1425 1424 1443
f 1426 1425 1444
f 1427 1426 1445
f 1428 1427 1446
f 1429 1428 1447
f 1430 1429 1448
f 1431 1430 1449
f 1432 1431 1450
f 1433 842 1452
f 1434 1433 1453
f 1435 1434 1454
f 1436 1435 1455
f 1437 1436 1456
f 1438 1437 1457
f 1439 1438 1458
f 1440 1439 1459
f 1441 1440 1460
f 1442 1441 1461
f 1443 1442 1462
f 1444 1443 1463
f 1445 1444 1464
f 1446 1445 1465
f 1447 1446 1466
f 1448 1447 1467
f 1449 1448 1468
f 1450 1449 1469
f 1451 1450 1470
f 1472 651 650
f 1473 650 649
f 1474 1472 1473
f 1475 649 648
f 1476 1473 1475
f 1477 1474 1476
f 1478 648 647
f 1479 1475 1478
f 1480 1476 1479
f 1481 1477 1480
f 1482 647 646
f 1483 1478 1482
f 1484 1479 1483
f 1485 1480 1484
f 1486 1481 1485
f 1487 646 645
f 1488 1482 1487
f 1489 1483 1488
f 1490 1484 1489
f 1491 1485 1490
f 1492 1486 1491
f 1493 645 644
f 1494 1487 1493
f 1495 1488 1494
f 1496 1489 1495
f 1497 1490 1496
f 1498 1491 1497
f 1499 1492 1498
f 1500 644 643
f 1501 1493 1500
f 1502 1494 1501
f 1503 1495 1502
f 1504 1496 1503
f 1505 1497 1504
f 1506 1498 1505
f 1507 1499 1506
f 1508 643 642
f 1509 1500 1508
f 1510 1501 1509
f 1511 1502 1510
f 1512 1503 1511
f 1513 1504 1512
f 1514 1505 1513
f 1515 1506 1514
f 1516 1507 1515
f 1517 642 641
f 1518 1508 1517
f 1519 1509 1518
f 1520 1510 1519
f 1521 1511 1520
f 1522 1512 1521
f 1523 1513 1522
f 1524 1514 1523
f 1525 1515 1524
f 1526 1516 1525
f 1527 641 640
f 1528 1517 1527
f 1529 1518 1528
f 1530 1519 1529
f 1531 1520 1530
f 1532 1521 1531
f 1533 1522 1532
f 1534 1523 1533
f 1535 1524 1534
f 1536 1525 1535
f 1537 1526 1536
f 1538 640 639
f 1539 1527 1538
f 1540 1528 1539
f 1541 1529 1540
f 1542 1530 1541
f 1543 1531 1542
f 1544 1532 1543
f 1545 1533 1544
f 1546 1534 1545
f 1547 1535 1546
f 1548 1536 1547
f 1549 1537 1548
f 1550 639 638
f 1551 1538 1550
f 1552 1539 1551
f 1553 1540 1552
f 1554 1541 1553
f 1555 1542 1554
f 1556 1543 1555
f 1557 1544 1556
f 1558 1545 1557
f 1559 1546 1558
f 1560 1547 1559
f 1561 1548 1560
f 1562 1549 1561
f 1563 638 637
f 1564 1550 1563
f 1565 1551 1564
f 1566 1552 1565
f 1567 1553 1566
f 1568 1554 1567
f 1569 1555 1568
f 1570 1556 1569
f 1571 1557 1570
f 1572 1558 1571
f 1573 1559 1572
f 1574 1560 1573
f 1575 1561 1574
f 1576 1562 1575
f 1577 637 636
f 1578 1563 1577
f 1579 1564 1578
f 1580 1565 1579
f 1581 1566 1580
f 1582 1567 1581
f 1583 1568 1582
f 1584 1569 1583
f 1585 1570 1584
f 1586 1571 1585
f 1587 1572 1586
f 1588 1573 1587
f 1589 1574 1588
f 1590 1575 1589
f 1591 1576 1590
f 1592 636 635
f 1593 1577 1592
f 1594 1578 1593
f 1595 1579 1594
f 1596 1580 1595
f 1597 1581 1596
f 1598 1582 1597
f 1599 1583 1598
f 1600 1584 1599
f 1601 1585 1600
f 1602 1586 1601
f 1603 1587 1602
f 1604 1588 1603
f 1605 1589 1604
f 1606 1590 1605
f 1607 1591 1606
f 1608 635 634
f 1609 1592 1608
f 1610 1593 1609
f 1611 1594 1610
f 1612 1595 1611
f 1613 1596 1612
f 1614 1597 1613
f 1615 1598 1614
f 1616 1599 1615
f 1617 1600 1616
f 1618 1601 1617
f 1619 1602 1618
f 1620 1603 1619
f 1621 1604 1620
f 1622 1605 1621
f 1623 1606 1622
f 1624 1607 1623
f 1625 634 633
f 1626 1608 1625
f 1627 1609 1626
f 1628 1610 1627
f 1629 1611 1628
f 1630 1612 1629
f 1631 1613 1630
f 1632 1614 1631
f 1633 1615 1632
f 1634 1616 1633
f 1635 1617 1634
f 1636 1618 1635
f 1637 1619 1636
f 1638 1620 1637
f 1639 1621 1638
f 1640 1622 1639
f 1641 1623 1640
f 1642 1624 1641
f 1643 633 632
f 1644 1625 1643
f 1645 1626 1644
f 1646 1627 1645
f 1647 1628 1646
f 1648 1629 1647
f 1649 1630 1648
f 1650 1631 1649
f 1651 1632 1650
f 1652 1633 1651
f 1653 1634 1652
f 1654 1635 1653
f 1655 1636 1654
f 1656 1637 1655
f 1657 1638 1656
f 1658 1639 1657
f 1659 1640 1658
f 1660 1641 1659
f 1661 1642 1660
f 1662 632 441
f 1663 1643 1662
f 1664 1644 1663
f 1665 1645 1664
f 1666 1646 1665
f 1667 1647 1666
f 1668 1648 1667
f 1669 1649 1668
f 1670 1650 1669
f 1671 1651 1670
f 1672 1652 1671
f 1673 1653 1672
f 1674 1654 1673
f 1675 1655 1674
f 1676 1656 1675
f 1677 1657 1676
f 1678 1658 1677
f 1679 1659 1678
f 1680 1660 1679
f 1681 1661 1680
f 1472 650 1473
f 1473 649 1475
f 1474 1473 1476
f 1475 648 1478
f 1476 1475 1479
f 1477 1476 1480
f 1478 647 1482
f 1479 1478 1483
f 1480 1479 1484
f 1481 1480 1485
f 1482 646 1487
f 1483 1482 1488
f 1484 1483 1489
f 1485 1484 1490
f 1486 1485 1491
f 1487 645 1493
f 1488 1487 1494
f 1489 1488 1495
f 1490 1489 1496
f 1491 1490 1497
f 1492 1491 1498
f 1493 644 1500
f 1494 1493 1501
f 1495 1494 1502
f 1496 1495 1503
f 1497 1496 1504
f 1498 1497 1505
f 1499 1498 1506
f 1500 643 1508
f 1501 1500 1509
f 1502 1501 1510
f 1503 1502 1511
f 1504 1503 1512
f 1505 1504 1513
f 1506 1505 1514
f 1507 1506 1515
f 1508 642 1517
f 1509 1508 1518
f 1510 1509 1519
f 1511 1510 1520
f 1512 1511 1521
f 1513 1512 1522
f 1514 1513 1523
f 1515 1514 1524
f 1516 1515 1525
f 1517 641 1527
f 1518 1517 1528
f 1519 1518 1529
f 1520 1519 1530
f 1521 1520 1531
f 1522 1521 1532
f 1523 1522 1533
f 1524 1523 1534
f 1525 1524 1535
f 1526 1525 1536
f 1527 640 1538
f 1528 1527 1539
f 1529 1528 1540
f 1530 1529 1541
f 1531 1530 1542
f 1532 1531 1543
f 1533 1532 1544
f 1534 1533 1545
f 1535 1534 1546
f 1536 1535 1547
f 1537 1536 1548
f 1538 639 1550
f 1539 1538 1551
f 1540 1539 1552
f 1541 1540 1553
f 1542 1541 1554
f 1543 1542 1555
f 1544 1543 1556
f 1545 1544 1557
f 1546 1545 1558
f 1547 1546 1559
f 1548 1547 1560
f 1549 1548 1561
f 1550 638 1563
f 1551 1550 1564
f 1552 1551 1565
f 1553 1552 1566
f 1554 1553 1567
f 1555 1554 1568
f 1556 1555 1569
f 1557 1556 1570
f 1558 1557 1571
f 1559 1558 1572
f 1560 1559 1573
f 1561 1560 1574
f 1562 1561 1575
f 1563 637 1577
f 1564 1563 1578
f 1565 1564 1579
f 1566 1565 1580
f 1567 1566 1581
f 1568 1567 1582
f 1569 1568 1583
f 1570 1569 1584
f 1571 1570 1585
f 1572 1571 1586
f 1573 1572 1587
f 1574 1573 1588
f 1575 1574 1589
f 1576 1575 1590
f 1577 636 1592
f 1578 1577 1593
f 1579 1578 1594
f 1580 1579 1595
f 1581 1580 1596
f 1582 1581 1597
f 1583 1582 1598
f 1584 1583 1599
f 1585 1584 1600
f 1586 1585 1601
f 1587 1586 1602
f 1588 1587 1603
f 1589 1588 1604
f 1590 1589 1605
f 1591 1590 1606
f 1592 635 1608
f 1593 1592 1609
f 1594 1593 1610
f 1595 1594 1611
f 1596 1595 1612
f 1597 1596 1613
f 1598 1597 1614
f 1599 1598 1615
f 1600 1599 1616
f 1601 1600 1617
f 1602 1601 1618
f 1603 1602 1619
f 1604 1603 1620
f 1605 1604 1621
f 1606 1605 1622
f 1607 1606 1623
f 1608 634 1625
f 1609 1608 1626
f 1610 1609 1627
f 1611 1610 1628
f 1612 1611 1629
f 1613 1612 1630
f 1614 1613 1631
f 1615 1614 1632
f 1616 1615 1633
f 1617 1616 1634
f 1618 1617 1635
f 1619 1618 1636
f 1620 1619 1637
f 1621 1620 1638
f 1622 1621 1639
f 1623 1622 1640
f 1624 1623 1641
f 1625 633 1643
f 1626 1625 1644
f 1627 1626 1645
f 1628 1627 1646
f 1629 1628 1647
f 1630 1629 1648
f 1631 1630 1649
f 1632 1631 1650
f 1633 1632 1651
f 1634 1633 1652
f 1635 1634 1653
f 1636 1635 1654
f 1637 1636 1655
f 1638 1637 1656
f 1639 1638 1657
f 1640 1639 1658
f 1641 1640 1659
f 1642 1641 1660
f 1643 632 1662
f 1644 1643 1663
f 1645 1644 1664
f 1646 1645 1665
f 1647 1646 1666
f 1648 1647 1667
f 1649 1648 1668
f 1650 1649 1669
f 1651 1650 1670
f 1652 1651 1671
f 1653 1652 1672
f 1654 1653 1673
f 1655 1654 1674
f 1656 1655 1675
f 1657 1656 1676
f 1658 1657 1677
f 1659 1658 1678
f 1660 1659 1679
f 1661 1660 1680
f 1682 441 440
f 1683 440 439
f 1684 1682 1683
f 1685 439 438
f 1686 1683 1685
f 1687 1684 1686
f 1688 438 437
f 1689 1685 1688
f 1690 1686 1689
f 1691 1687 1690
f 1692 437 436
f 1693 1688 1692
f 1694 1689 1693
f 1695 1690 1694
f 1696 1691 1695
f 1697 436 435
f 1698 1692 1697
f 1699 1693 1698
f 1700 1694 1699
f 1701 1695 1700
f 1702 1696 1701
f 1703 435 434
f 1704 1697 1703
f 1705 1698 1704
f 1706 1699 1705
f 1707 1700 1706
f 1708 1701 1707
f 1709 1702 1708
f 1710 434 433
f 1711 1703 1710
f 1712 1704 1711
f 1713 1705 1712
f 1714 1706 1713
f 1715 1707 1714
f 1716 1708 1715
f 1717 1709 1716
f 1718 433 432
f 1719 1710 1718
f 1720 1711 1719
f 1721 1712 1720
f 1722 1713 1721
f 1723 1714 1722
f 1724 1715 1723
f 1725 1716 1724
f 1726 1717 1725
f 1727 432 431
f 1728 1718 1727
f 1729 1719 1728
f 1730 1720 1729
f 1731 1721 1730
f 1732 1722 1731
f 1733 1723 1732
f 1734 1724 1733
f 1735 1725 1734
f 1736 1726 1735
f 1737 431 430
f 1738 1727 1737
f 1739 1728 1738
f 1740 1729 1739
f 1741 1730 1740
f 1742 1731 1741
f 1743 1732 1742
f 1744 1733 1743
f 1745 1734 1744
f 1746 1735 1745
f 1747 1736 1746
f 1748 430 429
f 1749 1737 1748
f 1750 1738 1749
f 1751 1739 1750
f 1752 1740 1751
f 1753 1741 1752
f 1754 1742 1753
f 1755 1743 1754
f 1756 1744 1755
f 1757 1745 1756
f 1758 1746 1757
f 1759 1747 1758
f 1760 429 428
f 1761 1748 1760
f 1762 1749 1761
f 1763 1750 1762
f 1764 1751 1763
f 1765 1752 1764
f 1766 1753 1765
f 1767 1754 1766
f 1768 1755 1767
f 1769 1756 1768
f 1770 1757 1769
f 1771 1758 1770
f 1772 1759 1771
f 1773 428 427
f 1774 1760 1773
f 1775 1761 1774
f 1776 1762 1775
f 1777 1763 1776
f 1778 1764 1777
f 1779 1765 1778
f 1780 1766 1779
f 1781 1767 1780
f 1782 1768 1781
f 1783 1769 1782
f 1784 1770 1783
f 1785 1771 1784
f 1786 1772 1785
f 1787 427 426
f 1788 1773 1787
f 1789 1774 1788
f 1790 1775 1789
f 1791 1776 1790
f 1792 1777 1791
f 1793 1778 1792
f 1794 1779 1793
f 1795 1780 1794
f 1796 1781 1795
f 1797 1782 1796
f 1798 1783 1797
f 1799 1784 1798
f 1800 1785 1799
f 1801 1786 1800
f 1802 426 425
f 1803 1787 1802
f 1804 1788 1803
f 1805 1789 1804
f 1806 1790 1805
f 1807 1791 1806
f 1808 1792 1807
f 1809 1793 1808
f 1810 1794 1809
f 1811 1795 1810
f 1812 1796 1811
f 1813 1797 1812
f 1814 1798 1813
f 1815 1799 1814
f 1816 1800 1815
f 1817 1801 1816
f 1818 425 424
f 1819 1802 1818
f 1820 1803 1819
f 1821 1804 1820
f 1822 1805 1821
f 1823 1806 1822
f 1824 1807 1823
f 1825 1808 1824
f 1826 1809 1825
f 1827 1810 1826
f 1828 1811 1827
f 1829 1812 1828
f 1830 1813 1829
f 1831 1814 1830
f 1832 1815 1831
f 1833 1816 1832
f 1834 1817 1833
f 1835 424 423
f 1836 1818 1835
f 1837 1819 1836
f 1838 1820 1837
f 1839 1821 1838
f 1840 1822 1839
f 1841 1823 1840
f 1842 1824 1841
f 1843 1825 1842
f 1844 1826 1843
f 1845 1827 1844
f 1846 1828 1845
f 1847 1829 1846
f 1848 1830 1847
f 1849 1831 1848
f 1850 1832 1849
f 1851 1833 1850
f 1852 1834 1851
f 1853 423 422
f 1854 1835 1853
f 1855 1836 1854
f 1856 1837 1855
f 1857 1838 1856
f 1858 1839 1857
f 1859 1840 1858
f 1860 1841 1859
f 1861 1842 1860
f 1862 1843 1861
f 1863 1844 1862
f 1864 1845 1863
f 1865 1846 1864
f 1866 1847 1865
f 1867 1848 1866
f 1868 1849 1867
f 1869 1850 1868
f 1870 1851 1869
f 1871 1852 1870
f 1872 422 231
f 1873 1853 1872
f 1874 1854 1873
f 1875 1855 1874
f 1876 1856 1875
f 1877 1857 1876
f 1878 1858 1877
f 1879 1859 1878
f 1880 1860 1879
f 1881 1861 1880
f 1882 1862 1881
f 1883 1863 1882
f 1884 1864 1883
f 1885 1865 1884
f 1886 1866 1885
f 1887 1867 1886
f 1888 1868 1887
f 1889 1869 1888
f 1890 1870 1889
f 1891 1871 1890
f 1682 440 1683
f 1683 439 1685
f 1684 1683 1686
f 1685 438 1688
f 1686 1685 1689
f 1687 1686 1690
f 1688 437 1692
f 1689 1688 1693
f 1690 1689 1694
f 1691 1690 1695
f 1692 436 1697
f 1693 1692 1698
f 1694 1693 1699
f 1695 1694 1700
f 1696 1695 1701
f 1697 435 1703
f 1698 1697 1704
f 1699 1698 1705
f 1700 1699 1706
f 1701 1700 1707
f 1702 1701 1708
f 1703 434 1710
f 1704 1703 1711
f 1705 1704 1712
f 1706 1705 1713
f 1707 1706 1714
f 1708 1707 1715
f 1709 1708 1716
f 1710 433 1718
f 1711 1710 1719
f 1712 1711 1720
f 1713 1712 1721
f 1714 1713 1722
f 1715 1714 1723
f 1716 1715 1724
f 1717 1716 1725
f 1718 432 1727
f 1719 1718 1728
f 1720 1719 1729
f 1721 1720 1730
f 1722 1721 1731
f 1723 1722 1732
f 1724 1723 1733
f 1725 1724 1734
f 1726 1725 1735
f 1727 431 1737
f 1728 1727 1738
f 1729 1728 1739
f 1730 1729 1740
f 1731 1730 1741
f 1732 1731 1742
f 1733 1732 1743
f 1734 1733 1744
f 1735 1734 1745
f 1736 1735 1746
f 1737 430 1748
f 1738 1737 1749
f 1739 1738 1750
f 1740 1739 1751
f 1741 1740 1752
f 1742 1741 1753
f 1743 1742 1754
f 1744 1743 1755
f 1745 1744 1756
f 1746 1745 1757
f 1747 1746 1758
f 1748 429 1760
f 1749 1748 1761
f 1750 1749 1762
f 1751 1750 1763
f 1752 1751 1764
f 1753 1752 1765
f 1754 1753 1766
f 1755 1754 1767
f 1756 1755 1768
f 1757 1756 1769
f 1758 1757 1770
f 1759 1758 1771
f 1760 428 1773
f 1761 1760 1774
f 1762 1761 1775
f 1763 1762 1776
f 1764 1763 1777
f 1765 1764 1778
f 1766 1765 1779
f 1767 1766 1780
f 1768 1767 1781
f 1769 1768 1782
f 1770 1769 1783
f 1771 1770 1784
f 1772 1771 1785
f 1773 427 1787
f 1774 1773 1788
f 1775 1774 1789
f 1776 1775 1790
f 1777 1776 1791
f 1778 1777 1792
f 1779 1778 1793
f 1780 1779 1794
f 1781 1780 1795
f 1782 1781 1796
f 1783 1782 1797
f 1784 1783 1798
f 1785 1784 1799
f 1786 1785 1800
f 1787 426 1802
f 1788 1787 1803
f 1789 1788 1804
f 1790 1789 1805
f 1791 1790 1806
f 1792 1791 1807
f 1793 1792 1808
f 1794 1793 1809
f 1795 1794 1810
f 1796 1795 1811
f 1797 1796 1812
f 1798 1797 1813
f 1799 1798 1814
f 1800 1799 1815
f 1801 1800 1816
f 1802 425 1818
f 1803 1802 1819
f 1804 1803 1820
f 1805 1804 1821
f 1806 1805 1822
f 1807 1806 1823
f 1808 1807 1824
f 1809 1808 1825
f 1810 1809 1826
f 1811 1810 1827
f 1812 1811 1828
f 1813 1812 1829
f 1814 1813 1830
f 1815 1814 1831
f 1816 1815 1832
f 1817 1816 1833
f 1818 424 1835
f 1819 1818 1836
f 1820 1819 1837
f 1821 1820 1838
f 1822 1821 1839
f 1823 1822 1840
f 1824 1823 1841
f 1825 1824 1842
f 1826 1825 1843
f 1827 1826 1844
f 1828 1827 1845
f 1829 1828 1846
f 1830 1829 1847
f 1831 1830 1848
f 1832 1831 1849
f 1833 1832 1850
f 1834 1833 1851
f 1835 423 1853
f 1836 1835 1854
f 1837 1836 1855
f 1838 1837 1856
f 1839 1838 1857
f 1840 1839 1858
f 1841 1840 1859
f 1842 1841 1860
f 1843 1842 1861
f 1844 1843 1862
f 1845 1844 1863
f 1846 1845 1864
f 1847 1846 1865
f 1848 1847 1866
f 1849 1848 1867
f 1850 1849 1868
f 1851 1850 1869
f 1852 1851 1870
f 1853 422 1872
f 1854 1853 1873
f 1855 1854 1874
f 1856 1855 1875
f 1857 1856 1876
f 1858 1857 1877
f 1859 1858 1878
f 1860 1859 1879
f 1861 1860 1880
f 1862 1861 1881
f 1863 1862 1882
f 1864 1863 1883
f 1865 1864 1884
f 1866 1865 1885
f 1867 1866 1886
f 1868 1867 1887
f 1869 1868 1888
f 1870 1869 1889
f 1871 1870 1890
f 1892 231 230
f 1893 230 229
f 1894 1892 1893
f 1895 229 228
f 1896 1893 1895
f 1897 1894 1896
f 1898 228 227
f 1899 1895 1898
f 1900 1896 1899
f 1901 1897 1900
f 1902 227 226
f 1903 1898 1902
f 1904 1899 1903
f 1905 1900 1904
f 1906 1901 1905
f 1907 226 225
f 1908 1902 1907
f 1909 1903 1908
f 1910 1904 1909
f 1911 1905 1910
f 1912 1906 1911
f 1913 225 224
f 1914 1907 1913
f 1915 1908 1914
f 1916 1909 1915
f 1917 1910 1916
f 1918 1911 1917
f 1919 1912 1918
f 1920 224 223
f 1921 1913 1920
f 1922 1914 1921
f 1923 1915 1922
f 1924 1916 1923
f 1925 1917 1924
f 1926 1918 1925
f 1927 1919 1926
f 1928 223 222
f 1929 1920 1928
f 1930 1921 1929
f 1931 1922 1930
f 1932 1923 1931
f 1933 1924 1932
f 1934 1925 1933
f 1935 1926 1934
f 1936 1927 1935
f 1937 222 221
f 1938 1928 1937
f 1939 1929 1938
f 1940 1930 1939
f 1941 1931 1940
f 1942 1932 1941
f 1943 1933 1942
f 1944 1934 1943
f 1945 1935 1944
f 1946 1936 1945
f 1947 221 220
f 1948 1937 1947
f 1949 1938 1948
f 1950 1939 1949
f 1951 1940 1950
f 1952 1941 1951
f 1953 1942 1952
f 1954 1943 1953
f 1955 1944 1954
f 1956 1945 1955
f 1957 1946 1956
f 1958 220 219
f 1959 1947 1958
f 1960 1948 1959
f 1961 1949 1960
f 1962 1950 1961
f 1963 1951 1962
f 1964 1952 1963
f 1965 1953 1964
f 1966 1954 1965
f 1967 1955 1966
f 1968 1956 1967
f 1969 1957 1968
f 1970 219 218
f 1971 1958 1970
f 1972 1959 1971
f 1973 1960 1972
f 1974 1961 1973
f 1975 1962 1974
f 1976 1963 1975
f 1977 1964 1976
f 1978 1965 1977
f 1979 1966 1978
f 1980 1967 1979
f 1981 1968 1980
f 1982 1969 1981
f 1983 218 217
f 1984 1970 1983
f 1985 1971 1984
f 1986 1972 1985
f 1987 1973 1986
f 1988 1974 1987
f 1989 1975 1988
f 1990 1976 1989
f 1991 1977 1990
f 1992 1978 1991
f 1993 1979 1992
f 1994 1980 1993
f 1995 1981 1994
f 1996 1982 1995
f 1997 217 216
f 1998 1983 1997
f 1999 1984 1998
f 2000 1985 1999
f 2001 1986 2000
f 2002 1987 2001
f 2003 1988 2002
f 2004 1989 2003
f 2005 1990 2004
f 2006 1991 2005
f 2007 1992 2006
f 2008 1993 2007
f 2009 1994 2008
f 2010 1995 2009
f 2011 1996 2010
f 2012 216 215
f 2013 1997 2012
f 2014 1998 2013
f 2015 1999 2014
f 2016 2000 2015
f 2017 2001 2016
f 2018 2002 2017
f 2019 2003 2018
f 2020 2004 2019
f 2021 2005 2020
f 2022 2006 2021
f 2023 2007 2022
f 2024 2008 2023
f 2025 2009 2024
f 2026 2010 2025
f 2027 2011 2026
f 2028 215 214
f 2029 2012 2028
f 2030 2013 2029
f 2031 2014 2030
f 2032 2015 2031
f 2033 2016 2032
f 2034 2017 2033
f 2035 2018 2034
f 2036 2019 2035
f 2037 2020 2036
f 2038 2021 2037
f 2039 2022 2038
f 2040 2023 2039
f 2041 2024 2040
f 2042 2025 2041
f 2043 2026 2042
f 2044 2027 2043
f 2045 214 213
f 2046 2028 2045
f 2047 2029 2046
f 2048 2030 2047
f 2049 2031 2048
f 2050 2032 2049
f 2051 2033 2050
f 2052 2034 2051
f 2053 2035 2052
f 2054 2036 2053
f 2055 2037 2054
f 2056 2038 2055
f 2057 2039 2056
f 2058 2040 2057
f 2059 2041 2058
f 2060 2042 2059
f 2061 2043 2060
f 2062 2044 2061
f 2063 213 212
f 2064 2045 2063
f 2065 2046 2064
f 2066 2047 2065
f 2067 2048 2066
f 2068 2049 2067
f 2069 2050 2068
f 2070 2051 2069
f 2071 2052 2070
f 2072 2053 2071
f 2073 2054 2072
f 2074 2055 2073
f 2075 2056 2074
f 2076 2057 2075
f 2077 2058 2076
f 2078 2059 2077
f 2079 2060 2078
f 2080 2061 2079
f 2081 2062 2080
f 2082 212 211
f 2083 2063 2082
f 2084 2064 2083
f 2085 2065 2084
f 2086 2066 2085
f 2087 2067 2086
f 2088 2068 2087
f 2089 2069 2088
f 2090 2070 2089
f 2091 2071 2090
f 2092 2072 2091
f 2093 2073 2092
f 2094 2074 2093
f 2095 2075 2094
f 2096 2076 2095
f 2097 2077 2096
f 2098 2078 2097
f 2099 2079 2098
f 2100 2080 2099
f 2101 2081 2100
f 1892 230 1893
f 1893 229 1895
f 1894 1893 1896
f 1895 228 1898
f 1896 1895 1899
f 1897 1896 1900
f 1898 227 1902
f 1899 1898 1903
f 1900 1899 1904
f 1901 1900 1905
f 1902 226 1907
f 1903 1902 1908
f 1904 1903 1909
f 1905 1904 1910
f 1906 1905 1911
f 1907 225 1913
f 1908 1907 1914
f 1909 1908 1915
f 1910 1909 1916
f 1911 1910 1917
f 1912 1911 1918
f 1913 224 1920
f 1914 1913 1921
f 1915 1914 1922
f 1916 1915 1923
f 1917 1916 1924
f 1918 1917 1925
f 1919 1918 1926
f 1920 223 1928
f 1921 1920 1929
f 1922 1921 1930
f 1923 1922 1931
f 1924 1923 1932
f 1925 1924 1933
f 1926 1925 1934
f 1927 1926 1935
f 1928 222 1937
f 1929 1928 1938
f 1930 1929 1939
f 1931 1930 1940
f 1932 1931 1941
f 1933 1932 1942
f 1934 1933 1943
f 1935 1934 1944
f 1936 1935 1945
f 1937 221 1947
f 1938 1937 1948
f 1939 1938 1949
f 1940 1939 1950
f 1941 1940 1951
f 1942 1941 1952
f 1943 1942 1953
f 1944 1943 1954
f 1945 1944 1955
f 1946 1945 1956
f 1947 220 1958
f 1948 1947 1959
f 1949 1948 1960
f 1950 1949 1961
f 1951 1950 1962
f 1952 1951 1963
f 1953 1952 1964
f 1954 1953 1965
f 1955 1954 1966
f 1956 1955 1967
f 1957 1956 1968
f 1958 219 1970
f 1959 1958 1971
f 1960 1959 1972
f 1961 1960 1973
f 1962 1961 1974
f 1963 1962 1975
f 1964 1963 1976
f 1965 1964 1977
f 1966 1965 1978
f 1967 1966 1979
f 1968 1967 1980
f 1969 1968 1981
f 1970 218 1983
f 1971 1970 1984
f 1972 1971 1985
f 1973 1972 1986
f 1974 1973 1987
f 1975 1974 1988
f 1976 1975 1989
f 1977 1976 1990
f 1978 1977 1991
f 1979 1978 1992
f 1980 1979 1993
f 1981 1980 1994
f 1982 1981 1995
f 1983 217 1997
f 1984 1983 1998
f 1985 1984 1999
f 1986 1985 2000
f 1987 1986 2001
f 1988 1987 2002
f 1989 1988 2003
f 1990 1989 2004
f 1991 1990 2005
f 1992 1991 2006
f 1993 1992 2007
f 1994 1993 2008
f 1995 1994 2009
f 1996 1995 2010
f 1997 216 2012
f 1998 1997 2013
f 1999 1998 2014
f 2000 1999 2015
f 2001 2000 2016
f 2002 2001 2017
f 2003 2002 2018
f 2004 2003 2019
f 2005 2004 2020
f 2006 2005 2021
f 2007 2006 2022
f 2008 2007 2023
f 2009 2008 2024
f 2010 2009 2025
f 2011 2010 2026
f 2012 215 2028
f 2013 2012 2029
f 2014 2013 2030
f 2015 2014 2031
f 2016 2015 2032
f 2017 2016 2033
f 2018 2017 2034
f 2019 2018 2035
f 2020 2019 2036
f 2021 2020 2037
f 2022 2021 2038
f 2023 2022 2039
f 2024 2023 2040
f 2025 2024 2041
f 2026 2025 2042
f 2027 2026 2043
f 2028 214 2045
f 2029 2028 2046
f 2030 2029 2047
f 2031 2030 2048
f 2032 2031 2049
f 2033 2032 2050
f 2034 2033 2051
f 2035 2034 2052
f 2036 2035 2053
f 2037 2036 2054
f 2038 2037 2055
f 2039 2038 2056
f 2040 2039 2057
f 2041 2040 2058
f 2042 2041 2059
f 2043 2042 2060
f 2044 2043 2061
f 2045 213 2063
f 2046 2045 2064
f 2047 2046 2065
f 2048 2047 2066
f 2049 2048 2067
f 2050 2049 2068
f 2051 2050 2069
f 2052 2051 2070
f 2053 2052 2071
f 2054 2053 2072
f 2055 2054 2073
f 2056 2055 2074
f 2057 2056 2075
f 2058 2057 2076
f 2059 2058 2077
f 2060 2059 2078
f 2061 2060 2079
f 2062 2061 2080
f 2063 212 2082
f 2064 2063 2083
f 2065 2064 2084
f 2066 2065 2085
f 2067 2066 2086
f 2068 2067 2087
f 2069 2068 2088
f 2070 2069 2089
f 2071 2070 2090
f 2072 2071 2091
f 2073 2072 2092
f 2074 2073 2093
f 2075 2074 2094
f 2076 2075 2095
f 2077 2076 2096
f 2078 2077 2097
f 2079 2078 2098
f 2080 2079 2099
f 2081 2080 2100
f 2082 211 1052
f 2102 1052 1054
f 2083 2082 2102
f 2103 1054 1057
f 2104 2102 2103
f 2084 2083 2104
f 2105 1057 1061
f 2106 2103 2105
f 2107 2104 2106
f 2085 2084 2107
f 2108 1061 1066
f 2109 2105 2108
f 2110 2106 2109
f 2111 2107 2110
f 2086 2085 2111
f 2112 1066 1072
f 2113 2108 2112
f 2114 2109 2113
f 2115 2110 2114
f 2116 2111 2115
f 2087 2086 2116
f 2117 1072 1079
f 2118 2112 2117
f 2119 2113 2118
f 2120 2114 2119
f 2121 2115 2120
f 2122 2116 2121
f 2088 2087 2122
f 2123 1079 1087
f 2124 2117 2123
f 2125 2118 2124
f 2126 2119 2125
f 2127 2120 2126
f 2128 2121 2127
f 2129 2122 2128
f 2089 2088 2129
f 2130 1087 1096
f 2131 2123 2130
f 2132 2124 2131
f 2133 2125 2132
f 2134 2126 2133
f 2135 2127 2134
f 2136 2128 2135
f 2137 2129 2136
f 2090 2089 2137
f 2138 1096 1106
f 2139 2130 2138
f 2140 2131 2139
f 2141 2132 2140
f 2142 2133 2141
f 2143 2134 2142
f 2144 2135 2143
f 2145 2136 2144
f 2146 2137 2145
f 2091 2090 2146
f 2147 1106 1117
f 2148 2138 2147
f 2149 2139 2148
f 2150 2140 2149
f 2151 2141 2150
f 2152 2142 2151
f 2153 2143 2152
f 2154 2144 2153
f 2155 2145 2154
f 2156 2146 2155
f 2092 2091 2156
f 2157 1117 1129
f 2158 2147 2157
f 2159 2148 2158
f 2160 2149 2159
f 2161 2150 2160
f 2162 2151 2161
f 2163 2152 2162
f 2164 2153 2163
f 2165 2154 2164
f 2166 2155 2165
f 2167 2156 2166
f 2093 2092 2167
f 2168 1129 1142
f 2169 2157 2168
f 2170 2158 2169
f 2171 2159 2170
f 2172 2160 2171
f 2173 2161 2172
f 2174 2162 2173
f 2175 2163 2174
f 2176 2164 2175
f 2177 2165 2176
f 2178 2166 2177
f 2179 2167 2178
f 2094 2093 2179
f 2180 1142 1156
f 2181 2168 2180
f 2182 2169 2181
f 2183 2170 2182
f 2184 2171 2183
f 2185 2172 2184
f 2186 2173 2185
f 2187 2174 2186
f 2188 2175 2187
f 2189 2176 2188
f 2190 2177 2189
f 2191 2178 2190
f 2192 2179 2191
f 2095 2094 2192
f 2193 1156 1171
f 2194 2180 2193
f 2195 2181 2194
f 2196 2182 2195
f 2197 2183 2196
f 2198 2184 2197
f 2199 2185 2198
f 2200 2186 2199
f 2201 2187 2200
f 2202 2188 2201
f 2203 2189 2202
f 2204 2190 2203
f 2205 2191 2204
f 2206 2192 2205
f 2096 2095 2206
f 2207 1171 1187
f 2208 2193 2207
f 2209 2194 2208
f 2210 2195 2209
f 2211 2196 2210
f 2212 2197 2211
f 2213 2198 2212
f 2214 2199 2213
f 2215 2200 2214
f 2216 2201 2215
f 2217 2202 2216
f 2218 2203 2217
f 2219 2204 2218
f 2220 2205 2219
f 2221 2206 2220
f 2097 2096 2221
f 2222 1187 1204
f 2223 2207 2222
f 2224 2208 2223
f 2225 2209 2224
f 2226 2210 2225
f 2227 2211 2226
f 2228 2212 2227
f 2229 2213 2228
f 2230 2214 2229
f 2231 2215 2230
f 2232 2216 2231
f 2233 2217 2232
f 2234 2218 2233
f 2235 2219 2234
f 2236 2220 2235
f 2237 2221 2236
f 2098 2097 2237
f 2238 1204 1222
f 2239 2222 2238
f 2240 2223 2239
f 2241 2224 2240
f 2242 2225 2241
f 2243 2226 2242
f 2244 2227 2243
f 2245 2228 2244
f 2246 2229 2245
f 2247 2230 2246
f 2248 2231 2247
f 2249 2232 2248
f 2250 2233 2249
f 2251 2234 2250
f 2252 2235 2251
f 2253 2236 2252
f 2254 2237 2253
f 2099 2098 2254
f 2255 1222 1241
f 2256 2238 2255
f 2257 2239 2256
f 2258 2240 2257
f 2259 2241 2258
f 2260 2242 2259
f 2261 2243 2260
f 2262 2244 2261
f 2263 2245 2262
f 2264 2246 2263
f 2265 2247 2264
f 2266 2248 2265
f 2267 2249 2266
f 2268 2250 2267
f 2269 2251 2268
f 2270 2252 2269
f 2271 2253 2270
f 2272 2254 2271
f 2100 2099 2272
f 2273 1241 1261
f 2274 2255 2273
f 2275 2256 2274
f 2276 2257 2275
f 2277 2258 2276
f 2278 2259 2277
f 2279 2260 2278
f 2280 2261 2279
f 2281 2262 2280
f 2282 2263 2281
f 2283 2264 2282
f 2284 2265 2283
f 2285 2266 2284
f 2286 2267 2285
f 2287 2268 2286
f 2288 2269 2287
f 2289 2270 2288
f 2290 2271 2289
f 2291 2272 2290
f 2101 2100 2291
f 2082 1052 2102
f 2102 1054 2103
f 2083 2102 2104
f 2103 1057 2105
f 2104 2103 2106
f 2084 2104 2107
f 2105 1061 2108
f 2106 2105 2109
f 2107 2106 2110
f 2085 2107 2111
f 2108 1066 2112
f 2109 2108 2113
f 2110 2109 2114
f 2111 2110 2115
f 2086 2111 2116
f 2112 1072 2117
f 2113 2112 2118
f 2114 2113 2119
f 2115 2114 2120
f 2116 2115 2121
f 2087 2116 2122
f 2117 1079 2123
f 2118 2117 2124
f 2119 2118 2125
f 2120 2119 2126
f 2121 2120 2127
f 2122 2121 2128
f 2088 2122 2129
f 2123 1087 2130
f 2124 2123 2131
f 2125 2124 2132
f 2126 2125 2133
f 2127 2126 2134
f 2128 2127 2135
f 2129 2128 2136
f 2089 2129 2137
f 2130 1096 2138
f 2131 2130 2139
f 2132 2131 2140
f 2133 2132 2141
f 2134 2133 2142
f 2135 2134 2143
f 2136 2135 2144
f 2137 2136 2145
f 2090 2137 2146
f 2138 1106 2147
f 2139 2138 2148
f 2140 2139 2149
f 2141 2140 2150
f 2142 2141 2151
f 2143 2142 2152
f 2144 2143 2153
f 2145 2144 2154
f 2146 2145 2155
f 2091 2146 2156
f 2147 1117 2157
f 2148 2147 2158
f 2149 2148 2159
f 2150 2149 2160
f 2151 2150 2161
f 2152 2151 2162
f 2153 2152 2163
f 2154 2153 2164
f 2155 2154 2165
f 2156 2155 2166
f 2092 2156 2167
f 2157 1129 2168
f 2158 2157 2169
f 2159 2158 2170
f 2160 2159 2171
f 2161 2160 2172
f 2162 2161 2173
f 2163 2162 2174
f 2164 2163 2175
f 2165 2164 2176
f 2166 2165 2177
f 2167 2166 2178
f 2093 2167 2179
f 2168 1142 2180
f 2169 2168 2181
f 2170 2169 2182
f 2171 2170 2183
f 2172 2171 2184
f 2173 2172 2185
f 2174 2173 2186
f 2175 2174 2187
f 2176 2175 2188
f 2177 2176 2189
f 2178 2177 2190
f 2179 2178 2191
f 2094 2179 2192
f 2180 1156 2193
f 2181 2180 2194
f 2182 2181 2195
f 2183 2182 2196
f 2184 2183 2197
f 2185 2184 2198
f 2186 2185 2199
f 2187 2186 2200
f 2188 2187 2201
f 2189 2188 2202
f 2190 2189 2203
f 2191 2190 2204
f 2192 2191 2205
f 2095 2192 2206
f 2193 1171 2207
f 2194 2193 2208
f 2195 2194 2209
f 2196 2195 2210
f 2197 2196 2211
f 2198 2197 2212
f 2199 2198 2213
f 2200 2199 2214
f 2201 2200 2215
f 2202 2201 2216
f 2203 2202 2217
f 2204 2203 2218
f 2205 2204 2219
f 2206 2205 2220
f 2096 2206 2221
f 2207 1187 2222
f 2208 2207 2223
f 2209 2208 2224
f 2210 2209 2225
f 2211 2210 2226
f 2212 2211 2227
f 2213 2212 2228
f 2214 2213 2229
f 2215 2214 2230
f 2216 2215 2231
f 2217 2216 2232
f 2218 2217 2233
f 2219 2218 2234
f 2220 2219 2235
f 2221 2220 2236
f 2097 2221 2237
f 2222 1204 2238
f 2223 2222 2239
f 2224 2223 2240
f 2225 2224 2241
f 2226 2225 2242
f 2227 2226 2243
f 2228 2227 2244
f 2229 2228 2245
f 2230 2229 2246
f 2231 2230 2247
f 2232 2231 2248
f 2233 2232 2249
f 2234 2233 2250
f 2235 2234 2251
f 2236 2235 2252
f 2237 2236 2253
f 2098 2237 2254
f 2238 1222 2255
f 2239 2238 2256
f 2240 2239 2257
f 2241 2240 2258
f 2242 2241 2259
f 2243 2242 2260
f 2244 2243 2261
f 2245 2244 2262
f 2246 2245 2263
f 2247 2246 2264
f 2248 2247 2265
f 2249 2248 2266
f 2250 2249 2267
f 2251 2250 2268
f 2252 2251 2269
f 2253 2252 2270
f 2254 2253 2271
f 2099 2254 2272
f 2255 1241 2273
f 2256 2255 2274
f 2257 2256 2275
f 2258 2257 2276
f 2259 2258 2277
f 2260 2259 2278
f 2261 2260 2279
f 2262 2261 2280
f 2263 2262 2281
f 2264 2263 2282
f 2265 2264 2283
f 2266 2265 2284
f 2267 2266 2285
f 2268 2267 2286
f 2269 2268 2287
f 2270 2269 2288
f 2271 2270 2289
f 2272 2271 2290
f 2100 2272 2291
f 1242 861 1262
f 2292 1262 1264
f 1243 1242 2292
f 2293 1264 1267
f 2294 2292 2293
f 1244 1243 2294
f 2295 1267 1271
f 2296 2293 2295
f 2297 2294 2296
f 1245 1244 2297
f 2298 1271 1276
f 2299 2295 2298
f 2300 2296 2299
f 2301 2297 2300
f 1246 1245 2301
f 2302 1276 1282
f 2303 2298 2302
f 2304 2299 2303
f 2305 2300 2304
f 2306 2301 2305
f 1247 1246 2306
f 2307 1282 1289
f 2308 2302 2307
f 2309 2303 2308
f 2310 2304 2309
f 2311 2305 2310
f 2312 2306 2311
f 1248 1247 2312
f 2313 1289 1297
f 2314 2307 2313
f 2315 2308 2314
f 2316 2309 2315
f 2317 2310 2316
f 2318 2311 2317
f 2319 2312 2318
f 1249 1248 2319
f 2320 1297 1306
f 2321 2313 2320
f 2322 2314 2321
f 2323 2315 2322
f 2324 2316 2323
f 2325 2317 2324
f 2326 2318 2325
f 2327 2319 2326
f 1250 1249 2327
f 2328 1306 1316
f 2329 2320 2328
f 2330 2321 2329
f 2331 2322 2330
f 2332 2323 2331
f 2333 2324 2332
f 2334 2325 2333
f 2335 2326 2334
f 2336 2327 2335
f 1251 1250 2336
f 2337 1316 1327
f 2338 2328 2337
f 2339 2329 2338
f 2340 2330 2339
f 2341 2331 2340
f 2342 2332 2341
f 2343 2333 2342
f 2344 2334 2343
f 2345 2335 2344
f 2346 2336 2345
f 1252 1251 2346
f 2347 1327 1339
f 2348 2337 2347
f 2349 2338 2348
f 2350 2339 2349
f 2351 2340 2350
f 2352 2341 2351
f 2353 2342 2352
f 2354 2343 2353
f 2355 2344 2354
f 2356 2345 2355
f 2357 2346 2356
f 1253 1252 2357
f 2358 1339 1352
f 2359 2347 2358
f 2360 2348 2359
f 2361 2349 2360
f 2362 2350 2361
f 2363 2351 2362
f 2364 2352 2363
f 2365 2353 2364
f 2366 2354 2365
f 2367 2355 2366
f 2368 2356 2367
f 2369 2357 2368
f 1254 1253 2369
f 2370 1352 1366
f 2371 2358 2370
f 2372 2359 2371
f 2373 2360 2372
f 2374 2361 2373
f 2375 2362 2374
f 2376 2363 2375
f 2377 2364 2376
f 2378 2365 2377
f 2379 2366 2378
f 2380 2367 2379
f 2381 2368 2380
f 2382 2369 2381
f 1255 1254 2382
f 2383 1366 1381
f 2384 2370 2383
f 2385 2371 2384
f 2386 2372 2385
f 2387 2373 2386
f 2388 2374 2387
f 2389 2375 2388
f 2390 2376 2389
f 2391 2377 2390
f 2392 2378 2391
f 2393 2379 2392
f 2394 2380 2393
f 2395 2381 2394
f 2396 2382 2395
f 1256 1255 2396
f 2397 1381 1397
f 2398 2383 2397
f 2399 2384 2398
f 2400 2385 2399
f 2401 2386 2400
f 2402 2387 2401
f 2403 2388 2402
f 2404 2389 2403
f 2405 2390 2404
f 2406 2391 2405
f 2407 2392 2406
f 2408 2393 2407
f 2409 2394 2408
f 2410 2395 2409
f 2411 2396 2410
f 1257 1256 2411
f 2412 1397 1414
f 2413 2397 2412
f 2414 2398 2413
f 2415 2399 2414
f 2416 2400 2415
f 2417 2401 2416
f 2418 2402 2417
f 2419 2403 2418
f 2420 2404 2419
f 2421 2405 2420
f 2422 2406 2421
f 2423 2407 2422
f 2424 2408 2423
f 2425 2409 2424
f 2426 2410 2425
f 2427 2411 2426
f 1258 1257 2427
f 2428 1414 1432
f 2429 2412 2428
f 2430 2413 2429
f 2431 2414 2430
f 2432 2415 2431
f 2433 2416 2432
f 2434 2417 2433
f 2435 2418 2434
f 2436 2419 2435
f 2437 2420 2436
f 2438 2421 2437
f 2439 2422 2438
f 2440 2423 2439
f 2441 2424 2440
f 2442 2425 2441
f 2443 2426 2442
f 2444 2427 2443
f 1259 1258 2444
f 2445 1432 1451
f 2446 2428 2445
f 2447 2429 2446
f 2448 2430 2447
f 2449 2431 2448
f 2450 2432 2449
f 2451 2433 2450
f 2452 2434 2451
f 2453 2435 2452
f 2454 2436 2453
f 2455 2437 2454
f 2456 2438 2455
f 2457 2439 2456
f 2458 2440 2457
f 2459 2441 2458
f 2460 2442 2459
f 2461 2443 2460
f 2462 2444 2461
f 1260 1259 2462
f 2463 1451 1471
f 2464 2445 2463
f 2465 2446 2464
f 2466 2447 2465
f 2467 2448 2466
f 2468 2449 2467
f 2469 2450 2468
f 2470 2451 2469
f 2471 2452 2470
f 2472 2453 2471
f 2473 2454 2472
f 2474 2455 2473
f 2475 2456 2474
f 2476 2457 2475
f 2477 2458 2476
f 2478 2459 2477
f 2479 2460 2478
f 2480 2461 2479
f 2481 2462 2480
f 1261 1260 2481
f 1242 1262 2292
f 2292 1264 2293
f 1243 2292 2294
f 2293 1267 2295
f 2294 2293 2296
f 1244 2294 2297
f 2295 1271 2298
f 2296 2295 2299
f 2297 2296 2300
f 1245 2297 2301
f 2298 1276 2302
f 2299 2298 2303
f 2300 2299 2304
f 2301 2300 2305
f 1246 2301 2306
f 2302 1282 2307
f 2303 2302 2308
f 2304 2303 2309
f 2305 2304 2310
f 2306 2305 2311
f 1247 2306 2312
f 2307 1289 2313
f 2308 2307 2314
f 2309 2308 2315
f 2310 2309 2316
f 2311 2310 2317
f 2312 2311 2318
f 1248 2312 2319
f 2313 1297 2320
f 2314 2313 2321
f 2315 2314 2322
f 2316 2315 2323
f 2317 2316 2324
f 2318 2317 2325
f 2319 2318 2326
f 1249 2319 2327
f 2320 1306 2328
f 2321 2320 2329
f 2322 2321 2330
f 2323 2322 2331
f 2324 2323 2332
f 2325 2324 2333
f 2326 2325 2334
f 2327 2326 2335
f 1250 2327 2336
f 2328 1316 2337
f 2329 2328 2338
f 2330 2329 2339
f 2331 2330 2340
f 2332 2331 2341
f 2333 2332 2342
f 2334 2333 2343
f 2335 2334 2344
f 2336 2335 2345
f 1251 2336 2346
f 2337 1327 2347
f 2338 2337 2348
f 2339 2338 2349
f 2340 2339 2350
f 2341 2340 2351
f 2342 2341 2352
f 2343 2342 2353
f 2344 2343 2354
f 2345 2344 2355
f 2346 2345 2356
f 1252 2346 2357
f 2347 1339 2358
f 2348 2347 2359
f 2349 2348 2360
f 2350 2349 2361
f 2351 2350 2362
f 2352 2351 2363
f 2353 2352 2364
f 2354 2353 2365
f 2355 2354 2366
f 2356 2355 2367
f 2357 2356 2368
f 1253 2357 2369
f 2358 1352 2370
f 2359 2358 2371
f 2360 2359 2372
f 2361 2360 2373
f 2362 2361 2374
f 2363 2362 2375
f 2364 2363 2376
f 2365 2364 2377
f 2366 2365 2378
f 2367 2366 2379
f 2368 2367 2380
f 2369 2368 2381
f 1254 2369 2382
f 2370 1366 2383
f 2371 2370 2384
f 2372 2371 2385
f 2373 2372 2386
f 2374 2373 2387
f 2375 2374 2388
f 2376 2375 2389
f 2377 2376 2390
f 2378 2377 2391
f 2379 2378 2392
f 2380 2379 2393
f 2381 2380 2394
f 2382 2381 2395
f 1255 2382 2396
f 2383 1381 2397
f 2384 2383 2398
f 2385 2384 2399
f 2386 2385 2400
f 2387 2386 2401
f 2388 2387 2402
f 2389 2388 2403
f 2390 2389 2404
f 2391 2390 2405
f 2392 2391 2406
f 2393 2392 2407
f 2394 2393 2408
f 2395 2394 2409
f 2396 2395 2410
f 1256 2396 2411
f 2397 1397 2412
f 2398 2397 2413
f 2399 2398 2414
f 2400 2399 2415
f 2401 2400 2416
f 2402 2401 2417
f 2403 2402 2418
f 2404 2403 2419
f 2405 2404 2420
f 2406 2405 2421
f 2407 2406 2422
f 2408 2407 2423
f 2409 2408 2424
f 2410 2409 2425
f 2411 2410 2426
f 1257 2411 2427
f 2412 1414 2428
f 2413 2412 2429
f 2414 2413 2430
f 2415 2414 2431
f 2416 2415 2432
f 2417 2416 2433
f 2418 2417 2434
f 2419 2418 2435
f 2420 2419 2436
f 2421 2420 2437
f 2422 2421 2438
f 2423 2422 2439
f 2424 2423 2440
f 2425 2424 2441
f 2426 2425 2442
f 2427 2426 2443
f 1258 2427 2444
f 2428 1432 2445
f 2429 2428 2446
f 2430 2429 2447
f 2431 2430 2448
f 2432 2431 2449
f 2433 2432 2450
f 2434 2433 2451
f 2435 2434 2452
f 2436 2435 2453
f 2437 2436 2454
f 2438 2437 2455
f 2439 2438 2456
f 2440 2439 2457
f 2441 2440 2458
f 2442 2441 2459
f 2443 2442 2460
f 2444 2443 2461
f 1259 2444 2462
f 2445 1451 2463
f 2446 2445 2464
f 2447 2446 2465
f 2448 2447 2466
f 2449 2448 2467
f 2450 2449 2468
f 2451 2450 2469
f 2452 2451 2470
f 2453 2452 2471
f 2454 2453 2472
f 2455 2454 2473
f 2456 2455 2474
f 2457 2456 2475
f 2458 2457 2476
f 2459 2458 2477
f 2460 2459 2478
f 2461 2460 2479
f 2462 2461 2480
f 1260 2462 2481
f 1452 651 1472
f 2482 1472 1474
f 1453 1452 2482
f 2483 1474 1477
f 2484 2482 2483
f 1454 1453 2484
f 2485 1477 1481
f 2486 2483 2485
f 2487 2484 2486
f 1455 1454 2487
f 2488 1481 1486
f 2489 2485 2488
f 2490 2486 2489
f 2491 2487 2490
f 1456 1455 2491
f 2492 1486 1492
f 2493 2488 2492
f 2494 2489 2493
f 2495 2490 2494
f 2496 2491 2495
f 1457 1456 2496
f 2497 1492 1499
f 2498 2492 2497
f 2499 2493 2498
f 2500 2494 2499
f 2501 2495 2500
f 2502 2496 2501
f 1458 1457 2502
f 2503 1499 1507
f 2504 2497 2503
f 2505 2498 2504
f 2506 2499 2505
f 2507 2500 2506
f 2508 2501 2507
f 2509 2502 2508
f 1459 1458 2509
f 2510 1507 1516
f 2511 2503 2510
f 2512 2504 2511
f 2513 2505 2512
f 2514 2506 2513
f 2515 2507 2514
f 2516 2508 2515
f 2517 2509 2516
f 1460 1459 2517
f 2518 1516 1526
f 2519 2510 2518
f 2520 2511 2519
f 2521 2512 2520
f 2522 2513 2521
f 2523 2514 2522
f 2524 2515 2523
f 2525 2516 2524
f 2526 2517 2525
f 1461 1460 2526
f 2527 1526 1537
f 2528 2518 2527
f 2529 2519 2528
f 2530 2520 2529
f 2531 2521 2530
f 2532 2522 2531
f 2533 2523 2532
f 2534 2524 2533
f 2535 2525 2534
f 2536 2526 2535
f 1462 1461 2536
f 2537 1537 1549
f 2538 2527 2537
f 2539 2528 2538
f 2540 2529 2539
f 2541 2530 2540
f 2542 2531 2541
f 2543 2532 2542
f 2544 2533 2543
f 2545 2534 2544
f 2546 2535 2545
f 2547 2536 2546
f 1463 1462 2547
f 2548 1549 1562
f 2549 2537 2548
f 2550 2538 2549
f 2551 2539 2550
f 2552 2540 2551
f 2553 2541 2552
f 2554 2542 2553
f 2555 2543 2554
f 2556 2544 2555
f 2557 2545 2556
f 2558 2546 2557
f 2559 2547 2558
f 1464 1463 2559
f 2560 1562 1576
f 2561 2548 2560
f 2562 2549 2561
f 2563 2550 2562
f 2564 2551 2563
f 2565 2552 2564
f 2566 2553 2565
f 2567 2554 2566
f 2568 2555 2567
f 2569 2556 2568
f 2570 2557 2569
f 2571 2558 2570
f 2572 2559 2571
f 1465 1464 2572
f 2573 1576 1591
f 2574 2560 2573
f 2575 2561 2574
f 2576 2562 2575
f 2577 2563 2576
f 2578 2564 2577
f 2579 2565 2578
f 2580 2566 2579
f 2581 2567 2580
f 2582 2568 2581
f 2583 2569 2582
f 2584 2570 2583
f 2585 2571 2584
f 2586 2572 2585
f 1466 1465 2586
f 2587 1591 1607
f 2588 2573 2587
f 2589 2574 2588
f 2590 2575 2589
f 2591 2576 2590
f 2592 2577 2591
f 2593 2578 2592
f 2594 2579 2593
f 2595 2580 2594
f 2596 2581 2595
f 2597 2582 2596
f 2598 2583 2597
f 2599 2584 2598
f 2600 2585 2599
f 2601 2586 2600
f 1467 1466 2601
f 2602 1607 1624
f 2603 2587 2602
f 2604 2588 2603
f 2605 2589 2604
f 2606 2590 2605
f 2607 2591 2606
f 2608 2592 2607
f 2609 2593 2608
f 2610 2594 2609
f 2611 2595 2610
f 2612 2596 2611
f 2613 2597 2612
f 2614 2598 2613
f 2615 2599 2614
f 2616 2600 2615
f 2617 2601 2616
f 1468 1467 2617
f 2618 1624 1642
f 2619 2602 2618
f 2620 2603 2619
f 2621 2604 2620
f 2622 2605 2621
f 2623 2606 2622
f 2624 2607 2623
f 2625 2608 2624
f 2626 2609 2625
f 2627 2610 2626
f 2628 2611 2627
f 2629 2612 2628
f 2630 2613 2629
f 2631 2614 2630
f 2632 2615 2631
f 2633 2616 2632
f 2634 2617 2633
f 1469 1468 2634
f 2635 1642 1661
f 2636 2618 2635
f 2637 2619 2636
f 2638 2620 2637
f 2639 2621 2638
f 2640 2622 2639
f 2641 2623 2640
f 2642 2624 2641
f 2643 2625 2642
f 2644 2626 2643
f 2645 2627 2644
f 2646 2628 2645
f 2647 2629 2646
f 2648 2630 2647
f 2649 2631 2648
f 2650 2632 2649
f 2651 2633 2650
f 2652 2634 2651
f 1470 1469 2652
f 2653 1661 1681
f 2654 2635 2653
f 2655 2636 2654
f 2656 2637 2655
f 2657 2638 2656
f 2658 2639 2657
f 2659 2640 2658
f 2660 2641 2659
f 2661 2642 2660
f 2662 2643 2661
f 2663 2644 2662
f 2664 2645 2663
f 2665 2646 2664
f 2666 2647 2665
f 2667 2648 2666
f 2668 2649 2667
f 2669 2650 2668
f 2670 2651 2669
f 2671 2652 2670
f 1471 1470 2671
f 1452 1472 2482
f 2482 1474 2483
f 1453 2482 2484
f 2483 1477 2485
f 2484 2483 2486
f 1454 2484 2487
f 2485 1481 2488
f 2486 2485 2489
f 2487 2486 2490
f 1455 2487 2491
f 2488 1486 2492
f 2489 2488 2493
f 2490 2489 2494
f 2491 2490 2495
f 1456 2491 2496
f 2492 1492 2497
f 2493 2492 2498
f 2494 2493 2499
f 2495 2494 2500
f 2496 2495 2501
f 1457 2496 2502
f 2497 1499 2503
f 2498 2497 2504
f 2499 2498 2505
f 2500 2499 2506
f 2501 2500 2507
f 2502 2501 2508
f 1458 2502 2509
f 2503 1507 2510
f 2504 2503 2511
f 2505 2504 2512
f 2506 2505 2513
f 2507 2506 2514
f 2508 2507 2515
f 2509 2508 2516
f 1459 2509 2517
f 2510 1516 2518
f 2511 2510 2519
f 2512 2511 2520
f 2513 2512 2521
f 2514 2513 2522
f 2515 2514 2523
f 2516 2515 2524
f 2517 2516 2525
f 1460 2517 2526
f 2518 1526 2527
f 2519 2518 2528
f 2520 2519 2529
f 2521 2520 2530
f 2522 2521 2531
f 2523 2522 2532
f 2524 2523 2533
f 2525 2524 2534
f 2526 2525 2535
f 1461 2526 2536
f 2527 1537 2537
f 2528 2527 2538
f 2529 2528 2539
f 2530 2529 2540
f 2531 2530 2541
f 2532 2531 2542
f 2533 2532 2543
f 2534 2533 2544
f 2535 2534 2545
f 2536 2535 2546
f 1462 2536 2547
f 2537 1549 2548
f 2538 2537 2549
f 2539 2538 2550
f 2540 2539 2551
f 2541 2540 2552
f 2542 2541 2553
f 2543 2542 2554
f 2544 2543 2555
f 2545 2544 2556
f 2546 2545 2557
f 2547 2546 2558
f 1463 2547 2559
f 2548 1562 2560
f 2549 2548 2561
f 2550 2549 2562
f 2551 2550 2563
f 2552 2551 2564
f 2553 2552 2565
f 2554 2553 2566
f 2555 2554 2567
f 2556 2555 2568
f 2557 2556 2569
f 2558 2557 2570
f 2559 2558 2571
f 1464 2559 2572
f 2560 1576 2573
f 2561 2560 2574
f 2562 2561 2575
f 2563 2562 2576
f 2564 2563 2577
f 2565 2564 2578
f 2566 2565 2579
f 2567 2566 2580
f 2568 2567 2581
f 2569 2568 2582
f 2570 2569 2583
f 2571 2570 2584
f 2572 2571 2585
f 1465 2572 2586
f 2573 1591 2587
f 2574 2573 2588
f 2575 2574 2589
f 2576 2575 2590
f 2577 2576 2591
f 2578 2577 2592
f 2579 2578 2593
f 2580 2579 2594
f 2581 2580 2595
f 2582 2581 2596
f 2583 2582 2597
f 2584 2583 2598
f 2585 2584 2599
f 2586 2585 2600
f 1466 2586 2601
f 2587 1607 2602
f 2588 2587 2603
f 2589 2588 2604
f 2590 2589 2605
f 2591 2590 2606
f 2592 2591 2607
f 2593 2592 2608
f 2594 2593 2609
f 2595 2594 2610
f 2596 2595 2611
f 2597 2596 2612
f 2598 2597 2613
f 2599 2598 2614
f 2600 2599 2615
f 2601 2600 2616
f 1467 2601 2617
f 2602 1624 2618
f 2603 2602 2619
f 2604 2603 2620
f 2605 2604 2621
f 2606 2605 2622
f 2607 2606 2623
f 2608 2607 2624
f 2609 2608 2625
f 2610 2609 2626
f 2611 2610 2627
f 2612 2611 2628
f 2613 2612 2629
f 2614 2613 2630
f 2615 2614 2631
f 2616 2615 2632
f 2617 2616 2633
f 1468 2617 2634
f 2618 1642 2635
f 2619 2618 2636
f 2620 2619 2637
f 2621 2620 2638
f 2622 2621 2639
f 2623 2622 2640
f 2624 2623 2641
f 2625 2624 2642
f 2626 2625 2643
f 2627 2626 2644
f 2628 2627 2645
f 2629 2628 2646
f 2630 2629 2647
f 2631 2630 2648
f 2632 2631 2649
f 2633 2632 2650
f 2634 2633 2651
f 1469 2634 2652
f 2635 1661 2653
f 2636 2635 2654
f 2637 2636 2655
f 2638 2637 2656
f 2639 2638 2657
f 2640 2639 2658
f 2641 2640 2659
f 2642 2641 2660
f 2643 2642 2661
f 2644 2643 2662
f 2645 2644 2663
f 2646 2645 2664
f 2647 2646 2665
f 2648 2647 2666
f 2649 2648 2667
f 2650 2649 2668
f 2651 2650 2669
f 2652 2651 2670
f 1470 2652 2671
f 1662 441 1682
f 2672 1682 1684
f 1663 1662 2672
f 2673 1684 1687
f 2674 2672 2673
f 1664 1663 2674
f 2675 1687 1691
f 2676 2673 2675
f 2677 2674 2676
f 1665 1664 2677
f 2678 1691 1696
f 2679 2675 2678
f 2680 2676 2679
f 2681 2677 2680
f 1666 1665 2681
f 2682 1696 1702
f 2683 2678 2682
f 2684 2679 2683
f 2685 2680 2684
f 2686 2681 2685
f 1667 1666 2686
f 2687 1702 1709
f 2688 2682 2687
f 2689 2683 2688
f 2690 2684 2689
f 2691 2685 2690
f 2692 2686 2691
f 1668 1667 2692
f 2693 1709 1717
f 2694 2687 2693
f 2695 2688 2694
f 2696 2689 2695
f 2697 2690 2696
f 2698 2691 2697
f 2699 2692 2698
f 1669 1668 2699
f 2700 1717 1726
f 2701 2693 2700
f 2702 2694 2701
f 2703 2695 2702
f 2704 2696 2703
f 2705 2697 2704
f 2706 2698 2705
f 2707 2699 2706
f 1670 1669 2707
f 2708 1726 1736
f 2709 2700 2708
f 2710 2701 2709
f 2711 2702 2710
f 2712 2703 2711
f 2713 2704 2712
f 2714 2705 2713
f 2715 2706 2714
f 2716 2707 2715
f 1671 1670 2716
f 2717 1736 1747
f 2718 2708 2717
f 2719 2709 2718
f 2720 2710 2719
f 2721 2711 2720
f 2722 2712 2721
f 2723 2713 2722
f 2724 2714 2723
f 2725 2715 2724
f 2726 2716 2725
f 1672 1671 2726
f 2727 1747 1759
f 2728 2717 2727
f 2729 2718 2728
f 2730 2719 2729
f 2731 2720 2730
f 2732 2721 2731
f 2733 2722 2732
f 2734 2723 2733
f 2735 2724 2734
f 2736 2725 2735
f 2737 2726 2736
f 1673 1672 2737
f 2738 1759 1772
f 2739 2727 2738
f 2740 2728 2739
f 2741 2729 2740
f 2742 2730 2741
f 2743 2731 2742
f 2744 2732 2743
f 2745 2733 2744
f 2746 2734 2745
f 2747 2735 2746
f 2748 2736 2747
f 2749 2737 2748
f 1674 1673 2749
f 2750 1772 1786
f 2751 2738 2750
f 2752 2739 2751
f 2753 2740 2752
f 2754 2741 2753
f 2755 2742 2754
f 2756 2743 2755
f 2757 2744 2756
f 2758 2745 2757
f 2759 2746 2758
f 2760 2747 2759
f 2761 2748 2760
f 2762 2749 2761
f 1675 1674 2762
f 2763 1786 1801
f 2764 2750 2763
f 2765 2751 2764
f 2766 2752 2765
f 2767 2753 2766
f 2768 2754 2767
f 2769 2755 2768
f 2770 2756 2769
f 2771 2757 2770
f 2772 2758 2771
f 2773 2759 2772
f 2774 2760 2773
f 2775 2761 2774
f 2776 2762 2775
f 1676 1675 2776
f 2777 1801 1817
f 2778 2763 2777
f 2779 2764 2778
f 2780 2765 2779
f 2781 2766 2780
f 2782 2767 2781
f 2783 2768 2782
f 2784 2769 2783
f 2785 2770 2784
f 2786 2771 2785
f 2787 2772 2786
f 2788 2773 2787
f 2789 2774 2788
f 2790 2775 2789
f 2791 2776 2790
f 1677 1676 2791
f 2792 1817 1834
f 2793 2777 2792
f 2794 2778 2793
f 2795 2779 2794
f 2796 2780 2795
f 2797 2781 2796
f 2798 2782 2797
f 2799 2783 2798
f 2800 2784 2799
f 2801 2785 2800
f 2802 2786 2801
f 2803 2787 2802
f 2804 2788 2803
f 2805 2789 2804
f 2806 2790 2805
f 2807 2791 2806
f 1678 1677 2807
f 2808 1834 1852
f 2809 2792 2808
f 2810 2793 2809
f 2811 2794 2810
f 2812 2795 2811
f 2813 2796 2812
f 2814 2797 2813
f 2815 2798 2814
f 2816 2799 2815
f 2817 2800 2816
f 2818 2801 2817
f 2819 2802 2818
f 2820 2803 2819
f 2821 2804 2820
f 2822 2805 2821
f 2823 2806 2822
f 2824 2807 2823
f 1679 1678 2824
f 2825 1852 1871
f 2826 2808 2825
f 2827 2809 2826
f 2828 2810 2827
f 2829 2811 2828
f 2830 2812 2829
f 2831 2813 2830
f 2832 2814 2831
f 2833 2815 2832
f 2834 2816 2833
f 2835 2817 2834
f 2836 2818 2835
f 2837 2819 2836
f 2838 2820 2837
f 2839 2821 2838
f 2840 2822 2839
f 2841 2823 2840
f 2842 2824 2841
f 1680 1679 2842
f 2843 1871 1891
f 2844 2825 2843
f 2845 2826 2844
f 2846 2827 2845
f 2847 2828 2846
f 2848 2829 2847
f 2849 2830 2848
f 2850 2831 2849
f 2851 2832 2850
f 2852 2833 2851
f 2853 2834 2852
f 2854 2835 2853
f 2855 2836 2854
f 2856 2837 2855
f 2857 2838 2856
f 2858 2839 2857
f 2859 2840 2858
f 2860 2841 2859
f 2861 2842 2860
f 1681 1680 2861
f 1662 1682 2672
f 2672 1684 2673
f 1663 2672 2674
f 2673 1687 2675
f 2674 2673 2676
f 1664 2674 2677
f 2675 1691 2678
f 2676 2675 2679
f 2677 2676 2680
f 1665 2677 2681
f 2678 1696 2682
f 2679 2678 2683
f 2680 2679 2684
f 2681 2680 2685
f 1666 2681 2686
f 2682 1702 2687
f 2683 2682 2688
f 2684 2683 2689
f 2685 2684 2690
f 2686 2685 2691
f 1667 2686 2692
f 2687 1709 2693
f 2688 2687 2694
f 2689 2688 2695
f 2690 2689 2696
f 2691 2690 2697
f 2692 2691 2698
f 1668 2692 2699
f 2693 1717 2700
f 2694 2693 2701
f 2695 2694 2702
f 2696 2695 2703
f 2697 2696 2704
f 2698 2697 2705
f 2699 2698 2706
f 1669 2699 2707
f 2700 1726 2708
f 2701 2700 2709
f 2702 2701 2710
f 2703 2702 2711
f 2704 2703 2712
f 2705 2704 2713
f 2706 2705 2714
f 2707 2706 2715
f 1670 2707 2716
f 2708 1736 2717
f 2709 2708 2718
f 2710 2709 2719
f 2711 2710 2720
f 2712 2711 2721
f 2713 2712 2722
f 2714 2713 2723
f 2715 2714 2724
f 2716 2715 2725
f 1671 2716 2726
f 2717 1747 2727
f 2718 2717 2728
f 2719 2718 2729
f 2720 2719 2730
f 2721 2720 2731
f 2722 2721 2732
f 2723 2722 2733
f 2724 2723 2734
f 2725 2724 2735
f 2726 2725 2736
f 1672 2726 2737
f 2727 1759 2738
f 2728 2727 2739
f 2729 2728 2740
f 2730 2729 2741
f 2731 2730 2742
f 2732 2731 2743
f 2733 2732 2744
f 2734 2733 2745
f 2735 2734 2746
f 2736 2735 2747
f 2737 2736 2748
f 1673 2737 2749
f 2738 1772 2750
f 2739 2738 2751
f 2740 2739 2752
f 2741 2740 2753
f 2742 2741 2754
f 2743 2742 2755
f 2744 2743 2756
f 2745 2744 2757
f 2746 2745 2758
f 2747 2746 2759
f 2748 2747 2760
f 2749 2748 2761
f 1674 2749 2762
f 2750 1786 2763
f 2751 2750 2764
f 2752 2751 2765
f 2753 2752 2766
f 2754 2753 2767
f 2755 2754 2768
f 2756 2755 2769
f 2757 2756 2770
f 2758 2757 2771
f 2759 2758 2772
f 2760 2759 2773
f 2761 2760 2774
f 2762 2761 2775
f 1675 2762 2776
f 2763 1801 2777
f 2764 2763 2778
f 2765 2764 2779
f 2766 2765 2780
f 2767 2766 2781
f 2768 2767 2782
f 2769 2768 2783
f 2770 2769 2784
f 2771 2770 2785
f 2772 2771 2786
f 2773 2772 2787
f 2774 2773 2788
f 2775 2774 2789
f 2776 2775 2790
f 1676 2776 2791
f 2777 1817 2792
f 2778 2777 2793
f 2779 2778 2794
f 2780 2779 2795
f 2781 2780 2796
f 2782 2781 2797
f 2783 2782 2798
f 2784 2783 2799
f 2785 2784 2800
f 2786 2785 2801
f 2787 2786 2802
f 2788 2787 2803
f 2789 2788 2804
f 2790 2789 2805
f 2791 2790 2806
f 1677 2791 2807
f 2792 1834 2808
f 2793 2792 2809
f 2794 2793 2810
f 2795 2794 2811
f 2796 2795 2812
f 2797 2796 2813
f 2798 2797 2814
f 2799 2798 2815
f 2800 2799 2816
f 2801 2800 2817
f 2802 2801 2818
f 2803 2802 2819
f 2804 2803 2820
f 2805 2804 2821
f 2806 2805 2822
f 2807 2806 2823
f 1678 2807 2824
f 2808 1852 2825
f 2809 2808 2826
f 2810 2809 2827
f 2811 2810 2828
f 2812 2811 2829
f 2813 2812 2830
f 2814 2813 2831
f 2815 2814 2832
f 2816 2815 2833
f 2817 2816 2834
f 2818 2817 2835
f 2819 2818 2836
f 2820 2819 2837
f 2821 2820 2838
f 2822 2821 2839
f 2823 2822 2840
f 2824 2823 2841
f 1679 2824 2842
f 2825 1871 2843
f 2826 2825 2844
f 2827 2826 2845
f 2828 2827 2846
f 2829 2828 2847
f 2830 2829 2848
f 2831 2830 2849
f 2832 2831 2850
f 2833 2832 2851
f 2834 2833 2852
f 2835 2834 2853
f 2836 2835 2854
f 2837 2836 2855
f 2838 2837 2856
f 2839 2838 2857
f 2840 2839 2858
f 2841 2840 2859
f 2842 2841 2860
f 1680 2842 2861
f 1872 231 1892
f 2862 1892 1894
f 1873 1872 2862
f 2863 1894 1897
f 2864 2862 2863
f 1874 1873 2864
f 2865 1897 1901
f 2866 2863 2865
f 2867 2864 2866
f 1875 1874 2867
f 2868 1901 1906
f 2869 2865 2868
f 2870 2866 2869
f 2871 2867 2870
f 1876 1875 2871
f 2872 1906 1912
f 2873 2868 2872
f 2874 2869 2873
f 2875 2870 2874
f 2876 2871 2875
f 1877 1876 2876
f 2877 1912 1919
f 2878 2872 2877
f 2879 2873 2878
f 2880 2874 2879
f 2881 2875 2880
f 2882 2876 2881
f 1878 1877 2882
f 2883 1919 1927
f 2884 2877 2883
f 2885 2878 2884
f 2886 2879 2885
f 2887 2880 2886
f 2888 2881 2887
f 2889 2882 2888
f 1879 1878 2889
f 2890 1927 1936
f 2891 2883 2890
f 2892 2884 2891
f 2893 2885 2892
f 2894 2886 2893
f 2895 2887 2894
f 2896 2888 2895
f 2897 2889 2896
f 1880 1879 2897
f 2898 1936 1946
f 2899 2890 2898
f 2900 2891 2899
f 2901 2892 2900
f 2902 2893 2901
f 2903 2894 2902
f 2904 2895 2903
f 2905 2896 2904
f 2906 2897 2905
f 1881 1880 2906
f 2907 1946 1957
f 2908 2898 2907
f 2909 2899 2908
f 2910 2900 2909
f 2911 2901 2910
f 2912 2902 2911
f 2913 2903 2912
f 2914 2904 2913
f 2915 2905 2914
f 2916 2906 2915
f 1882 1881 2916
f 2917 1957 1969
f 2918 2907 2917
f 2919 2908 2918
f 2920 2909 2919
f 2921 2910 2920
f 2922 2911 2921
f 2923 2912 2922
f 2924 2913 2923
f 2925 2914 2924
f 2926 2915 2925
f 2927 2916 2926
f 1883 1882 2927
f 2928 1969 1982
f 2929 2917 2928
f 2930 2918 2929
f 2931 2919 2930
f 2932 2920 2931
f 2933 2921 2932
f 2934 2922 2933
f 2935 2923 2934
f 2936 2924 2935
f 2937 2925 2936
f 2938 2926 2937
f 2939 2927 2938
f 1884 1883 2939
f 2940 1982 1996
f 2941 2928 2940
f 2942 2929 2941
f 2943 2930 2942
f 2944 2931 2943
f 2945 2932 2944
f 2946 2933 2945
f 2947 2934 2946
f 2948 2935 2947
f 2949 2936 2948
f 2950 2937 2949
f 2951 2938 2950
f 2952 2939 2951
f 1885 1884 2952
f 2953 1996 2011
f 2954 2940 2953
f 2955 2941 2954
f 2956 2942 2955
f 2957 2943 2956
f 2958 2944 2957
f 2959 2945 2958
f 2960 2946 2959
f 2961 2947 2960
f 2962 2948 2961
f 2963 2949 2962
f 2964 2950 2963
f 2965 2951 2964
f 2966 2952 2965
f 1886 1885 2966
f 2967 2011 2027
f 2968 2953 2967
f 2969 2954 2968
f 2970 2955 2969
f 2971 2956 2970
f 2972 2957 2971
f 2973 2958 2972
f 2974 2959 2973
f 2975 2960 2974
f 2976 2961 2975
f 2977 2962 2976
f 2978 2963 2977
f 2979 2964 2978
f 2980 2965 2979
f 2981 2966 2980
f 1887 1886 2981
f 2982 2027 2044
f 2983 2967 2982
f 2984 2968 2983
f 2985 2969 2984
f 2986 2970 2985
f 2987 2971 2986
f 2988 2972 2987
f 2989 2973 2988
f 2990 2974 2989
f 2991 2975 2990
f 2992 2976 2991
f 2993 2977 2992
f 2994 2978 2993
f 2995 2979 2994
f 2996 2980 2995
f 2997 2981 2996
f 1888 1887 2997
f 2998 2044 2062
f 2999 2982 2998
f 3000 2983 2999
f 3001 2984 3000
f 3002 2985 3001
f 3003 2986 3002
f 3004 2987 3003
f 3005 2988 3004
f 3006 2989 3005
f 3007 2990 3006
f 3008 2991 3007
f 3009 2992 3008
f 3010 2993 3009
f 3011 2994 3010
f 3012 2995 3011
f 3013 2996 3012
f 3014 2997 3013
f 1889 1888 3014
f 3015 2062 2081
f 3016 2998 3015
f 3017 2999 3016
f 3018 3000 3017
f 3019 3001 3018
f 3020 3002 3019
f 3021 3003 3020
f 3022 3004 3021
f 3023 3005 3022
f 3024 3006 3023
f 3025 3007 3024
f 3026 3008 3025
f 3027 3009 3026
f 3028 3010 3027
f 3029 3011 3028
f 3030 3012 3029
f 3031 3013 3030
f 3032 3014 3031
f 1890 1889 3032
f 3033 2081 2101
f 3034 3015 3033
f 3035 3016 3034
f 3036 3017 3035
f 3037 3018 3036
f 3038 3019 3037
f 3039 3020 3038
f 3040 3021 3039
f 3041 3022 3040
f 3042 3023 3041
f 3043 3024 3042
f 3044 3025 3043
f 3045 3026 3044
f 3046 3027 3045
f 3047 3028 3046
f 3048 3029 3047
f 3049 3030 3048
f 3050 3031 3049
f 3051 3032 3050
f 1891 1890 3051
f 1872 1892 2862
f 2862 1894 2863
f 1873 2862 2864
f 2863 1897 2865
f 2864 2863 2866
f 1874 2864 2867
f 2865 1901 2868
f 2866 2865 2869
f 2867 2866 2870
f 1875 2867 2871
f 2868 1906 2872
f 2869 2868 2873
f 2870 2869 2874
f 2871 2870 2875
f 1876 2871 2876
f 2872 1912 2877
f 2873 2872 2878
f 2874 2873 2879
f 2875 2874 2880
f 2876 2875 2881
f 1877 2876 2882
f 2877 1919 2883
f 2878 2877 2884
f 2879 2878 2885
f 2880 2879 2886
f 2881 2880 2887
f 2882 2881 2888
f 1878 2882 2889
f 2883 1927 2890
f 2884 2883 2891
f 2885 2884 2892
f 2886 2885 2893
f 2887 2886 2894
f 2888 2887 2895
f 2889 2888 2896
f 1879 2889 2897
f 2890 1936 2898
f 2891 2890 2899
f 2892 2891 2900
f 2893 2892 2901
f 2894 2893 2902
f 2895 2894 2903
f 2896 2895 2904
f 2897 2896 2905
f 1880 2897 2906
f 2898 1946 2907
f 2899 2898 2908
f 2900 2899 2909
f 2901 2900 2910
f 2902 2901 2911
f 2903 2902 2912
f 2904 2903 2913
f 2905 2904 2914
f 2906 2905 2915
f 1881 2906 2916
f 2907 1957 2917
f 2908 2907 2918
f 2909 2908 2919
f 2910 2909 2920
f 2911 2910 2921
f 2912 2911 2922
f 2913 2912 2923
f 2914 2913 2924
f 2915 2914 2925
f 2916 2915 2926
f 1882 2916 2927
f 2917 1969 2928
f 2918 2917 2929
f 2919 2918 2930
f 2920 2919 2931
f 2921 2920 2932
f 2922 2921 2933
f 2923 2922 2934
f 2924 2923 2935
f 2925 2924 2936
f 2926 2925 2937
f 2927 2926 2938
f 1883 2927 2939
f 2928 1982 2940
f 2929 2928 2941
f 2930 2929 2942
f 2931 2930 2943
f 2932 2931 2944
f 2933 2932 2945
f 2934 2933 2946
f 2935 2934 2947
f 2936 2935 2948
f 2937 2936 2949
f 2938 2937 2950
f 2939 2938 2951
f 1884 2939 2952
f 2940 1996 2953
f 2941 2940 2954
f 2942 2941 2955
f 2943 2942 2956
f 2944 2943 2957
f 2945 2944 2958
f 2946 2945 2959
f 2947 2946 2960
f 2948 2947 2961
f 2949 2948 2962
f 2950 2949 2963
f 2951 2950 2964
f 2952 2951 2965
f 1885 2952 2966
f 2953 2011 2967
f 2954 2953 2968
f 2955 2954 2969
f 2956 2955 2970
f 2957 2956 2971
f 2958 2957 2972
f 2959 2958 2973
f 2960 2959 2974
f 2961 2960 2975
f 2962 2961 2976
f 2963 2962 2977
f 2964 2963 2978
f 2965 2964 2979
f 2966 2965 2980
f 1886 2966 2981
f 2967 2027 2982
f 2968 2967 2983
f 2969 2968 2984
f 2970 2969 2985
f 2971 2970 2986
f 2972 2971 2987
f 2973 2972 2988
f 2974 2973 2989
f 2975 2974 2990
f 2976 2975 2991
f 2977 2976 2992
f 2978 2977 2993
f 2979 2978 2994
f 2980 2979 2995
f 2981 2980 2996
f 1887 2981 2997
f 2982 2044 2998
f 2983 2982 2999
f 2984 2983 3000
f 2985 2984 3001
f 2986 2985 3002
f 2987 2986 3003
f 2988 2987 3004
f 2989 2988 3005
f 2990 2989 3006
f 2991 2990 3007
f 2992 2991 3008
f 2993 2992 3009
f 2994 2993 3010
f 2995 2994 3011
f 2996 2995 3012
f 2997 2996 3013
f 1888 2997 3014
f 2998 2062 3015
f 2999 2998 3016
f 3000 2999 3017
f 3001 3000 3018
f 3002 3001 3019
f 3003 3002 3020
f 3004 3003 3021
f 3005 3004 3022
f 3006 3005 3023
f 3007 3006 3024
f 3008 3007 3025
f 3009 3008 3026
f 3010 3009 3027
f 3011 3010 3028
f 3012 3011 3029
f 3013 3012 3030
f 3014 3013 3031
f 1889 3014 3032
f 3015 2081 3033
f 3016 3015 3034
f 3017 3016 3035
f 3018 3017 3036
f 3019 3018 3037
f 3020 3019 3038
f 3021 3020 3039
f 3022 3021 3040
f 3023 3022 3041
f 3024 3023 3042
f 3025 3024 3043
f 3026 3025 3044
f 3027 3026 3045
f 3028 3027 3046
f 3029 3028 3047
f 3030 3029 3048
f 3031 3030 3049
f 3032 3031 3050
f 1890 3032 3051
f 3054 3052 3053
f 3056 3053 3055
f 3057 3054 3056
f 3059 3055 3058
f 3060 3056 3059
f 3061 3057 3060
f 3063 3058 3062
f 3064 3059 3063
f 3065 3060 3064
f 3066 3061 3065
f 3068 3062 3067
f 3069 3063 3068
f 3070 3064 3069
f 3071 3065 3070
f 3072 3066 3071
f 3074 3067 3073
f 3075 3068 3074
f 3076 3069 3075
f 3077 3070 3076
f 3078 3071 3077
f 3079 3072 3078
f 3081 3073 3080
f 3082 3074 3081
f 3083 3075 3082
f 3084 3076 3083
f 3085 3077 3084
f 3086 3078 3085
f 3087 3079 3086
f 3089 3080 3088
f 3090 3081 3089
f 3091 3082 3090
f 3092 3083 3091
f 3093 3084 3092
f 3094 3085 3093
f 3095 3086 3094
f 3096 3087 3095
f 3098 3088 3097
f 3099 3089 3098
f 3100 3090 3099
f 3101 3091 3100
f 3102 3092 3101
f 3103 3093 3102
f 3104 3094 3103
f 3105 3095 3104
f 3106 3096 3105
f 3108 3097 3107
f 3109 3098 3108
f 3110 3099 3109
f 3111 3100 3110
f 3112 3101 3111
f 3113 3102 3112
f 3114 3103 3113
f 3115 3104 3114
f 3116 3105 3115
f 3117 3106 3116
f 3119 3107 3118
f 3120 3108 3119
f 3121 3109 3120
f 3122 3110 3121
f 3123 3111 3122
f 3124 3112 3123
f 3125 3113 3124
f 3126 3114 3125
f 3127 3115 3126
f 3128 3116 3127
f 3129 3117 3128
f 3131 3118 3130
f 3132 3119 3131
f 3133 3120 3132
f 3134 3121 3133
f 3135 3122 3134
f 3136 3123 3135
f 3137 3124 3136
f 3138 3125 3137
f 3139 3126 3138
f 3140 3127 3139
f 3141 3128 3140
f 3142 3129 3141
f 3144 3130 3143
f 3145 3131 3144
f 3146 3132 3145
f 3147 3133 3146
f 3148 3134 3147
f 3149 3135 3148
f 3150 3136 3149
f 3151 3137 3150
f 3152 3138 3151
f 3153 3139 3152
f 3154 3140 3153
f 3155 3141 3154
f 3156 3142 3155
f 3158 3143 3157
f 3159 3144 3158
f 3160 3145 3159
f 3161 3146 3160
f 3162 3147 3161
f 3163 3148 3162
f 3164 3149 3163
f 3165 3150 3164
f 3166 3151 3165
f 3167 3152 3166
f 3168 3153 3167
f 3169 3154 3168
f 3170 3155 3169
f 3171 3156 3170
f 3173 3157 3172
f 3174 3158 3173
f 3175 3159 3174
f 3176 3160 3175
f 3177 3161 3176
f 3178 3162 3177
f 3179 3163 3178
f 3180 3164 3179
f 3181 3165 3180
f 3182 3166 3181
f 3183 3167 3182
f 3184 3168 3183
f 3185 3169 3184
f 3186 3170 3185
f 3187 3171 3186
f 3189 3172 3188
f 3190 3173 3189
f 3191 3174 3190
f 3192 3175 3191
f 3193 3176 3192
f 3194 3177 3193
f 3195 3178 3194
f 3196 3179 3195
f 3197 3180 3196
f 3198 3181 3197
f 3199 3182 3198
f 3200 3183 3199
f 3201 3184 3200
f 3202 3185 3201
f 3203 3186 3202
f 3204 3187 3203
f 3206 3188 3205
f 3207 3189 3206
f 3208 3190 3207
f 3209 3191 3208
f 3210 3192 3209
f 3211 3193 3210
f 3212 3194 3211
f 3213 3195 3212
f 3214 3196 3213
f 3215 3197 3214
f 3216 3198 3215
f 3217 3199 3216
f 3218 3200 3217
f 3219 3201 3218
f 3220 3202 3219
f 3221 3203 3220
f 3222 3204 3221
f 3224 3205 3223
f 3225 3206 3224
f 3226 3207 3225
f 3227 3208 3226
f 3228 3209 3227
f 3229 3210 3228
f 3230 3211 3229
f 3231 3212 3230
f 3232 3213 3231
f 3233 3214 3232
f 3234 3215 3233
f 3235 3216 3234
f 3236 3217 3235
f 3237 3218 3236
f 3238 3219 3237
f 3239 3220 3238
f 3240 3221 3239
f 3241 3222 3240
f 3243 3223 3242
f 3244 3224 3243
f 3245 3225 3244
f 3246 3226 3245
f 3247 3227 3246
f 3248 3228 3247
f 3249 3229 3248
f 3250 3230 3249
f 3251 3231 3250
f 3252 3232 3251
f 3253 3233 3252
f 3254 3234 3253
f 3255 3235 3254
f 3256 3236 3255
f 3257 3237 3256
f 3258 3238 3257
f 3259 3239 3258
f 3260 3240 3259
f 3261 3241 3260
f 2291 3242 2101
f 2290 3243 2291
f 2289 3244 2290
f 2288 3245 2289
f 2287 3246 2288
f 2286 3247 2287
f 2285 3248 2286
f 2284 3249 2285
f 2283 3250 2284
f 2282 3251 2283
f 2281 3252 2282
f 2280 3253 2281
f 2279 3254 2280
f 2278 3255 2279
f 2277 3256 2278
f 2276 3257 2277
f 2275 3258 2276
f 2274 3259 2275
f 2273 3260 2274
f 1261 3261 2273
f 3054 3053 3056
f 3056 3055 3059
f 3057 3056 3060
f 3059 3058 3063
f 3060 3059 3064
f 3061 3060 3065
f 3063 3062 3068
f 3064 3063 3069
f 3065 3064 3070
f 3066 3065 3071
f 3068 3067 3074
f 3069 3068 3075
f 3070 3069 3076
f 3071 3070 3077
f 3072 3071 3078
f 3074 3073 3081
f 3075 3074 3082
f 3076 3075 3083
f 3077 3076 3084
f 3078 3077 3085
f 3079 3078 3086
f 3081 3080 3089
f 3082 3081 3090
f 3083 3082 3091
f 3084 3083 3092
f 3085 3084 3093
f 3086 3085 3094
f 3087 3086 3095
f 3089 3088 3098
f 3090 3089 3099
f 3091 3090 3100
f 3092 3091 3101
f 3093 3092 3102
f 3094 3093 3103
f 3095 3094 3104
f 3096 3095 3105
f 3098 3097 3108
f 3099 3098 3109
f 3100 3099 3110
f 3101 3100 3111
f 3102 3101 3112
f 3103 3102 3113
f 3104 3103 3114
f 3105 3104 3115
f 3106 3105 3116
f 3108 3107 3119
f 3109 3108 3120
f 3110 3109 3121
f 3111 3110 3122
f 3112 3111 3123
f 3113 3112 3124
f 3114 3113 3125
f 3115 3114 3126
f 3116 3115 3127
f 3117 3116 3128
f 3119 3118 3131
f 3120 3119 3132
f 3121 3120 3133
f 3122 3121 3134
f 3123 3122 3135
f 3124 3123 3136
f 3125 3124 3137
f 3126 3125 3138
f 3127 3126 3139
f 3128 3127 3140
f 3129 3128 3141
f 3131 3130 3144
f 3132 3131 3145
f 3133 3132 3146
f 3134 3133 3147
f 3135 3134 3148
f 3136 3135 3149
f 3137 3136 3150
f 3138 3137 3151
f 3139 3138 3152
f 3140 3139 3153
f 3141 3140 3154
f 3142 3141 3155
f 3144 3143 3158
f 3145 3144 3159
f 3146 3145 3160
f 3147 3146 3161
f 3148 3147 3162
f 3149 3148 3163
f 3150 3149 3164
f 3151 3150 3165
f 3152 3151 3166
f 3153 3152 3167
f 3154 3153 3168
f 3155 3154 3169
f 3156 3155 3170
f 3158 3157 3173
f 3159 3158 3174
f 3160 3159 3175
f 3161 3160 3176
f 3162 3161 3177
f 3163 3162 3178
f 3164 3163 3179
f 3165 3164 3180
f 3166 3165 3181
f 3167 3166 3182
f 3168 3167 3183
f 3169 3168 3184
f 3170 3169 3185
f 3171 3170 3186
f 3173 3172 3189
f 3174 3173 3190
f 3175 3174 3191
f 3176 3175 3192
f 3177 3176 3193
f 3178 3177 3194
f 3179 3178 3195
f 3180 3179 3196
f 3181 3180 3197
f 3182 3181 3198
f 3183 3182 3199
f 3184 3183 3200
f 3185 3184 3201
f 3186 3185 3202
f 3187 3186 3203
f 3189 3188 3206
f 3190 3189 3207
f 3191 3190 3208
f 3192 3191 3209
f 3193 3192 3210
f 3194 3193 3211
f 3195 3194 3212
f 3196 3195 3213
f 3197 3196 3214
f 3198 3197 3215
f 3199 3198 3216
f 3200 3199 3217
f 3201 3200 3218
f 3202 3201 3219
f 3203 3202 3220
f 3204 3203 3221
f 3206 3205 3224
f 3207 3206 3225
f 3208 3207 3226
f 3209 3208 3227
f 3210 3209 3228
f 3211 3210 3229
f 3212 3211 3230
f 3213 3212 3231
f 3214 3213 3232
f 3215 3214 3233
f 3216 3215 3234
f 3217 3216 3235
f 3218 3217 3236
f 3219 3218 3237
f 3220 3219 3238
f 3221 3220 3239
f 3222 3221 3240
f 3224 3223 3243
f 3225 3224 3244
f 3226 3225 3245
f 3227 3226 3246
f 3228 3227 3247
f 3229 3228 3248
f 3230 3229 3249
f 3231 3230 3250
f 3232 3231 3251
f 3233 3232 3252
f 3234 3233 3253
f 3235 3234 3254
f 3236 3235 3255
f 3237 3236 3256
f 3238 3237 3257
f 3239 3238 3258
f 3240 3239 3259
f 3241 3240 3260
f 3243 3242 2291
f 3244 3243 2290
f 3245 3244 2289
f 3246 3245 2288
f 3247 3246 2287
f 3248 3247 2286
f 3249 3248 2285
f 3250 3249 2284
f 3251 3250 2283
f 3252 3251 2282
f 3253 3252 2281
f 3254 3253 2280
f 3255 3254 2279
f 3256 3255 2278
f 3257 3256 2277
f 3258 3257 2276
f 3259 3258 2275
f 3260 3259 2274
f 3261 3260 2273
f 3053 3052 3262
f 3264 3262 3263
f 3055 3053 3264
f 3266 3263 3265
f 3267 3264 3266
f 3058 3055 3267
f 3269 3265 3268
f 3270 3266 3269
f 3271 3267 3270
f 3062 3058 3271
f 3273 3268 3272
f 3274 3269 3273
f 3275 3270 3274
f 3276 3271 3275
f 3067 3062 3276
f 3278 3272 3277
f 3279 3273 3278
f 3280 3274 3279
f 3281 3275 3280
f 3282 3276 3281
f 3073 3067 3282
f 3284 3277 3283
f 3285 3278 3284
f 3286 3279 3285
f 3287 3280 3286
f 3288 3281 3287
f 3289 3282 3288
f 3080 3073 3289
f 3291 3283 3290
f 3292 3284 3291
f 3293 3285 3292
f 3294 3286 3293
f 3295 3287 3294
f 3296 3288 3295
f 3297 3289 3296
f 3088 3080 3297
f 3299 3290 3298
f 3300 3291 3299
f 3301 3292 3300
f 3302 3293 3301
f 3303 3294 3302
f 3304 3295 3303
f 3305 3296 3304
f 3306 3297 3305
f 3097 3088 3306
f 3308 3298 3307
f 3309 3299 3308
f 3310 3300 3309
f 3311 3301 3310
f 3312 3302 3311
f 3313 3303 3312
f 3314 3304 3313
f 3315 3305 3314
f 3316 3306 3315
f 3107 3097 3316
f 3318 3307 3317
f 3319 3308 3318
f 3320 3309 3319
f 3321 3310 3320
f 3322 3311 3321
f 3323 3312 3322
f 3324 3313 3323
f 3325 3314 3324
f 3326 3315 3325
f 3327 3316 3326
f 3118 3107 3327
f 3329 3317 3328
f 3330 3318 3329
f 3331 3319 3330
f 3332 3320 3331
f 3333 3321 3332
f 3334 3322 3333
f 3335 3323 3334
f 3336 3324 3335
f 3337 3325 3336
f 3338 3326 3337
f 3339 3327 3338
f 3130 3118 3339
f 3341 3328 3340
f 3342 3329 3341
f 3343 3330 3342
f 3344 3331 3343
f 3345 3332 3344
f 3346 3333 3345
f 3347 3334 3346
f 3348 3335 3347
f 3349 3336 3348
f 3350 3337 3349
f 3351 3338 3350
f 3352 3339 3351
f 3143 3130 3352
f 3354 3340 3353
f 3355 3341 3354
f 3356 3342 3355
f 3357 3343 3356
f 3358 3344 3357
f 3359 3345 3358
f 3360 3346 3359
f 3361 3347 3360
f 3362 3348 3361
f 3363 3349 3362
f 3364 3350 3363
f 3365 3351 3364
f 3366 3352 3365
f 3157 3143 3366
f 3368 3353 3367
f 3369 3354 3368
f 3370 3355 3369
f 3371 3356 3370
f 3372 3357 3371
f 3373 3358 3372
f 3374 3359 3373
f 3375 3360 3374
f 3376 3361 3375
f 3377 3362 3376
f 3378 3363 3377
f 3379 3364 3378
f 3380 3365 3379
f 3381 3366 3380
f 3172 3157 3381
f 3383 3367 3382
f 3384 3368 3383
f 3385 3369 3384
f 3386 3370 3385
f 3387 3371 3386
f 3388 3372 3387
f 3389 3373 3388
f 3390 3374 3389
f 3391 3375 3390
f 3392 3376 3391
f 3393 3377 3392
f 3394 3378 3393
f 3395 3379 3394
f 3396 3380 3395
f 3397 3381 3396
f 3188 3172 3397
f 3399 3382 3398
f 3400 3383 3399
f 3401 3384 3400
f 3402 3385 3401
f 3403 3386 3402
f 3404 3387 3403
f 3405 3388 3404
f 3406 3389 3405
f 3407 3390 3406
f 3408 3391 3407
f 3409 3392 3408
f 3410 3393 3409
f 3411 3394 3410
f 3412 3395 3411
f 3413 3396 3412
f 3414 3397 3413
f 3205 3188 3414
f 3416 3398 3415
f 3417 3399 3416
f 3418 3400 3417
f 3419 3401 3418
f 3420 3402 3419
f 3421 3403 3420
f 3422 3404 3421
f 3423 3405 3422
f 3424 3406 3423
f 3425 3407 3424
f 3426 3408 3425
f 3427 3409 3426
f 3428 3410 3427
f 3429 3411 3428
f 3430 3412 3429
f 3431 3413 3430
f 3432 3414 3431
f 3223 3205 3432
f 3434 3415 3433
f 3435 3416 3434
f 3436 3417 3435
f 3437 3418 3436
f 3438 3419 3437
f 3439 3420 3438
f 3440 3421 3439
f 3441 3422 3440
f 3442 3423 3441
f 3443 3424 3442
f 3444 3425 3443
f 3445 3426 3444
f 3446 3427 3445
f 3447 3428 3446
f 3448 3429 3447
f 3449 3430 3448
f 3450 3431 3449
f 3451 3432 3450
f 3242 3223 3451
f 3051 3433 1891
f 3050 3434 3051
f 3049 3435 3050
f 3048 3436 3049
f 3047 3437 3048
f 3046 3438 3047
f 3045 3439 3046
f 3044 3440 3045
f 3043 3441 3044
f 3042 3442 3043
f 3041 3443 3042
f 3040 3444 3041
f 3039 3445 3040
f 3038 3446 3039
f 3037 3447 3038
f 3036 3448 3037
f 3035 3449 3036
f 3034 3450 3035
f 3033 3451 3034
f 2101 3242 3033
f 3053 3262 3264
f 3264 3263 3266
f 3055 3264 3267
f 3266 3265 3269
f 3267 3266 3270
f 3058 3267 3271
f 3269 3268 3273
f 3270 3269 3274
f 3271 3270 3275
f 3062 3271 3276
f 3273 3272 3278
f 3274 3273 3279
f 3275 3274 3280
f 3276 3275 3281
f 3067 3276 3282
f 3278 3277 3284
f 3279 3278 3285
f 3280 3279 3286
f 3281 3280 3287
f 3282 3281 3288
f 3073 3282 3289
f 3284 3283 3291
f 3285 3284 3292
f 3286 3285 3293
f 3287 3286 3294
f 3288 3287 3295
f 3289 3288 3296
f 3080 3289 3297
f 3291 3290 3299
f 3292 3291 3300
f 3293 3292 3301
f 3294 3293 3302
f 3295 3294 3303
f 3296 3295 3304
f 3297 3296 3305
f 3088 3297 3306
f 3299 3298 3308
f 3300 3299 3309
f 3301 3300 3310
f 3302 3301 3311
f 3303 3302 3312
f 3304 3303 3313
f 3305 3304 3314
f 3306 3305 3315
f 3097 3306 3316
f 3308 3307 3318
f 3309 3308 3319
f 3310 3309 3320
f 3311 3310 3321
f 3312 3311 3322
f 3313 3312 3323
f 3314 3313 3324
f 3315 3314 3325
f 3316 3315 3326
f 3107 3316 3327
f 3318 3317 3329
f 3319 3318 3330
f 3320 3319 3331
f 3321 3320 3332
f 3322 3321 3333
f 3323 3322 3334
f 3324 3323 3335
f 3325 3324 3336
f 3326 3325 3337
f 3327 3326 3338
f 3118 3327 3339
f 3329 3328 3341
f 3330 3329 3342
f 3331 3330 3343
f 3332 3331 3344
f 3333 3332 3345
f 3334 3333 3346
f 3335 3334 3347
f 3336 3335 3348
f 3337 3336 3349
f 3338 3337 3350
f 3339 3338 3351
f 3130 3339 3352
f 3341 3340 3354
f 3342 3341 3355
f 3343 3342 3356
f 3344 3343 3357
f 3345 3344 3358
f 3346 3345 3359
f 3347 3346 3360
f 3348 3347 3361
f 3349 3348 3362
f 3350 3349 3363
f 3351 3350 3364
f 3352 3351 3365
f 3143 3352 3366
f 3354 3353 3368
f 3355 3354 3369
f 3356 3355 3370
f 3357 3356 3371
f 3358 3357 3372
f 3359 3358 3373
f 3360 3359 3374
f 3361 3360 3375
f 3362 3361 3376
f 3363 3362 3377
f 3364 3363 3378
f 3365 3364 3379
f 3366 3365 3380
f 3157 3366 3381
f 3368 3367 3383
f 3369 3368 3384
f 3370 3369 3385
f 3371 3370 3386
f 3372 3371 3387
f 3373 3372 3388
f 3374 3373 3389
f 3375 3374 3390
f 3376 3375 3391
f 3377 3376 3392
f 3378 3377 3393
f 3379 3378 3394
f 3380 3379 3395
f 3381 3380 3396
f 3172 3381 3397
f 3383 3382 3399
f 3384 3383 3400
f 3385 3384 3401
f 3386 3385 3402
f 3387 3386 3403
f 3388 3387 3404
f 3389 3388 3405
f 3390 3389 3406
f 3391 3390 3407
f 3392 3391 3408
f 3393 3392 3409
f 3394 3393 3410
f 3395 3394 3411
f 3396 3395 3412
f 3397 3396 3413
f 3188 3397 3414
f 3399 3398 3416
f 3400 3399 3417
f 3401 3400 3418
f 3402 3401 3419
f 3403 3402 3420
f 3404 3403 3421
f 3405 3404 3422
f 3406 3405 3423
f 3407 3406 3424
f 3408 3407 3425
f 3409 3408 3426
f 3410 3409 3427
f 3411 3410 3428
f 3412 3411 3429
f 3413 3412 3430
f 3414 3413 3431
f 3205 3414 3432
f 3416 3415 3434
f 3417 3416 3435
f 3418 3417 3436
f 3419 3418 3437
f 3420 3419 3438
f 3421 3420 3439
f 3422 3421 3440
f 3423 3422 3441
f 3424 3423 3442
f 3425 3424 3443
f 3426 3425 3444
f 3427 3426 3445
f 3428 3427 3446
f 3429 3428 3447
f 3430 3429 3448
f 3431 3430 3449
f 3432 3431 3450
f 3223 3432 3451
f 3434 3433 3051
f 3435 3434 3050
f 3436 3435 3049
f 3437 3436 3048
f 3438 3437 3047
f 3439 3438 3046
f 3440 3439 3045
f 3441 3440 3044
f 3442 3441 3043
f 3443 3442 3042
f 3444 3443 3041
f 3445 3444 3040
f 3446 3445 3039
f 3447 3446 3038
f 3448 3447 3037
f 3449 3448 3036
f 3450 3449 3035
f 3451 3450 3034
f 3242 3451 3033
f 3262 3052 3452
f 3454 3452 3453
f 3263 3262 3454
f 3456 3453 3455
f 3457 3454 3456
f 3265 3263 3457
f 3459 3455 3458
f 3460 3456 3459
f 3461 3457 3460
f 3268 3265 3461
f 3463 3458 3462
f 3464 3459 3463
f 3465 3460 3464
f 3466 3461 3465
f 3272 3268 3466
f 3468 3462 3467
f 3469 3463 3468
f 3470 3464 3469
f 3471 3465 3470
f 3472 3466 3471
f 3277 3272 3472
f 3474 3467 3473
f 3475 3468 3474
f 3476 3469 3475
f 3477 3470 3476
f 3478 3471 3477
f 3479 3472 3478
f 3283 3277 3479
f 3481 3473 3480
f 3482 3474 3481
f 3483 3475 3482
f 3484 3476 3483
f 3485 3477 3484
f 3486 3478 3485
f 3487 3479 3486
f 3290 3283 3487
f 3489 3480 3488
f 3490 3481 3489
f 3491 3482 3490
f 3492 3483 3491
f 3493 3484 3492
f 3494 3485 3493
f 3495 3486 3494
f 3496 3487 3495
f 3298 3290 3496
f 3498 3488 3497
f 3499 3489 3498
f 3500 3490 3499
f 3501 3491 3500
f 3502 3492 3501
f 3503 3493 3502
f 3504 3494 3503
f 3505 3495 3504
f 3506 3496 3505
f 3307 3298 3506
f 3508 3497 3507
f 3509 3498 3508
f 3510 3499 3509
f 3511 3500 3510
f 3512 3501 3511
f 3513 3502 3512
f 3514 3503 3513
f 3515 3504 3514
f 3516 3505 3515
f 3517 3506 3516
f 3317 3307 3517
f 3519 3507 3518
f 3520 3508 3519
f 3521 3509 3520
f 3522 3510 3521
f 3523 3511 3522
f 3524 3512 3523
f 3525 3513 3524
f 3526 3514 3525
f 3527 3515 3526
f 3528 3516 3527
f 3529 3517 3528
f 3328 3317 3529
f 3531 3518 3530
f 3532 3519 3531
f 3533 3520 3532
f 3534 3521 3533
f 3535 3522 3534
f 3536 3523 3535
f 3537 3524 3536
f 3538 3525 3537
f 3539 3526 3538
f 3540 3527 3539
f 3541 3528 3540
f 3542 3529 3541
f 3340 3328 3542
f 3544 3530 3543
f 3545 3531 3544
f 3546 3532 3545
f 3547 3533 3546
f 3548 3534 3547
f 3549 3535 3548
f 3550 3536 3549
f 3551 3537 3550
f 3552 3538 3551
f 3553 3539 3552
f 3554 3540 3553
f 3555 3541 3554
f 3556 3542 3555
f 3353 3340 3556
f 3558 3543 3557
f 3559 3544 3558
f 3560 3545 3559
f 3561 3546 3560
f 3562 3547 3561
f 3563 3548 3562
f 3564 3549 3563
f 3565 3550 3564
f 3566 3551 3565
f 3567 3552 3566
f 3568 3553 3567
f 3569 3554 3568
f 3570 3555 3569
f 3571 3556 3570
f 3367 3353 3571
f 3573 3557 3572
f 3574 3558 3573
f 3575 3559 3574
f 3576 3560 3575
f 3577 3561 3576
f 3578 3562 3577
f 3579 3563 3578
f 3580 3564 3579
f 3581 3565 3580
f 3582 3566 3581
f 3583 3567 3582
f 3584 3568 3583
f 3585 3569 3584
f 3586 3570 3585
f 3587 3571 3586
f 3382 3367 3587
f 3589 3572 3588
f 3590 3573 3589
f 3591 3574 3590
f 3592 3575 3591
f 3593 3576 3592
f 3594 3577 3593
f 3595 3578 3594
f 3596 3579 3595
f 3597 3580 3596
f 3598 3581 3597
f 3599 3582 3598
f 3600 3583 3599
f 3601 3584 3600
f 3602 3585 3601
f 3603 3586 3602
f 3604 3587 3603
f 3398 3382 3604
f 3606 3588 3605
f 3607 3589 3606
f 3608 3590 3607
f 3609 3591 3608
f 3610 3592 3609
f 3611 3593 3610
f 3612 3594 3611
f 3613 3595 3612
f 3614 3596 3613
f 3615 3597 3614
f 3616 3598 3615
f 3617 3599 3616
f 3618 3600 3617
f 3619 3601 3618
f 3620 3602 3619
f 3621 3603 3620
f 3622 3604 3621
f 3415 3398 3622
f 3624 3605 3623
f 3625 3606 3624
f 3626 3607 3625
f 3627 3608 3626
f 3628 3609 3627
f 3629 3610 3628
f 3630 3611 3629
f 3631 3612 3630
f 3632 3613 3631
f 3633 3614 3632
f 3634 3615 3633
f 3635 3616 3634
f 3636 3617 3635
f 3637 3618 3636
f 3638 3619 3637
f 3639 3620 3638
f 3640 3621 3639
f 3641 3622 3640
f 3433 3415 3641
f 2861 3623 1681
f 2860 3624 2861
f 2859 3625 2860
f 2858 3626 2859
f 2857 3627 2858
f 2856 3628 2857
f 2855 3629 2856
f 2854 3630 2855
f 2853 3631 2854
f 2852 3632 2853
f 2851 3633 2852
f 2850 3634 2851
f 2849 3635 2850
f 2848 3636 2849
f 2847 3637 2848
f 2846 3638 2847
f 2845 3639 2846
f 2844 3640 2845
f 2843 3641 2844
f 1891 3433 2843
f 3262 3452 3454
f 3454 3453 3456
f 3263 3454 3457
f 3456 3455 3459
f 3457 3456 3460
f 3265 3457 3461
f 3459 3458 3463
f 3460 3459 3464
f 3461 3460 3465
f 3268 3461 3466
f 3463 3462 3468
f 3464 3463 3469
f 3465 3464 3470
f 3466 3465 3471
f 3272 3466 3472
f 3468 3467 3474
f 3469 3468 3475
f 3470 3469 3476
f 3471 3470 3477
f 3472 3471 3478
f 3277 3472 3479
f 3474 3473 3481
f 3475 3474 3482
f 3476 3475 3483
f 3477 3476 3484
f 3478 3477 3485
f 3479 3478 3486
f 3283 3479 3487
f 3481 3480 3489
f 3482 3481 3490
f 3483 3482 3491
f 3484 3483 3492
f 3485 3484 3493
f 3486 3485 3494
f 3487 3486 3495
f 3290 3487 3496
f 3489 3488 3498
f 3490 3489 3499
f 3491 3490 3500
f 3492 3491 3501
f 3493 3492 3502
f 3494 3493 3503
f 3495 3494 3504
f 3496 3495 3505
f 3298 3496 3506
f 3498 3497 3508
f 3499 3498 3509
f 3500 3499 3510
f 3501 3500 3511
f 3502 3501 3512
f 3503 3502 3513
f 3504 3503 3514
f 3505 3504 3515
f 3506 3505 3516
f 3307 3506 3517
f 3508 3507 3519
f 3509 3508 3520
f 3510 3509 3521
f 3511 3510 3522
f 3512 3511 3523
f 3513 3512 3524
f 3514 3513 3525
f 3515 3514 3526
f 3516 3515 3527
f 3517 3516 3528
f 3317 3517 3529
f 3519 3518 3531
f 3520 3519 3532
f 3521 3520 3533
f 3522 3521 3534
f 3523 3522 3535
f 3524 3523 3536
f 3525 3524 3537
f 3526 3525 3538
f 3527 3526 3539
f 3528 3527 3540
f 3529 3528 3541
f 3328 3529 3542
f 3531 3530 3544
f 3532 3531 3545
f 3533 3532 3546
f 3534 3533 3547
f 3535 3534 3548
f 3536 3535 3549
f 3537 3536 3550
f 3538 3537 3551
f 3539 3538 3552
f 3540 3539 3553
f 3541 3540 3554
f 3542 3541 3555
f 3340 3542 3556
f 3544 3543 3558
f 3545 3544 3559
f 3546 3545 3560
f 3547 3546 3561
f 3548 3547 3562
f 3549 3548 3563
f 3550 3549 3564
f 3551 3550 3565
f 3552 3551 3566
f 3553 3552 3567
f 3554 3553 3568
f 3555 3554 3569
f 3556 3555 3570
f 3353 3556 3571
f 3558 3557 3573
f 3559 3558 3574
f 3560 3559 3575
f 3561 3560 3576
f 3562 3561 3577
f 3563 3562 3578
f 3564 3563 3579
f 3565 3564 3580
f 3566 3565 3581
f 3567 3566 3582
f 3568 3567 3583
f 3569 3568 3584
f 3570 3569 3585
f 3571 3570 3586
f 3367 3571 3587
f 3573 3572 3589
f 3574 3573 3590
f 3575 3574 3591
f 3576 3575 3592
f 3577 3576 3593
f 3578 3577 3594
f 3579 3578 3595
f 3580 3579 3596
f 3581 3580 3597
f 3582 3581 3598
f 3583 3582 3599
f 3584 3583 3600
f 3585 3584 3601
f 3586 3585 3602
f 3587 3586 3603
f 3382 3587 3604
f 3589 3588 3606
f 3590 3589 3607
f 3591 3590 3608
f 3592 3591 3609
f 3593 3592 3610
f 3594 3593 3611
f 3595 3594 3612
f 3596 3595 3613
f 3597 3596 3614
f 3598 3597 3615
f 3599 3598 3616
f 3600 3599 3617
f 3601 3600 3618
f 3602 3601 3619
f 3603 3602 3620
f 3604 3603 3621
f 3398 3604 3622
f 3606 3605 3624
f 3607 3606 3625
f 3608 3607 3626
f 3609 3608 3627
f 3610 3609 3628
f 3611 3610 3629
f 3612 3611 3630
f 3613 3612 3631
f 3614 3613 3632
f 3615 3614 3633
f 3616 3615 3634
f 3617 3616 3635
f 3618 3617 3636
f 3619 3618 3637
f 3620 3619 3638
f 3621 3620 3639
f 3622 3621 3640
f 3415 3622 3641
f 3624 3623 2861
f 3625 3624 2860
f 3626 3625 2859
f 3627 3626 2858
f 3628 3627 2857
f 3629 3628 2856
f 3630 3629 2855
f 3631 3630 2854
f 3632 3631 2853
f 3633 3632 2852
f 3634 3633 2851
f 3635 3634 2850
f 3636 3635 2849
f 3637 3636 2848
f 3638 3637 2847
f 3639 3638 2846
f 3640 3639 2845
f 3641 3640 2844
f 3433 3641 2843
f 3452 3052 3642
f 3644 3642 3643
f 3453 3452 3644
f 3646 3643 3645
f 3647 3644 3646
f 3455 3453 3647
f 3649 3645 3648
f 3650 3646 3649
f 3651 3647 3650
f 3458 3455 3651
f 3653 3648 3652
f 3654 3649 3653
f 3655 3650 3654
f 3656 3651 3655
f 3462 3458 3656
f 3658 3652 3657
f 3659 3653 3658
f 3660 3654 3659
f 3661 3655 3660
f 3662 3656 3661
f 3467 3462 3662
f 3664 3657 3663
f 3665 3658 3664
f 3666 3659 3665
f 3667 3660 3666
f 3668 3661 3667
f 3669 3662 3668
f 3473 3467 3669
f 3671 3663 3670
f 3672 3664 3671
f 3673 3665 3672
f 3674 3666 3673
f 3675 3667 3674
f 3676 3668 3675
f 3677 3669 3676
f 3480 3473 3677
f 3679 3670 3678
f 3680 3671 3679
f 3681 3672 3680
f 3682 3673 3681
f 3683 3674 3682
f 3684 3675 3683
f 3685 3676 3684
f 3686 3677 3685
f 3488 3480 3686
f 3688 3678 3687
f 3689 3679 3688
f 3690 3680 3689
f 3691 3681 3690
f 3692 3682 3691
f 3693 3683 3692
f 3694 3684 3693
f 3695 3685 3694
f 3696 3686 3695
f 3497 3488 3696
f 3698 3687 3697
f 3699 3688 3698
f 3700 3689 3699
f 3701 3690 3700
f 3702 3691 3701
f 3703 3692 3702
f 3704 3693 3703
f 3705 3694 3704
f 3706 3695 3705
f 3707 3696 3706
f 3507 3497 3707
f 3709 3697 3708
f 3710 3698 3709
f 3711 3699 3710
f 3712 3700 3711
f 3713 3701 3712
f 3714 3702 3713
f 3715 3703 3714
f 3716 3704 3715
f 3717 3705 3716
f 3718 3706 3717
f 3719 3707 3718
f 3518 3507 3719
f 3721 3708 3720
f 3722 3709 3721
f 3723 3710 3722
f 3724 3711 3723
f 3725 3712 3724
f 3726 3713 3725
f 3727 3714 3726
f 3728 3715 3727
f 3729 3716 3728
f 3730 3717 3729
f 3731 3718 3730
f 3732 3719 3731
f 3530 3518 3732
f 3734 3720 3733
f 3735 3721 3734
f 3736 3722 3735
f 3737 3723 3736
f 3738 3724 3737
f 3739 3725 3738
f 3740 3726 3739
f 3741 3727 3740
f 3742 3728 3741
f 3743 3729 3742
f 3744 3730 3743
f 3745 3731 3744
f 3746 3732 3745
f 3543 3530 3746
f 3748 3733 3747
f 3749 3734 3748
f 3750 3735 3749
f 3751 3736 3750
f 3752 3737 3751
f 3753 3738 3752
f 3754 3739 3753
f 3755 3740 3754
f 3756 3741 3755
f 3757 3742 3756
f 3758 3743 3757
f 3759 3744 3758
f 3760 3745 3759
f 3761 3746 3760
f 3557 3543 3761
f 3763 3747 3762
f 3764 3748 3763
f 3765 3749 3764
f 3766 3750 3765
f 3767 3751 3766
f 3768 3752 3767
f 3769 3753 3768
f 3770 3754 3769
f 3771 3755 3770
f 3772 3756 3771
f 3773 3757 3772
f 3774 3758 3773
f 3775 3759 3774
f 3776 3760 3775
f 3777 3761 3776
f 3572 3557 3777
f 3779 3762 3778
f 3780 3763 3779
f 3781 3764 3780
f 3782 3765 3781
f 3783 3766 3782
f 3784 3767 3783
f 3785 3768 3784
f 3786 3769 3785
f 3787 3770 3786
f 3788 3771 3787
f 3789 3772 3788
f 3790 3773 3789
f 3791 3774 3790
f 3792 3775 3791
f 3793 3776 3792
f 3794 3777 3793
f 3588 3572 3794
f 3796 3778 3795
f 3797 3779 3796
f 3798 3780 3797
f 3799 3781 3798
f 3800 3782 3799
f 3801 3783 3800
f 3802 3784 3801
f 3803 3785 3802
f 3804 3786 3803
f 3805 3787 3804
f 3806 3788 3805
f 3807 3789 3806
f 3808 3790 3807
f 3809 3791 3808
f 3810 3792 3809
f 3811 3793 3810
f 3812 3794 3811
f 3605 3588 3812
f 3814 3795 3813
f 3815 3796 3814
f 3816 3797 3815
f 3817 3798 3816
f 3818 3799 3817
f 3819 3800 3818
f 3820 3801 3819
f 3821 3802 3820
f 3822 3803 3821
f 3823 3804 3822
f 3824 3805 3823
f 3825 3806 3824
f 3826 3807 3825
f 3827 3808 3826
f 3828 3809 3827
f 3829 3810 3828
f 3830 3811 3829
f 3831 3812 3830
f 3623 3605 3831
f 2671 3813 1471
f 2670 3814 2671
f 2669 3815 2670
f 2668 3816 2669
f 2667 3817 2668
f 2666 3818 2667
f 2665 3819 2666
f 2664 3820 2665
f 2663 3821 2664
f 2662 3822 2663
f 2661 3823 2662
f 2660 3824 2661
f 2659 3825 2660
f 2658 3826 2659
f 2657 3827 2658
f 2656 3828 2657
f 2655 3829 2656
f 2654 3830 2655
f 2653 3831 2654
f 1681 3623 2653
f 3452 3642 3644
f 3644 3643 3646
f 3453 3644 3647
f 3646 3645 3649
f 3647 3646 3650
f 3455 3647 3651
f 3649 3648 3653
f 3650 3649 3654
f 3651 3650 3655
f 3458 3651 3656
f 3653 3652 3658
f 3654 3653 3659
f 3655 3654 3660
f 3656 3655 3661
f 3462 3656 3662
f 3658 3657 3664
f 3659 3658 3665
f 3660 3659 3666
f 3661 3660 3667
f 3662 3661 3668
f 3467 3662 3669
f 3664 3663 3671
f 3665 3664 3672
f 3666 3665 3673
f 3667 3666 3674
f 3668 3667 3675
f 3669 3668 3676
f 3473 3669 3677
f 3671 3670 3679
f 3672 3671 3680
f 3673 3672 3681
f 3674 3673 3682
f 3675 3674 3683
f 3676 3675 3684
f 3677 3676 3685
f 3480 3677 3686
f 3679 3678 3688
f 3680 3679 3689
f 3681 3680 3690
f 3682 3681 3691
f 3683 3682 3692
f 3684 3683 3693
f 3685 3684 3694
f 3686 3685 3695
f 3488 3686 3696
f 3688 3687 3698
f 3689 3688 3699
f 3690 3689 3700
f 3691 3690 3701
f 3692 3691 3702
f 3693 3692 3703
f 3694 3693 3704
f 3695 3694 3705
f 3696 3695 3706
f 3497 3696 3707
f 3698 3697 3709
f 3699 3698 3710
f 3700 3699 3711
f 3701 3700 3712
f 3702 3701 3713
f 3703 3702 3714
f 3704 3703 3715
f 3705 3704 3716
f 3706 3705 3717
f 3707 3706 3718
f 3507 3707 3719
f 3709 3708 3721
f 3710 3709 3722
f 3711 3710 3723
f 3712 3711 3724
f 3713 3712 3725
f 3714 3713 3726
f 3715 3714 3727
f 3716 3715 3728
f 3717 3716 3729
f 3718 3717 3730
f 3719 3718 3731
f 3518 3719 3732
f 3721 3720 3734
f 3722 3721 3735
f 3723 3722 3736
f 3724 3723 3737
f 3725 3724 3738
f 3726 3725 3739
f 3727 3726 3740
f 3728 3727 3741
f 3729 3728 3742
f 3730 3729 3743
f 3731 3730 3744
f 3732 3731 3745
f 3530 3732 3746
f 3734 3733 3748
f 3735 3734 3749
f 3736 3735 3750
f 3737 3736 3751
f 3738 3737 3752
f 3739 3738 3753
f 3740 3739 3754
f 3741 3740 3755
f 3742 3741 3756
f 3743 3742 3757
f 3744 3743 3758
f 3745 3744 3759
f 3746 3745 3760
f 3543 3746 3761
f 3748 3747 3763
f 3749 3748 3764
f 3750 3749 3765
f 3751 3750 3766
f 3752 3751 3767
f 3753 3752 3768
f 3754 3753 3769
f 3755 3754 3770
f 3756 3755 3771
f 3757 3756 3772
f 3758 3757 3773
f 3759 3758 3774
f 3760 3759 3775
f 3761 3760 3776
f 3557 3761 3777
f 3763 3762 3779
f 3764 3763 3780
f 3765 3764 3781
f 3766 3765 3782
f 3767 3766 3783
f 3768 3767 3784
f 3769 3768 3785
f 3770 3769 3786
f 3771 3770 3787
f 3772 3771 3788
f 3773 3772 3789
f 3774 3773 3790
f 3775 3774 3791
f 3776 3775 3792
f 3777 3776 3793
f 3572 3777 3794
f 3779 3778 3796
f 3780 3779 3797
f 3781 3780 3798
f 3782 3781 3799
f 3783 3782 3800
f 3784 3783 3801
f 3785 3784 3802
f 3786 3785 3803
f 3787 3786 3804
f 3788 3787 3805
f 3789 3788 3806
f 3790 3789 3807
f 3791 3790 3808
f 3792 3791 3809
f 3793 3792 3810
f 3794 3793 3811
f 3588 3794 3812
f 3796 3795 3814
f 3797 3796 3815
f 3798 3797 3816
f 3799 3798 3817
f 3800 3799 3818
f 3801 3800 3819
f 3802 3801 3820
f 3803 3802 3821
f 3804 3803 3822
f 3805 3804 3823
f 3806 3805 3824
f 3807 3806 3825
f 3808 3807 3826
f 3809 3808 3827
f 3810 3809 3828
f 3811 3810 3829
f 3812 3811 3830
f 3605 3812 3831
f 3814 3813 2671
f 3815 3814 2670
f 3816 3815 2669
f 3817 3816 2668
f 3818 3817 2667
f 3819 3818 2666
f 3820 3819 2665
f 3821 3820 2664
f 3822 3821 2663
f 3823 3822 2662
f 3824 3823 2661
f 3825 3824 2660
f 3826 3825 2659
f 3827 3826 2658
f 3828 3827 2657
f 3829 3828 2656
f 3830 3829 2655
f 3831 3830 2654
f 3623 3831 2653
f 3642 3052 3054
f 3832 3054 3057
f 3643 3642 3832
f 3833 3057 3061
f 3834 3832 3833
f 3645 3643 3834
f 3835 3061 3066
f 3836 3833 3835
f 3837 3834 3836
f 3648 3645 3837
f 3838 3066 3072
f 3839 3835 3838
f 3840 3836 3839
f 3841 3837 3840
f 3652 3648 3841
f 3842 3072 3079
f 3843 3838 3842
f 3844 3839 3843
f 3845 3840 3844
f 3846 3841 3845
f 3657 3652 3846
f 3847 3079 3087
f 3848 3842 3847
f 3849 3843 3848
f 3850 3844 3849
f 3851 3845 3850
f 3852 3846 3851
f 3663 3657 3852
f 3853 3087 3096
f 3854 3847 3853
f 3855 3848 3854
f 3856 3849 3855
f 3857 3850 3856
f 3858 3851 3857
f 3859 3852 3858
f 3670 3663 3859
f 3860 3096 3106
f 3861 3853 3860
f 3862 3854 3861
f 3863 3855 3862
f 3864 3856 3863
f 3865 3857 3864
f 3866 3858 3865
f 3867 3859 3866
f 3678 3670 3867
f 3868 3106 3117
f 3869 3860 3868
f 3870 3861 3869
f 3871 3862 3870
f 3872 3863 3871
f 3873 3864 3872
f 3874 3865 3873
f 3875 3866 3874
f 3876 3867 3875
f 3687 3678 3876
f 3877 3117 3129
f 3878 3868 3877
f 3879 3869 3878
f 3880 3870 3879
f 3881 3871 3880
f 3882 3872 3881
f 3883 3873 3882
f 3884 3874 3883
f 3885 3875 3884
f 3886 3876 3885
f 3697 3687 3886
f 3887 3129 3142
f 3888 3877 3887
f 3889 3878 3888
f 3890 3879 3889
f 3891 3880 3890
f 3892 3881 3891
f 3893 3882 3892
f 3894 3883 3893
f 3895 3884 3894
f 3896 3885 3895
f 3897 3886 3896
f 3708 3697 3897
f 3898 3142 3156
f 3899 3887 3898
f 3900 3888 3899
f 3901 3889 3900
f 3902 3890 3901
f 3903 3891 3902
f 3904 3892 3903
f 3905 3893 3904
f 3906 3894 3905
f 3907 3895 3906
f 3908 3896 3907
f 3909 3897 3908
f 3720 3708 3909
f 3910 3156 3171
f 3911 3898 3910
f 3912 3899 3911
f 3913 3900 3912
f 3914 3901 3913
f 3915 3902 3914
f 3916 3903 3915
f 3917 3904 3916
f 3918 3905 3917
f 3919 3906 3918
f 3920 3907 3919
f 3921 3908 3920
f 3922 3909 3921
f 3733 3720 3922
f 3923 3171 3187
f 3924 3910 3923
f 3925 3911 3924
f 3926 3912 3925
f 3927 3913 3926
f 3928 3914 3927
f 3929 3915 3928
f 3930 3916 3929
f 3931 3917 3930
f 3932 3918 3931
f 3933 3919 3932
f 3934 3920 3933
f 3935 3921 3934
f 3936 3922 3935
f 3747 3733 3936
f 3937 3187 3204
f 3938 3923 3937
f 3939 3924 3938
f 3940 3925 3939
f 3941 3926 3940
f 3942 3927 3941
f 3943 3928 3942
f 3944 3929 3943
f 3945 3930 3944
f 3946 3931 3945
f 3947 3932 3946
f 3948 3933 3947
f 3949 3934 3948
f 3950 3935 3949
f 3951 3936 3950
f 3762 3747 3951
f 3952 3204 3222
f 3953 3937 3952
f 3954 3938 3953
f 3955 3939 3954
f 3956 3940 3955
f 3957 3941 3956
f 3958 3942 3957
f 3959 3943 3958
f 3960 3944 3959
f 3961 3945 3960
f 3962 3946 3961
f 3963 3947 3962
f 3964 3948 3963
f 3965 3949 3964
f 3966 3950 3965
f 3967 3951 3966
f 3778 3762 3967
f 3968 3222 3241
f 3969 3952 3968
f 3970 3953 3969
f 3971 3954 3970
f 3972 3955 3971
f 3973 3956 3972
f 3974 3957 3973
f 3975 3958 3974
f 3976 3959 3975
f 3977 3960 3976
f 3978 3961 3977
f 3979 3962 3978
f 3980 3963 3979
f 3981 3964 3980
f 3982 3965 3981
f 3983 3966 3982
f 3984 3967 3983
f 3795 3778 3984
f 3985 3241 3261
f 3986 3968 3985
f 3987 3969 3986
f 3988 3970 3987
f 3989 3971 3988
f 3990 3972 3989
f 3991 3973 3990
f 3992 3974 3991
f 3993 3975 3992
f 3994 3976 3993
f 3995 3977 3994
f 3996 3978 3995
f 3997 3979 3996
f 3998 3980 3997
f 3999 3981 3998
f 4000 3982 3999
f 4001 3983 4000
f 4002 3984 4001
f 3813 3795 4002
f 2481 3261 1261
f 2480 3985 2481
f 2479 3986 2480
f 2478 3987 2479
f 2477 3988 2478
f 2476 3989 2477
f 2475 3990 2476
f 2474 3991 2475
f 2473 3992 2474
f 2472 3993 2473
f 2471 3994 2472
f 2470 3995 2471
f 2469 3996 2470
f 2468 3997 2469
f 2467 3998 2468
f 2466 3999 2467
f 2465 4000 2466
f 2464 4001 2465
f 2463 4002 2464
f 1471 3813 2463
f 3642 3054 3832
f 3832 3057 3833
f 3643 3832 3834
f 3833 3061 3835
f 3834 3833 3836
f 3645 3834 3837
f 3835 3066 3838
f 3836 3835 3839
f 3837 3836 3840
f 3648 3837 3841
f 3838 3072 3842
f 3839 3838 3843
f 3840 3839 3844
f 3841 3840 3845
f 3652 3841 3846
f 3842 3079 3847
f 3843 3842 3848
f 3844 3843 3849
f 3845 3844 3850
f 3846 3845 3851
f 3657 3846 3852
f 3847 3087 3853
f 3848 3847 3854
f 3849 3848 3855
f 3850 3849 3856
f 3851 3850 3857
f 3852 3851 3858
f 3663 3852 3859
f 3853 3096 3860
f 3854 3853 3861
f 3855 3854 3862
f 3856 3855 3863
f 3857 3856 3864
f 3858 3857 3865
f 3859 3858 3866
f 3670 3859 3867
f 3860 3106 3868
f 3861 3860 3869
f 3862 3861 3870
f 3863 3862 3871
f 3864 3863 3872
f 3865 3864 3873
f 3866 3865 3874
f 3867 3866 3875
f 3678 3867 3876
f 3868 3117 3877
f 3869 3868 3878
f 3870 3869 3879
f 3871 3870 3880
f 3872 3871 3881
f 3873 3872 3882
f 3874 3873 3883
f 3875 3874 3884
f 3876 3875 3885
f 3687 3876 3886
f 3877 3129 3887
f 3878 3877 3888
f 3879 3878 3889
f 3880 3879 3890
f 3881 3880 3891
f 3882 3881 3892
f 3883 3882 3893
f 3884 3883 3894
f 3885 3884 3895
f 3886 3885 3896
f 3697 3886 3897
f 3887 3142 3898
f 3888 3887 3899
f 3889 3888 3900
f 3890 3889 3901
f 3891 3890 3902
f 3892 3891 3903
f 3893 3892 3904
f 3894 3893 3905
f 3895 3894 3906
f 3896 3895 3907
f 3897 3896 3908
f 3708 3897 3909
f 3898 3156 3910
f 3899 3898 3911
f 3900 3899 3912
f 3901 3900 3913
f 3902 3901 3914
f 3903 3902 3915
f 3904 3903 3916
f 3905 3904 3917
f 3906 3905 3918
f 3907 3906 3919
f 3908 3907 3920
f 3909 3908 3921
f 3720 3909 3922
f 3910 3171 3923
f 3911 3910 3924
f 3912 3911 3925
f 3913 3912 3926
f 3914 3913 3927
f 3915 3914 3928
f 3916 3915 3929
f 3917 3916 3930
f 3918 3917 3931
f 3919 3918 3932
f 3920 3919 3933
f 3921 3920 3934
f 3922 3921 3935
f 3733 3922 3936
f 3923 3187 3937
f 3924 3923 3938
f 3925 3924 3939
f 3926 3925 3940
f 3927 3926 3941
f 3928 3927 3942
f 3929 3928 3943
f 3930 3929 3944
f 3931 3930 3945
f 3932 3931 3946
f 3933 3932 3947
f 3934 3933 3948
f 3935 3934 3949
f 3936 3935 3950
f 3747 3936 3951
f 3937 3204 3952
f 3938 3937 3953
f 3939 3938 3954
f 3940 3939 3955
f 3941 3940 3956
f 3942 3941 3957
f 3943 3942 3958
f 3944 3943 3959
f 3945 3944 3960
f 3946 3945 3961
f 3947 3946 3962
f 3948 3947 3963
f 3949 3948 3964
f 3950 3949 3965
f 3951 3950 3966
f 3762 3951 3967
f 3952 3222 3968
f 3953 3952 3969
f 3954 3953 3970
f 3955 3954 3971
f 3956 3955 3972
f 3957 3956 3973
f 3958 3957 3974
f 3959 3958 3975
f 3960 3959 3976
f 3961 3960 3977
f 3962 3961 3978
f 3963 3962 3979
f 3964 3963 3980
f 3965 3964 3981
f 3966 3965 3982
f 3967 3966 3983
f 3778 3967 3984
f 3968 3241 3985
f 3969 3968 3986
f 3970 3969 3987
f 3971 3970 3988
f 3972 3971 3989
f 3973 3972 3990
f 3974 3973 3991
f 3975 3974 3992
f 3976 3975 3993
f 3977 3976 3994
f 3978 3977 3995
f 3979 3978 3996
f 3980 3979 3997
f 3981 3980 3998
f 3982 3981 3999
f 3983 3982 4000
f 3984 3983 4001
f 3795 3984 4002
f 3985 3261 2481
f 3986 3985 2480
f 3987 3986 2479
f 3988 3987 2478
f 3989 3988 2477
f 3990 3989 2476
f 3991 3990 2475
f 3992 3991 2474
f 3993 3992 2473
f 3994 3993 2472
f 3995 3994 2471
f 3996 3995 2470
f 3997 3996 2469
f 3998 3997 2468
f 3999 3998 2467
f 4000 3999 2466
f 4001 4000 2465
f 4002 4001 2464
f 3813 4002 2463
